[2026-07-28 18:06:51] local.ERROR: Definí SEED_ADMIN_PASSWORD antes de ejecutar DatabaseSeeder. {"exception":"[object] (RuntimeException(code: 0): Definí SEED_ADMIN_PASSWORD antes de ejecutar DatabaseSeeder. at D:/Eureka/EducatioWeb/EducatioWeb_PriSec-main/database/seeders/UsersSeeder.php:18)
[stacktrace]
#0 D:/Eureka/EducatioWeb/EducatioWeb_PriSec-main/vendor/laravel/framework/src/Illuminate/Container/BoundMethod.php(36): Database/Seeders/UsersSeeder->run()
#1 D:/Eureka/EducatioWeb/EducatioWeb_PriSec-main/vendor/laravel/framework/src/Illuminate/Container/Util.php(43): Illuminate/Container/BoundMethod::Illuminate/Container/{closure}()
#2 D:/Eureka/EducatioWeb/EducatioWeb_PriSec-main/vendor/laravel/framework/src/Illuminate/Container/BoundMethod.php(96): Illuminate/Container/Util::unwrapIfClosure(Object(Closure))
#3 D:/Eureka/EducatioWeb/EducatioWeb_PriSec-main/vendor/laravel/framework/src/Illuminate/Container/BoundMethod.php(35): Illuminate/Container/BoundMethod::callBoundMethod(Object(Illuminate/Foundation/Application), Array, Object(Closure))
#4 D:/Eureka/EducatioWeb/EducatioWeb_PriSec-main/vendor/laravel/framework/src/Illuminate/Container/Container.php(799): Illuminate/Container/BoundMethod::call(Object(Illuminate/Foundation/Application), Array, Array, NULL)
#5 D:/Eureka/EducatioWeb/EducatioWeb_PriSec-main/vendor/laravel/framework/src/Illuminate/Database/Seeder.php(184): Illuminate/Container/Container->call(Array, Array)
#6 D:/Eureka/EducatioWeb/EducatioWeb_PriSec-main/vendor/laravel/framework/src/Illuminate/Database/Eloquent/Concerns/HasEvents.php(454): Illuminate/Database/Seeder->Illuminate/Database/{closure}()
#7 D:/Eureka/EducatioWeb/EducatioWeb_PriSec-main/vendor/laravel/framework/src/Illuminate/Database/Console/Seeds/WithoutModelEvents.php(17): Illuminate/Database/Eloquent/Model::withoutEvents(Object(Closure))
#8 D:/Eureka/EducatioWeb/EducatioWeb_PriSec-main/vendor/laravel/framework/src/Illuminate/Database/Seeder.php(191): Database/Seeders/UsersSeeder->Illuminate/Database/Console/Seeds/{closure}()
#9 D:/Eureka/EducatioWeb/EducatioWeb_PriSec-main/vendor/laravel/framework/src/Illuminate/Database/Seeder.php(59): Illuminate/Database/Seeder->__invoke(Array)
#10 D:/Eureka/EducatioWeb/EducatioWeb_PriSec-main/database/seeders/DatabaseSeeder.php(17): Illuminate/Database/Seeder->call('Database//Seeder...')
#11 D:/Eureka/EducatioWeb/EducatioWeb_PriSec-main/vendor/laravel/framework/src/Illuminate/Container/BoundMethod.php(36): Database/Seeders/DatabaseSeeder->run()
#12 D:/Eureka/EducatioWeb/EducatioWeb_PriSec-main/vendor/laravel/framework/src/Illuminate/Container/Util.php(43): Illuminate/Container/BoundMethod::Illuminate/Container/{closure}()
#13 D:/Eureka/EducatioWeb/EducatioWeb_PriSec-main/vendor/laravel/framework/src/Illuminate/Container/BoundMethod.php(96): Illuminate/Container/Util::unwrapIfClosure(Object(Closure))
#14 D:/Eureka/EducatioWeb/EducatioWeb_PriSec-main/vendor/laravel/framework/src/Illuminate/Container/BoundMethod.php(35): Illuminate/Container/BoundMethod::callBoundMethod(Object(Illuminate/Foundation/Application), Array, Object(Closure))
#15 D:/Eureka/EducatioWeb/EducatioWeb_PriSec-main/vendor/laravel/framework/src/Illuminate/Container/Container.php(799): Illuminate/Container/BoundMethod::call(Object(Illuminate/Foundation/Application), Array, Array, NULL)
#16 D:/Eureka/EducatioWeb/EducatioWeb_PriSec-main/vendor/laravel/framework/src/Illuminate/Database/Seeder.php(184): Illuminate/Container/Container->call(Array, Array)
#17 D:/Eureka/EducatioWeb/EducatioWeb_PriSec-main/vendor/laravel/framework/src/Illuminate/Database/Eloquent/Concerns/HasEvents.php(454): Illuminate/Database/Seeder->Illuminate/Database/{closure}()
#18 D:/Eureka/EducatioWeb/EducatioWeb_PriSec-main/vendor/laravel/framework/src/Illuminate/Database/Console/Seeds/WithoutModelEvents.php(17): Illuminate/Database/Eloquent/Model::withoutEvents(Object(Closure))
#19 D:/Eureka/EducatioWeb/EducatioWeb_PriSec-main/vendor/laravel/framework/src/Illuminate/Database/Seeder.php(191): Database/Seeders/DatabaseSeeder->Illuminate/Database/Console/Seeds/{closure}()
#20 D:/Eureka/EducatioWeb/EducatioWeb_PriSec-main/vendor/laravel/framework/src/Illuminate/Database/Console/Seeds/SeedCommand.php(71): Illuminate/Database/Seeder->__invoke()
#21 D:/Eureka/EducatioWeb/EducatioWeb_PriSec-main/vendor/laravel/framework/src/Illuminate/Database/Eloquent/Concerns/GuardsAttributes.php(185): Illuminate/Database/Console/Seeds/SeedCommand->Illuminate/Database/Console/Seeds/{closure}()
#22 D:/Eureka/EducatioWeb/EducatioWeb_PriSec-main/vendor/laravel/framework/src/Illuminate/Database/Console/Seeds/SeedCommand.php(70): Illuminate/Database/Eloquent/Model::unguarded(Object(Closure))
#23 D:/Eureka/EducatioWeb/EducatioWeb_PriSec-main/vendor/laravel/framework/src/Illuminate/Container/BoundMethod.php(36): Illuminate/Database/Console/Seeds/SeedCommand->handle()
#24 D:/Eureka/EducatioWeb/EducatioWeb_PriSec-main/vendor/laravel/framework/src/Illuminate/Container/Util.php(43): Illuminate/Container/BoundMethod::Illuminate/Container/{closure}()
#25 D:/Eureka/EducatioWeb/EducatioWeb_PriSec-main/vendor/laravel/framework/src/Illuminate/Container/BoundMethod.php(96): Illuminate/Container/Util::unwrapIfClosure(Object(Closure))
#26 D:/Eureka/EducatioWeb/EducatioWeb_PriSec-main/vendor/laravel/framework/src/Illuminate/Container/BoundMethod.php(35): Illuminate/Container/BoundMethod::callBoundMethod(Object(Illuminate/Foundation/Application), Array, Object(Closure))
#27 D:/Eureka/EducatioWeb/EducatioWeb_PriSec-main/vendor/laravel/framework/src/Illuminate/Container/Container.php(799): Illuminate/Container/BoundMethod::call(Object(Illuminate/Foundation/Application), Array, Array, NULL)
#28 D:/Eureka/EducatioWeb/EducatioWeb_PriSec-main/vendor/laravel/framework/src/Illuminate/Console/Command.php(280): Illuminate/Container/Container->call(Array)
#29 D:/Eureka/EducatioWeb/EducatioWeb_PriSec-main/vendor/symfony/console/Command/Command.php(341): Illuminate/Console/Command->execute(Object(Symfony/Component/Console/Input/ArrayInput), Object(Illuminate/Console/OutputStyle))
#30 D:/Eureka/EducatioWeb/EducatioWeb_PriSec-main/vendor/laravel/framework/src/Illuminate/Console/Command.php(249): Symfony/Component/Console/Command/Command->run(Object(Symfony/Component/Console/Input/ArrayInput), Object(Illuminate/Console/OutputStyle))
#31 D:/Eureka/EducatioWeb/EducatioWeb_PriSec-main/vendor/laravel/framework/src/Illuminate/Console/Concerns/CallsCommands.php(68): Illuminate/Console/Command->run(Object(Symfony/Component/Console/Input/ArrayInput), Object(Illuminate/Console/OutputStyle))
#32 D:/Eureka/EducatioWeb/EducatioWeb_PriSec-main/vendor/laravel/framework/src/Illuminate/Console/Concerns/CallsCommands.php(29): Illuminate/Console/Command->runCommand('db:seed', Array, Object(Illuminate/Console/OutputStyle))
#33 D:/Eureka/EducatioWeb/EducatioWeb_PriSec-main/vendor/laravel/framework/src/Illuminate/Database/Console/Migrations/FreshCommand.php(128): Illuminate/Console/Command->call('db:seed', Array)
#34 D:/Eureka/EducatioWeb/EducatioWeb_PriSec-main/vendor/laravel/framework/src/Illuminate/Database/Console/Migrations/FreshCommand.php(104): Illuminate/Database/Console/Migrations/FreshCommand->runSeeder(NULL)
#35 D:/Eureka/EducatioWeb/EducatioWeb_PriSec-main/vendor/laravel/framework/src/Illuminate/Container/BoundMethod.php(36): Illuminate/Database/Console/Migrations/FreshCommand->handle()
#36 D:/Eureka/EducatioWeb/EducatioWeb_PriSec-main/vendor/laravel/framework/src/Illuminate/Container/Util.php(43): Illuminate/Container/BoundMethod::Illuminate/Container/{closure}()
#37 D:/Eureka/EducatioWeb/EducatioWeb_PriSec-main/vendor/laravel/framework/src/Illuminate/Container/BoundMethod.php(96): Illuminate/Container/Util::unwrapIfClosure(Object(Closure))
#38 D:/Eureka/EducatioWeb/EducatioWeb_PriSec-main/vendor/laravel/framework/src/Illuminate/Container/BoundMethod.php(35): Illuminate/Container/BoundMethod::callBoundMethod(Object(Illuminate/Foundation/Application), Array, Object(Closure))
#39 D:/Eureka/EducatioWeb/EducatioWeb_PriSec-main/vendor/laravel/framework/src/Illuminate/Container/Container.php(799): Illuminate/Container/BoundMethod::call(Object(Illuminate/Foundation/Application), Array, Array, NULL)
#40 D:/Eureka/EducatioWeb/EducatioWeb_PriSec-main/vendor/laravel/framework/src/Illuminate/Console/Command.php(280): Illuminate/Container/Container->call(Array)
#41 D:/Eureka/EducatioWeb/EducatioWeb_PriSec-main/vendor/symfony/console/Command/Command.php(341): Illuminate/Console/Command->execute(Object(Symfony/Component/Console/Input/ArgvInput), Object(Illuminate/Console/OutputStyle))
#42 D:/Eureka/EducatioWeb/EducatioWeb_PriSec-main/vendor/laravel/framework/src/Illuminate/Console/Command.php(249): Symfony/Component/Console/Command/Command->run(Object(Symfony/Component/Console/Input/ArgvInput), Object(Illuminate/Console/OutputStyle))
#43 D:/Eureka/EducatioWeb/EducatioWeb_PriSec-main/vendor/symfony/console/Application.php(1117): Illuminate/Console/Command->run(Object(Symfony/Component/Console/Input/ArgvInput), Object(Symfony/Component/Console/Output/ConsoleOutput))
#44 D:/Eureka/EducatioWeb/EducatioWeb_PriSec-main/vendor/symfony/console/Application.php(356): Symfony/Component/Console/Application->doRunCommand(Object(Illuminate/Database/Console/Migrations/FreshCommand), Object(Symfony/Component/Console/Input/ArgvInput), Object(Symfony/Component/Console/Output/ConsoleOutput))
#45 D:/Eureka/EducatioWeb/EducatioWeb_PriSec-main/vendor/symfony/console/Application.php(195): Symfony/Component/Console/Application->doRun(Object(Symfony/Component/Console/Input/ArgvInput), Object(Symfony/Component/Console/Output/ConsoleOutput))
#46 D:/Eureka/EducatioWeb/EducatioWeb_PriSec-main/vendor/laravel/framework/src/Illuminate/Foundation/Console/Kernel.php(198): Symfony/Component/Console/Application->run(Object(Symfony/Component/Console/Input/ArgvInput), Object(Symfony/Component/Console/Output/ConsoleOutput))
#47 D:/Eureka/EducatioWeb/EducatioWeb_PriSec-main/vendor/laravel/framework/src/Illuminate/Foundation/Application.php(1235): Illuminate/Foundation/Console/Kernel->handle(Object(Symfony/Component/Console/Input/ArgvInput), Object(Symfony/Component/Console/Output/ConsoleOutput))
#48 D:/Eureka/EducatioWeb/EducatioWeb_PriSec-main/artisan(16): Illuminate/Foundation/Application->handleCommand(Object(Symfony/Component/Console/Input/ArgvInput))
#49 {main}
"} 
[2026-07-28 18:07:39] local.ERROR: Please provide a valid cache path. {"exception":"[object] (InvalidArgumentException(code: 0): Please provide a valid cache path. at D:/Eureka/EducatioWeb/EducatioWeb_PriSec-main/vendor/laravel/framework/src/Illuminate/View/Compilers/Compiler.php:75)
[stacktrace]
#0 D:/Eureka/EducatioWeb/EducatioWeb_PriSec-main/vendor/laravel/framework/src/Illuminate/View/ViewServiceProvider.php(97): Illuminate/View/Compilers/Compiler->__construct(Object(Illuminate/Filesystem/Filesystem), false, '', true, 'php', true)
#1 D:/Eureka/EducatioWeb/EducatioWeb_PriSec-main/vendor/laravel/framework/src/Illuminate/Container/Container.php(1118): Illuminate/View/ViewServiceProvider->Illuminate/View/{closure}(Object(Illuminate/Foundation/Application), Array)
#2 D:/Eureka/EducatioWeb/EducatioWeb_PriSec-main/vendor/laravel/framework/src/Illuminate/Container/Container.php(936): Illuminate/Container/Container->build(Object(Closure))
#3 D:/Eureka/EducatioWeb/EducatioWeb_PriSec-main/vendor/laravel/framework/src/Illuminate/Foundation/Application.php(1078): Illuminate/Container/Container->resolve('blade.compiler', Array, true)
#4 D:/Eureka/EducatioWeb/EducatioWeb_PriSec-main/vendor/laravel/framework/src/Illuminate/Container/Container.php(864): Illuminate/Foundation/Application->resolve('blade.compiler', Array)
#5 D:/Eureka/EducatioWeb/EducatioWeb_PriSec-main/vendor/laravel/framework/src/Illuminate/Foundation/Application.php(1058): Illuminate/Container/Container->make('blade.compiler', Array)
#6 D:/Eureka/EducatioWeb/EducatioWeb_PriSec-main/vendor/laravel/framework/src/Illuminate/View/ViewServiceProvider.php(169): Illuminate/Foundation/Application->make('blade.compiler')
#7 [internal function]: Illuminate/View/ViewServiceProvider->Illuminate/View/{closure}()
#8 D:/Eureka/EducatioWeb/EducatioWeb_PriSec-main/vendor/laravel/framework/src/Illuminate/View/Engines/EngineResolver.php(55): call_user_func(Object(Closure))
#9 D:/Eureka/EducatioWeb/EducatioWeb_PriSec-main/vendor/laravel/framework/src/Illuminate/View/Factory.php(325): Illuminate/View/Engines/EngineResolver->resolve('blade')
#10 D:/Eureka/EducatioWeb/EducatioWeb_PriSec-main/vendor/laravel/framework/src/Illuminate/View/Factory.php(287): Illuminate/View/Factory->getEngineFromPath('D://Eureka//Educa...')
#11 D:/Eureka/EducatioWeb/EducatioWeb_PriSec-main/vendor/laravel/framework/src/Illuminate/View/Factory.php(159): Illuminate/View/Factory->viewInstance('wayfinder::meth...', 'D://Eureka//Educa...', Array)
#12 D:/Eureka/EducatioWeb/EducatioWeb_PriSec-main/vendor/laravel/wayfinder/src/GenerateCommand.php(285): Illuminate/View/Factory->make('wayfinder::meth...', Array)
#13 D:/Eureka/EducatioWeb/EducatioWeb_PriSec-main/vendor/laravel/wayfinder/src/GenerateCommand.php(214): Laravel/Wayfinder/GenerateCommand->writeControllerMethodExport(Object(Laravel/Wayfinder/Route), 'D://Eureka//Educa...')
#14 D:/Eureka/EducatioWeb/EducatioWeb_PriSec-main/vendor/laravel/framework/src/Illuminate/Collections/Traits/EnumeratesValues.php(275): Laravel/Wayfinder/GenerateCommand->Laravel/Wayfinder/{closure}(Object(Illuminate/Support/Collection), 'create')
#15 D:/Eureka/EducatioWeb/EducatioWeb_PriSec-main/vendor/laravel/wayfinder/src/GenerateCommand.php(212): Illuminate/Support/Collection->each(Object(Closure))
#16 D:/Eureka/EducatioWeb/EducatioWeb_PriSec-main/vendor/laravel/framework/src/Illuminate/Collections/Traits/EnumeratesValues.php(275): Laravel/Wayfinder/GenerateCommand->writeControllerFile(Object(Illuminate/Support/Collection), 'Laravel.Fortify...')
#17 D:/Eureka/EducatioWeb/EducatioWeb_PriSec-main/vendor/laravel/wayfinder/src/GenerateCommand.php(80): Illuminate/Support/Collection->each(Object(Closure))
#18 D:/Eureka/EducatioWeb/EducatioWeb_PriSec-main/vendor/laravel/framework/src/Illuminate/Container/BoundMethod.php(36): Laravel/Wayfinder/GenerateCommand->handle()
#19 D:/Eureka/EducatioWeb/EducatioWeb_PriSec-main/vendor/laravel/framework/src/Illuminate/Container/Util.php(43): Illuminate/Container/BoundMethod::Illuminate/Container/{closure}()
#20 D:/Eureka/EducatioWeb/EducatioWeb_PriSec-main/vendor/laravel/framework/src/Illuminate/Container/BoundMethod.php(96): Illuminate/Container/Util::unwrapIfClosure(Object(Closure))
#21 D:/Eureka/EducatioWeb/EducatioWeb_PriSec-main/vendor/laravel/framework/src/Illuminate/Container/BoundMethod.php(35): Illuminate/Container/BoundMethod::callBoundMethod(Object(Illuminate/Foundation/Application), Array, Object(Closure))
#22 D:/Eureka/EducatioWeb/EducatioWeb_PriSec-main/vendor/laravel/framework/src/Illuminate/Container/Container.php(799): Illuminate/Container/BoundMethod::call(Object(Illuminate/Foundation/Application), Array, Array, NULL)
#23 D:/Eureka/EducatioWeb/EducatioWeb_PriSec-main/vendor/laravel/framework/src/Illuminate/Console/Command.php(280): Illuminate/Container/Container->call(Array)
#24 D:/Eureka/EducatioWeb/EducatioWeb_PriSec-main/vendor/symfony/console/Command/Command.php(341): Illuminate/Console/Command->execute(Object(Symfony/Component/Console/Input/ArgvInput), Object(Illuminate/Console/OutputStyle))
#25 D:/Eureka/EducatioWeb/EducatioWeb_PriSec-main/vendor/laravel/framework/src/Illuminate/Console/Command.php(249): Symfony/Component/Console/Command/Command->run(Object(Symfony/Component/Console/Input/ArgvInput), Object(Illuminate/Console/OutputStyle))
#26 D:/Eureka/EducatioWeb/EducatioWeb_PriSec-main/vendor/symfony/console/Application.php(1117): Illuminate/Console/Command->run(Object(Symfony/Component/Console/Input/ArgvInput), Object(Symfony/Component/Console/Output/ConsoleOutput))
#27 D:/Eureka/EducatioWeb/EducatioWeb_PriSec-main/vendor/symfony/console/Application.php(356): Symfony/Component/Console/Application->doRunCommand(Object(Laravel/Wayfinder/GenerateCommand), Object(Symfony/Component/Console/Input/ArgvInput), Object(Symfony/Component/Console/Output/ConsoleOutput))
#28 D:/Eureka/EducatioWeb/EducatioWeb_PriSec-main/vendor/symfony/console/Application.php(195): Symfony/Component/Console/Application->doRun(Object(Symfony/Component/Console/Input/ArgvInput), Object(Symfony/Component/Console/Output/ConsoleOutput))
#29 D:/Eureka/EducatioWeb/EducatioWeb_PriSec-main/vendor/laravel/framework/src/Illuminate/Foundation/Console/Kernel.php(198): Symfony/Component/Console/Application->run(Object(Symfony/Component/Console/Input/ArgvInput), Object(Symfony/Component/Console/Output/ConsoleOutput))
#30 D:/Eureka/EducatioWeb/EducatioWeb_PriSec-main/vendor/laravel/framework/src/Illuminate/Foundation/Application.php(1235): Illuminate/Foundation/Console/Kernel->handle(Object(Symfony/Component/Console/Input/ArgvInput), Object(Symfony/Component/Console/Output/ConsoleOutput))
#31 D:/Eureka/EducatioWeb/EducatioWeb_PriSec-main/artisan(16): Illuminate/Foundation/Application->handleCommand(Object(Symfony/Component/Console/Input/ArgvInput))
#32 {main}
"} 
[2026-07-28 18:07:39] local.ERROR: Please provide a valid cache path. {"exception":"[object] (InvalidArgumentException(code: 0): Please provide a valid cache path. at D:/Eureka/EducatioWeb/EducatioWeb_PriSec-main/vendor/laravel/framework/src/Illuminate/View/Compilers/Compiler.php:75)
[stacktrace]
#0 D:/Eureka/EducatioWeb/EducatioWeb_PriSec-main/vendor/laravel/framework/src/Illuminate/View/ViewServiceProvider.php(97): Illuminate/View/Compilers/Compiler->__construct(Object(Illuminate/Filesystem/Filesystem), false, '', true, 'php', true)
#1 D:/Eureka/EducatioWeb/EducatioWeb_PriSec-main/vendor/laravel/framework/src/Illuminate/Container/Container.php(1118): Illuminate/View/ViewServiceProvider->Illuminate/View/{closure}(Object(Illuminate/Foundation/Application), Array)
#2 D:/Eureka/EducatioWeb/EducatioWeb_PriSec-main/vendor/laravel/framework/src/Illuminate/Container/Container.php(936): Illuminate/Container/Container->build(Object(Closure))
#3 D:/Eureka/EducatioWeb/EducatioWeb_PriSec-main/vendor/laravel/framework/src/Illuminate/Foundation/Application.php(1078): Illuminate/Container/Container->resolve('blade.compiler', Array, true)
#4 D:/Eureka/EducatioWeb/EducatioWeb_PriSec-main/vendor/laravel/framework/src/Illuminate/Container/Container.php(864): Illuminate/Foundation/Application->resolve('blade.compiler', Array)
#5 D:/Eureka/EducatioWeb/EducatioWeb_PriSec-main/vendor/laravel/framework/src/Illuminate/Foundation/Application.php(1058): Illuminate/Container/Container->make('blade.compiler', Array)
#6 D:/Eureka/EducatioWeb/EducatioWeb_PriSec-main/vendor/laravel/framework/src/Illuminate/View/ViewServiceProvider.php(169): Illuminate/Foundation/Application->make('blade.compiler')
#7 [internal function]: Illuminate/View/ViewServiceProvider->Illuminate/View/{closure}()
#8 D:/Eureka/EducatioWeb/EducatioWeb_PriSec-main/vendor/laravel/framework/src/Illuminate/View/Engines/EngineResolver.php(55): call_user_func(Object(Closure))
#9 D:/Eureka/EducatioWeb/EducatioWeb_PriSec-main/vendor/laravel/framework/src/Illuminate/View/Factory.php(325): Illuminate/View/Engines/EngineResolver->resolve('blade')
#10 D:/Eureka/EducatioWeb/EducatioWeb_PriSec-main/vendor/laravel/framework/src/Illuminate/View/Factory.php(287): Illuminate/View/Factory->getEngineFromPath('D://Eureka//Educa...')
#11 D:/Eureka/EducatioWeb/EducatioWeb_PriSec-main/vendor/laravel/framework/src/Illuminate/View/Factory.php(159): Illuminate/View/Factory->viewInstance('app', 'D://Eureka//Educa...', Array)
#12 D:/Eureka/EducatioWeb/EducatioWeb_PriSec-main/vendor/laravel/framework/src/Illuminate/Routing/ResponseFactory.php(91): Illuminate/View/Factory->make('app', Array)
#13 D:/Eureka/EducatioWeb/EducatioWeb_PriSec-main/vendor/laravel/framework/src/Illuminate/Support/Facades/Facade.php(363): Illuminate/Routing/ResponseFactory->view('app', Array)
#14 D:/Eureka/EducatioWeb/EducatioWeb_PriSec-main/vendor/inertiajs/inertia-laravel/src/Response.php(211): Illuminate/Support/Facades/Facade::__callStatic('view', Array)
#15 D:/Eureka/EducatioWeb/EducatioWeb_PriSec-main/vendor/laravel/framework/src/Illuminate/Routing/Router.php(921): Inertia/Response->toResponse(Object(Illuminate/Http/Request))
#16 D:/Eureka/EducatioWeb/EducatioWeb_PriSec-main/vendor/laravel/framework/src/Illuminate/Routing/Router.php(906): Illuminate/Routing/Router::toResponse(Object(Illuminate/Http/Request), Object(Inertia/Response))
#17 D:/Eureka/EducatioWeb/EducatioWeb_PriSec-main/vendor/laravel/framework/src/Illuminate/Routing/Router.php(821): Illuminate/Routing/Router->prepareResponse(Object(Illuminate/Http/Request), Object(Inertia/Response))
#18 D:/Eureka/EducatioWeb/EducatioWeb_PriSec-main/vendor/laravel/framework/src/Illuminate/Pipeline/Pipeline.php(180): Illuminate/Routing/Router->Illuminate/Routing/{closure}(Object(Illuminate/Http/Request))
#19 D:/Eureka/EducatioWeb/EducatioWeb_PriSec-main/vendor/laravel/boost/src/Middleware/InjectBoost.php(22): Illuminate/Pipeline/Pipeline->Illuminate/Pipeline/{closure}(Object(Illuminate/Http/Request))
#20 D:/Eureka/EducatioWeb/EducatioWeb_PriSec-main/vendor/laravel/framework/src/Illuminate/Pipeline/Pipeline.php(219): Laravel/Boost/Middleware/InjectBoost->handle(Object(Illuminate/Http/Request), Object(Closure))
#21 D:/Eureka/EducatioWeb/EducatioWeb_PriSec-main/vendor/laravel/framework/src/Illuminate/Http/Middleware/AddLinkHeadersForPreloadedAssets.php(32): Illuminate/Pipeline/Pipeline->Illuminate/Pipeline/{closure}(Object(Illuminate/Http/Request))
#22 D:/Eureka/EducatioWeb/EducatioWeb_PriSec-main/vendor/laravel/framework/src/Illuminate/Pipeline/Pipeline.php(219): Illuminate/Http/Middleware/AddLinkHeadersForPreloadedAssets->handle(Object(Illuminate/Http/Request), Object(Closure))
#23 D:/Eureka/EducatioWeb/EducatioWeb_PriSec-main/vendor/inertiajs/inertia-laravel/src/Middleware.php(138): Illuminate/Pipeline/Pipeline->Illuminate/Pipeline/{closure}(Object(Illuminate/Http/Request))
#24 D:/Eureka/EducatioWeb/EducatioWeb_PriSec-main/vendor/laravel/framework/src/Illuminate/Pipeline/Pipeline.php(219): Inertia/Middleware->handle(Object(Illuminate/Http/Request), Object(Closure))
#25 D:/Eureka/EducatioWeb/EducatioWeb_PriSec-main/app/Http/Middleware/HandleAppearance.php(21): Illuminate/Pipeline/Pipeline->Illuminate/Pipeline/{closure}(Object(Illuminate/Http/Request))
#26 D:/Eureka/EducatioWeb/EducatioWeb_PriSec-main/vendor/laravel/framework/src/Illuminate/Pipeline/Pipeline.php(219): App/Http/Middleware/HandleAppearance->handle(Object(Illuminate/Http/Request), Object(Closure))
#27 D:/Eureka/EducatioWeb/EducatioWeb_PriSec-main/vendor/laravel/framework/src/Illuminate/Routing/Middleware/SubstituteBindings.php(52): Illuminate/Pipeline/Pipeline->Illuminate/Pipeline/{closure}(Object(Illuminate/Http/Request))
#28 D:/Eureka/EducatioWeb/EducatioWeb_PriSec-main/vendor/laravel/framework/src/Illuminate/Pipeline/Pipeline.php(219): Illuminate/Routing/Middleware/SubstituteBindings->handle(Object(Illuminate/Http/Request), Object(Closure))
#29 D:/Eureka/EducatioWeb/EducatioWeb_PriSec-main/vendor/laravel/framework/src/Illuminate/Foundation/Http/Middleware/PreventRequestForgery.php(104): Illuminate/Pipeline/Pipeline->Illuminate/Pipeline/{closure}(Object(Illuminate/Http/Request))
#30 D:/Eureka/EducatioWeb/EducatioWeb_PriSec-main/vendor/laravel/framework/src/Illuminate/Pipeline/Pipeline.php(219): Illuminate/Foundation/Http/Middleware/PreventRequestForgery->handle(Object(Illuminate/Http/Request), Object(Closure))
#31 D:/Eureka/EducatioWeb/EducatioWeb_PriSec-main/vendor/laravel/framework/src/Illuminate/View/Middleware/ShareErrorsFromSession.php(48): Illuminate/Pipeline/Pipeline->Illuminate/Pipeline/{closure}(Object(Illuminate/Http/Request))
#32 D:/Eureka/EducatioWeb/EducatioWeb_PriSec-main/vendor/laravel/framework/src/Illuminate/Pipeline/Pipeline.php(219): Illuminate/View/Middleware/ShareErrorsFromSession->handle(Object(Illuminate/Http/Request), Object(Closure))
#33 D:/Eureka/EducatioWeb/EducatioWeb_PriSec-main/vendor/laravel/framework/src/Illuminate/Session/Middleware/StartSession.php(120): Illuminate/Pipeline/Pipeline->Illuminate/Pipeline/{closure}(Object(Illuminate/Http/Request))
#34 D:/Eureka/EducatioWeb/EducatioWeb_PriSec-main/vendor/laravel/framework/src/Illuminate/Session/Middleware/StartSession.php(63): Illuminate/Session/Middleware/StartSession->handleStatefulRequest(Object(Illuminate/Http/Request), Object(Illuminate/Session/Store), Object(Closure))
#35 D:/Eureka/EducatioWeb/EducatioWeb_PriSec-main/vendor/laravel/framework/src/Illuminate/Pipeline/Pipeline.php(219): Illuminate/Session/Middleware/StartSession->handle(Object(Illuminate/Http/Request), Object(Closure))
#36 D:/Eureka/EducatioWeb/EducatioWeb_PriSec-main/vendor/laravel/framework/src/Illuminate/Cookie/Middleware/AddQueuedCookiesToResponse.php(36): Illuminate/Pipeline/Pipeline->Illuminate/Pipeline/{closure}(Object(Illuminate/Http/Request))
#37 D:/Eureka/EducatioWeb/EducatioWeb_PriSec-main/vendor/laravel/framework/src/Illuminate/Pipeline/Pipeline.php(219): Illuminate/Cookie/Middleware/AddQueuedCookiesToResponse->handle(Object(Illuminate/Http/Request), Object(Closure))
#38 D:/Eureka/EducatioWeb/EducatioWeb_PriSec-main/vendor/laravel/framework/src/Illuminate/Cookie/Middleware/EncryptCookies.php(74): Illuminate/Pipeline/Pipeline->Illuminate/Pipeline/{closure}(Object(Illuminate/Http/Request))
#39 D:/Eureka/EducatioWeb/EducatioWeb_PriSec-main/vendor/laravel/framework/src/Illuminate/Pipeline/Pipeline.php(219): Illuminate/Cookie/Middleware/EncryptCookies->handle(Object(Illuminate/Http/Request), Object(Closure))
#40 D:/Eureka/EducatioWeb/EducatioWeb_PriSec-main/vendor/laravel/framework/src/Illuminate/Pipeline/Pipeline.php(137): Illuminate/Pipeline/Pipeline->Illuminate/Pipeline/{closure}(Object(Illuminate/Http/Request))
#41 D:/Eureka/EducatioWeb/EducatioWeb_PriSec-main/vendor/laravel/framework/src/Illuminate/Routing/Router.php(821): Illuminate/Pipeline/Pipeline->then(Object(Closure))
#42 D:/Eureka/EducatioWeb/EducatioWeb_PriSec-main/vendor/laravel/framework/src/Illuminate/Routing/Router.php(800): Illuminate/Routing/Router->runRouteWithinStack(Object(Illuminate/Routing/Route), Object(Illuminate/Http/Request))
#43 D:/Eureka/EducatioWeb/EducatioWeb_PriSec-main/vendor/laravel/framework/src/Illuminate/Routing/Router.php(764): Illuminate/Routing/Router->runRoute(Object(Illuminate/Http/Request), Object(Illuminate/Routing/Route))
#44 D:/Eureka/EducatioWeb/EducatioWeb_PriSec-main/vendor/laravel/framework/src/Illuminate/Routing/Router.php(753): Illuminate/Routing/Router->dispatchToRoute(Object(Illuminate/Http/Request))
#45 D:/Eureka/EducatioWeb/EducatioWeb_PriSec-main/vendor/laravel/framework/src/Illuminate/Foundation/Http/Kernel.php(200): Illuminate/Routing/Router->dispatch(Object(Illuminate/Http/Request))
#46 D:/Eureka/EducatioWeb/EducatioWeb_PriSec-main/vendor/laravel/framework/src/Illuminate/Pipeline/Pipeline.php(180): Illuminate/Foundation/Http/Kernel->Illuminate/Foundation/Http/{closure}(Object(Illuminate/Http/Request))
#47 D:/Eureka/EducatioWeb/EducatioWeb_PriSec-main/vendor/inertiajs/inertia-laravel/src/Middleware/EnsureGetOnRedirect.php(19): Illuminate/Pipeline/Pipeline->Illuminate/Pipeline/{closure}(Object(Illuminate/Http/Request))
#48 D:/Eureka/EducatioWeb/EducatioWeb_PriSec-main/vendor/laravel/framework/src/Illuminate/Pipeline/Pipeline.php(219): Inertia/Middleware/EnsureGetOnRedirect->handle(Object(Illuminate/Http/Request), Object(Closure))
#49 D:/Eureka/EducatioWeb/EducatioWeb_PriSec-main/vendor/laravel/framework/src/Illuminate/Foundation/Http/Middleware/TransformsRequest.php(21): Illuminate/Pipeline/Pipeline->Illuminate/Pipeline/{closure}(Object(Illuminate/Http/Request))
#50 D:/Eureka/EducatioWeb/EducatioWeb_PriSec-main/vendor/laravel/framework/src/Illuminate/Foundation/Http/Middleware/ConvertEmptyStringsToNull.php(31): Illuminate/Foundation/Http/Middleware/TransformsRequest->handle(Object(Illuminate/Http/Request), Object(Closure))
#51 D:/Eureka/EducatioWeb/EducatioWeb_PriSec-main/vendor/laravel/framework/src/Illuminate/Pipeline/Pipeline.php(219): Illuminate/Foundation/Http/Middleware/ConvertEmptyStringsToNull->handle(Object(Illuminate/Http/Request), Object(Closure))
#52 D:/Eureka/EducatioWeb/EducatioWeb_PriSec-main/vendor/laravel/framework/src/Illuminate/Foundation/Http/Middleware/TransformsRequest.php(21): Illuminate/Pipeline/Pipeline->Illuminate/Pipeline/{closure}(Object(Illuminate/Http/Request))
#53 D:/Eureka/EducatioWeb/EducatioWeb_PriSec-main/vendor/laravel/framework/src/Illuminate/Foundation/Http/Middleware/TrimStrings.php(51): Illuminate/Foundation/Http/Middleware/TransformsRequest->handle(Object(Illuminate/Http/Request), Object(Closure))
#54 D:/Eureka/EducatioWeb/EducatioWeb_PriSec-main/vendor/laravel/framework/src/Illuminate/Pipeline/Pipeline.php(219): Illuminate/Foundation/Http/Middleware/TrimStrings->handle(Object(Illuminate/Http/Request), Object(Closure))
#55 D:/Eureka/EducatioWeb/EducatioWeb_PriSec-main/vendor/laravel/framework/src/Illuminate/Http/Middleware/ValidatePostSize.php(27): Illuminate/Pipeline/Pipeline->Illuminate/Pipeline/{closure}(Object(Illuminate/Http/Request))
#56 D:/Eureka/EducatioWeb/EducatioWeb_PriSec-main/vendor/laravel/framework/src/Illuminate/Pipeline/Pipeline.php(219): Illuminate/Http/Middleware/ValidatePostSize->handle(Object(Illuminate/Http/Request), Object(Closure))
#57 D:/Eureka/EducatioWeb/EducatioWeb_PriSec-main/vendor/laravel/framework/src/Illuminate/Foundation/Http/Middleware/PreventRequestsDuringMaintenance.php(109): Illuminate/Pipeline/Pipeline->Illuminate/Pipeline/{closure}(Object(Illuminate/Http/Request))
#58 D:/Eureka/EducatioWeb/EducatioWeb_PriSec-main/vendor/laravel/framework/src/Illuminate/Pipeline/Pipeline.php(219): Illuminate/Foundation/Http/Middleware/PreventRequestsDuringMaintenance->handle(Object(Illuminate/Http/Request), Object(Closure))
#59 D:/Eureka/EducatioWeb/EducatioWeb_PriSec-main/vendor/laravel/framework/src/Illuminate/Http/Middleware/HandleCors.php(61): Illuminate/Pipeline/Pipeline->Illuminate/Pipeline/{closure}(Object(Illuminate/Http/Request))
#60 D:/Eureka/EducatioWeb/EducatioWeb_PriSec-main/vendor/laravel/framework/src/Illuminate/Pipeline/Pipeline.php(219): Illuminate/Http/Middleware/HandleCors->handle(Object(Illuminate/Http/Request), Object(Closure))
#61 D:/Eureka/EducatioWeb/EducatioWeb_PriSec-main/vendor/laravel/framework/src/Illuminate/Http/Middleware/TrustProxies.php(58): Illuminate/Pipeline/Pipeline->Illuminate/Pipeline/{closure}(Object(Illuminate/Http/Request))
#62 D:/Eureka/EducatioWeb/EducatioWeb_PriSec-main/vendor/laravel/framework/src/Illuminate/Pipeline/Pipeline.php(219): Illuminate/Http/Middleware/TrustProxies->handle(Object(Illuminate/Http/Request), Object(Closure))
#63 D:/Eureka/EducatioWeb/EducatioWeb_PriSec-main/vendor/laravel/framework/src/Illuminate/Foundation/Http/Middleware/InvokeDeferredCallbacks.php(22): Illuminate/Pipeline/Pipeline->Illuminate/Pipeline/{closure}(Object(Illuminate/Http/Request))
#64 D:/Eureka/EducatioWeb/EducatioWeb_PriSec-main/vendor/laravel/framework/src/Illuminate/Pipeline/Pipeline.php(219): Illuminate/Foundation/Http/Middleware/InvokeDeferredCallbacks->handle(Object(Illuminate/Http/Request), Object(Closure))
#65 D:/Eureka/EducatioWeb/EducatioWeb_PriSec-main/vendor/laravel/framework/src/Illuminate/Http/Middleware/ValidatePathEncoding.php(28): Illuminate/Pipeline/Pipeline->Illuminate/Pipeline/{closure}(Object(Illuminate/Http/Request))
#66 D:/Eureka/EducatioWeb/EducatioWeb_PriSec-main/vendor/laravel/framework/src/Illuminate/Pipeline/Pipeline.php(219): Illuminate/Http/Middleware/ValidatePathEncoding->handle(Object(Illuminate/Http/Request), Object(Closure))
#67 D:/Eureka/EducatioWeb/EducatioWeb_PriSec-main/vendor/laravel/framework/src/Illuminate/Pipeline/Pipeline.php(137): Illuminate/Pipeline/Pipeline->Illuminate/Pipeline/{closure}(Object(Illuminate/Http/Request))
#68 D:/Eureka/EducatioWeb/EducatioWeb_PriSec-main/vendor/laravel/framework/src/Illuminate/Foundation/Http/Kernel.php(175): Illuminate/Pipeline/Pipeline->then(Object(Closure))
#69 D:/Eureka/EducatioWeb/EducatioWeb_PriSec-main/vendor/laravel/framework/src/Illuminate/Foundation/Http/Kernel.php(144): Illuminate/Foundation/Http/Kernel->sendRequestThroughRouter(Object(Illuminate/Http/Request))
#70 D:/Eureka/EducatioWeb/EducatioWeb_PriSec-main/vendor/laravel/framework/src/Illuminate/Foundation/Application.php(1220): Illuminate/Foundation/Http/Kernel->handle(Object(Illuminate/Http/Request))
#71 D:/Eureka/EducatioWeb/EducatioWeb_PriSec-main/public/index.php(20): Illuminate/Foundation/Application->handleRequest(Object(Illuminate/Http/Request))
#72 D:/Eureka/EducatioWeb/EducatioWeb_PriSec-main/vendor/laravel/framework/src/Illuminate/Foundation/resources/server.php(23): require_once('D://Eureka//Educa...')
#73 {main}
"} 
[2026-07-28 18:07:58] local.ERROR: Please provide a valid cache path. {"exception":"[object] (InvalidArgumentException(code: 0): Please provide a valid cache path. at D:/Eureka/EducatioWeb/EducatioWeb_PriSec-main/vendor/laravel/framework/src/Illuminate/View/Compilers/Compiler.php:75)
[stacktrace]
#0 D:/Eureka/EducatioWeb/EducatioWeb_PriSec-main/vendor/laravel/framework/src/Illuminate/View/ViewServiceProvider.php(97): Illuminate/View/Compilers/Compiler->__construct(Object(Illuminate/Filesystem/Filesystem), false, '', true, 'php', true)
#1 D:/Eureka/EducatioWeb/EducatioWeb_PriSec-main/vendor/laravel/framework/src/Illuminate/Container/Container.php(1118): Illuminate/View/ViewServiceProvider->Illuminate/View/{closure}(Object(Illuminate/Foundation/Application), Array)
#2 D:/Eureka/EducatioWeb/EducatioWeb_PriSec-main/vendor/laravel/framework/src/Illuminate/Container/Container.php(936): Illuminate/Container/Container->build(Object(Closure))
#3 D:/Eureka/EducatioWeb/EducatioWeb_PriSec-main/vendor/laravel/framework/src/Illuminate/Foundation/Application.php(1078): Illuminate/Container/Container->resolve('blade.compiler', Array, true)
#4 D:/Eureka/EducatioWeb/EducatioWeb_PriSec-main/vendor/laravel/framework/src/Illuminate/Container/Container.php(864): Illuminate/Foundation/Application->resolve('blade.compiler', Array)
#5 D:/Eureka/EducatioWeb/EducatioWeb_PriSec-main/vendor/laravel/framework/src/Illuminate/Foundation/Application.php(1058): Illuminate/Container/Container->make('blade.compiler', Array)
#6 D:/Eureka/EducatioWeb/EducatioWeb_PriSec-main/vendor/laravel/framework/src/Illuminate/View/ViewServiceProvider.php(169): Illuminate/Foundation/Application->make('blade.compiler')
#7 [internal function]: Illuminate/View/ViewServiceProvider->Illuminate/View/{closure}()
#8 D:/Eureka/EducatioWeb/EducatioWeb_PriSec-main/vendor/laravel/framework/src/Illuminate/View/Engines/EngineResolver.php(55): call_user_func(Object(Closure))
#9 D:/Eureka/EducatioWeb/EducatioWeb_PriSec-main/vendor/laravel/framework/src/Illuminate/View/Factory.php(325): Illuminate/View/Engines/EngineResolver->resolve('blade')
#10 D:/Eureka/EducatioWeb/EducatioWeb_PriSec-main/vendor/laravel/framework/src/Illuminate/View/Factory.php(287): Illuminate/View/Factory->getEngineFromPath('D://Eureka//Educa...')
#11 D:/Eureka/EducatioWeb/EducatioWeb_PriSec-main/vendor/laravel/framework/src/Illuminate/View/Factory.php(159): Illuminate/View/Factory->viewInstance('wayfinder::meth...', 'D://Eureka//Educa...', Array)
#12 D:/Eureka/EducatioWeb/EducatioWeb_PriSec-main/vendor/laravel/wayfinder/src/GenerateCommand.php(285): Illuminate/View/Factory->make('wayfinder::meth...', Array)
#13 D:/Eureka/EducatioWeb/EducatioWeb_PriSec-main/vendor/laravel/wayfinder/src/GenerateCommand.php(214): Laravel/Wayfinder/GenerateCommand->writeControllerMethodExport(Object(Laravel/Wayfinder/Route), 'D://Eureka//Educa...')
#14 D:/Eureka/EducatioWeb/EducatioWeb_PriSec-main/vendor/laravel/framework/src/Illuminate/Collections/Traits/EnumeratesValues.php(275): Laravel/Wayfinder/GenerateCommand->Laravel/Wayfinder/{closure}(Object(Illuminate/Support/Collection), 'create')
#15 D:/Eureka/EducatioWeb/EducatioWeb_PriSec-main/vendor/laravel/wayfinder/src/GenerateCommand.php(212): Illuminate/Support/Collection->each(Object(Closure))
#16 D:/Eureka/EducatioWeb/EducatioWeb_PriSec-main/vendor/laravel/framework/src/Illuminate/Collections/Traits/EnumeratesValues.php(275): Laravel/Wayfinder/GenerateCommand->writeControllerFile(Object(Illuminate/Support/Collection), 'Laravel.Fortify...')
#17 D:/Eureka/EducatioWeb/EducatioWeb_PriSec-main/vendor/laravel/wayfinder/src/GenerateCommand.php(80): Illuminate/Support/Collection->each(Object(Closure))
#18 D:/Eureka/EducatioWeb/EducatioWeb_PriSec-main/vendor/laravel/framework/src/Illuminate/Container/BoundMethod.php(36): Laravel/Wayfinder/GenerateCommand->handle()
#19 D:/Eureka/EducatioWeb/EducatioWeb_PriSec-main/vendor/laravel/framework/src/Illuminate/Container/Util.php(43): Illuminate/Container/BoundMethod::Illuminate/Container/{closure}()
#20 D:/Eureka/EducatioWeb/EducatioWeb_PriSec-main/vendor/laravel/framework/src/Illuminate/Container/BoundMethod.php(96): Illuminate/Container/Util::unwrapIfClosure(Object(Closure))
#21 D:/Eureka/EducatioWeb/EducatioWeb_PriSec-main/vendor/laravel/framework/src/Illuminate/Container/BoundMethod.php(35): Illuminate/Container/BoundMethod::callBoundMethod(Object(Illuminate/Foundation/Application), Array, Object(Closure))
#22 D:/Eureka/EducatioWeb/EducatioWeb_PriSec-main/vendor/laravel/framework/src/Illuminate/Container/Container.php(799): Illuminate/Container/BoundMethod::call(Object(Illuminate/Foundation/Application), Array, Array, NULL)
#23 D:/Eureka/EducatioWeb/EducatioWeb_PriSec-main/vendor/laravel/framework/src/Illuminate/Console/Command.php(280): Illuminate/Container/Container->call(Array)
#24 D:/Eureka/EducatioWeb/EducatioWeb_PriSec-main/vendor/symfony/console/Command/Command.php(341): Illuminate/Console/Command->execute(Object(Symfony/Component/Console/Input/ArgvInput), Object(Illuminate/Console/OutputStyle))
#25 D:/Eureka/EducatioWeb/EducatioWeb_PriSec-main/vendor/laravel/framework/src/Illuminate/Console/Command.php(249): Symfony/Component/Console/Command/Command->run(Object(Symfony/Component/Console/Input/ArgvInput), Object(Illuminate/Console/OutputStyle))
#26 D:/Eureka/EducatioWeb/EducatioWeb_PriSec-main/vendor/symfony/console/Application.php(1117): Illuminate/Console/Command->run(Object(Symfony/Component/Console/Input/ArgvInput), Object(Symfony/Component/Console/Output/ConsoleOutput))
#27 D:/Eureka/EducatioWeb/EducatioWeb_PriSec-main/vendor/symfony/console/Application.php(356): Symfony/Component/Console/Application->doRunCommand(Object(Laravel/Wayfinder/GenerateCommand), Object(Symfony/Component/Console/Input/ArgvInput), Object(Symfony/Component/Console/Output/ConsoleOutput))
#28 D:/Eureka/EducatioWeb/EducatioWeb_PriSec-main/vendor/symfony/console/Application.php(195): Symfony/Component/Console/Application->doRun(Object(Symfony/Component/Console/Input/ArgvInput), Object(Symfony/Component/Console/Output/ConsoleOutput))
#29 D:/Eureka/EducatioWeb/EducatioWeb_PriSec-main/vendor/laravel/framework/src/Illuminate/Foundation/Console/Kernel.php(198): Symfony/Component/Console/Application->run(Object(Symfony/Component/Console/Input/ArgvInput), Object(Symfony/Component/Console/Output/ConsoleOutput))
#30 D:/Eureka/EducatioWeb/EducatioWeb_PriSec-main/vendor/laravel/framework/src/Illuminate/Foundation/Application.php(1235): Illuminate/Foundation/Console/Kernel->handle(Object(Symfony/Component/Console/Input/ArgvInput), Object(Symfony/Component/Console/Output/ConsoleOutput))
#31 D:/Eureka/EducatioWeb/EducatioWeb_PriSec-main/artisan(16): Illuminate/Foundation/Application->handleCommand(Object(Symfony/Component/Console/Input/ArgvInput))
#32 {main}
"} 
[2026-07-28 18:11:12] local.ERROR: Please provide a valid cache path. {"exception":"[object] (InvalidArgumentException(code: 0): Please provide a valid cache path. at D:/Eureka/EducatioWeb/EducatioWeb_PriSec-main/vendor/laravel/framework/src/Illuminate/View/Compilers/Compiler.php:75)
[stacktrace]
#0 D:/Eureka/EducatioWeb/EducatioWeb_PriSec-main/vendor/laravel/framework/src/Illuminate/View/ViewServiceProvider.php(97): Illuminate/View/Compilers/Compiler->__construct(Object(Illuminate/Filesystem/Filesystem), false, '', true, 'php', true)
#1 D:/Eureka/EducatioWeb/EducatioWeb_PriSec-main/vendor/laravel/framework/src/Illuminate/Container/Container.php(1118): Illuminate/View/ViewServiceProvider->Illuminate/View/{closure}(Object(Illuminate/Foundation/Application), Array)
#2 D:/Eureka/EducatioWeb/EducatioWeb_PriSec-main/vendor/laravel/framework/src/Illuminate/Container/Container.php(936): Illuminate/Container/Container->build(Object(Closure))
#3 D:/Eureka/EducatioWeb/EducatioWeb_PriSec-main/vendor/laravel/framework/src/Illuminate/Foundation/Application.php(1078): Illuminate/Container/Container->resolve('blade.compiler', Array, true)
#4 D:/Eureka/EducatioWeb/EducatioWeb_PriSec-main/vendor/laravel/framework/src/Illuminate/Container/Container.php(864): Illuminate/Foundation/Application->resolve('blade.compiler', Array)
#5 D:/Eureka/EducatioWeb/EducatioWeb_PriSec-main/vendor/laravel/framework/src/Illuminate/Foundation/Application.php(1058): Illuminate/Container/Container->make('blade.compiler', Array)
#6 D:/Eureka/EducatioWeb/EducatioWeb_PriSec-main/vendor/laravel/framework/src/Illuminate/View/ViewServiceProvider.php(169): Illuminate/Foundation/Application->make('blade.compiler')
#7 [internal function]: Illuminate/View/ViewServiceProvider->Illuminate/View/{closure}()
#8 D:/Eureka/EducatioWeb/EducatioWeb_PriSec-main/vendor/laravel/framework/src/Illuminate/View/Engines/EngineResolver.php(55): call_user_func(Object(Closure))
#9 D:/Eureka/EducatioWeb/EducatioWeb_PriSec-main/vendor/laravel/framework/src/Illuminate/View/Factory.php(325): Illuminate/View/Engines/EngineResolver->resolve('blade')
#10 D:/Eureka/EducatioWeb/EducatioWeb_PriSec-main/vendor/laravel/framework/src/Illuminate/View/Factory.php(287): Illuminate/View/Factory->getEngineFromPath('D://Eureka//Educa...')
#11 D:/Eureka/EducatioWeb/EducatioWeb_PriSec-main/vendor/laravel/framework/src/Illuminate/View/Factory.php(159): Illuminate/View/Factory->viewInstance('wayfinder::meth...', 'D://Eureka//Educa...', Array)
#12 D:/Eureka/EducatioWeb/EducatioWeb_PriSec-main/vendor/laravel/wayfinder/src/GenerateCommand.php(285): Illuminate/View/Factory->make('wayfinder::meth...', Array)
#13 D:/Eureka/EducatioWeb/EducatioWeb_PriSec-main/vendor/laravel/wayfinder/src/GenerateCommand.php(214): Laravel/Wayfinder/GenerateCommand->writeControllerMethodExport(Object(Laravel/Wayfinder/Route), 'D://Eureka//Educa...')
#14 D:/Eureka/EducatioWeb/EducatioWeb_PriSec-main/vendor/laravel/framework/src/Illuminate/Collections/Traits/EnumeratesValues.php(275): Laravel/Wayfinder/GenerateCommand->Laravel/Wayfinder/{closure}(Object(Illuminate/Support/Collection), 'create')
#15 D:/Eureka/EducatioWeb/EducatioWeb_PriSec-main/vendor/laravel/wayfinder/src/GenerateCommand.php(212): Illuminate/Support/Collection->each(Object(Closure))
#16 D:/Eureka/EducatioWeb/EducatioWeb_PriSec-main/vendor/laravel/framework/src/Illuminate/Collections/Traits/EnumeratesValues.php(275): Laravel/Wayfinder/GenerateCommand->writeControllerFile(Object(Illuminate/Support/Collection), 'Laravel.Fortify...')
#17 D:/Eureka/EducatioWeb/EducatioWeb_PriSec-main/vendor/laravel/wayfinder/src/GenerateCommand.php(80): Illuminate/Support/Collection->each(Object(Closure))
#18 D:/Eureka/EducatioWeb/EducatioWeb_PriSec-main/vendor/laravel/framework/src/Illuminate/Container/BoundMethod.php(36): Laravel/Wayfinder/GenerateCommand->handle()
#19 D:/Eureka/EducatioWeb/EducatioWeb_PriSec-main/vendor/laravel/framework/src/Illuminate/Container/Util.php(43): Illuminate/Container/BoundMethod::Illuminate/Container/{closure}()
#20 D:/Eureka/EducatioWeb/EducatioWeb_PriSec-main/vendor/laravel/framework/src/Illuminate/Container/BoundMethod.php(96): Illuminate/Container/Util::unwrapIfClosure(Object(Closure))
#21 D:/Eureka/EducatioWeb/EducatioWeb_PriSec-main/vendor/laravel/framework/src/Illuminate/Container/BoundMethod.php(35): Illuminate/Container/BoundMethod::callBoundMethod(Object(Illuminate/Foundation/Application), Array, Object(Closure))
#22 D:/Eureka/EducatioWeb/EducatioWeb_PriSec-main/vendor/laravel/framework/src/Illuminate/Container/Container.php(799): Illuminate/Container/BoundMethod::call(Object(Illuminate/Foundation/Application), Array, Array, NULL)
#23 D:/Eureka/EducatioWeb/EducatioWeb_PriSec-main/vendor/laravel/framework/src/Illuminate/Console/Command.php(280): Illuminate/Container/Container->call(Array)
#24 D:/Eureka/EducatioWeb/EducatioWeb_PriSec-main/vendor/symfony/console/Command/Command.php(341): Illuminate/Console/Command->execute(Object(Symfony/Component/Console/Input/ArgvInput), Object(Illuminate/Console/OutputStyle))
#25 D:/Eureka/EducatioWeb/EducatioWeb_PriSec-main/vendor/laravel/framework/src/Illuminate/Console/Command.php(249): Symfony/Component/Console/Command/Command->run(Object(Symfony/Component/Console/Input/ArgvInput), Object(Illuminate/Console/OutputStyle))
#26 D:/Eureka/EducatioWeb/EducatioWeb_PriSec-main/vendor/symfony/console/Application.php(1117): Illuminate/Console/Command->run(Object(Symfony/Component/Console/Input/ArgvInput), Object(Symfony/Component/Console/Output/ConsoleOutput))
#27 D:/Eureka/EducatioWeb/EducatioWeb_PriSec-main/vendor/symfony/console/Application.php(356): Symfony/Component/Console/Application->doRunCommand(Object(Laravel/Wayfinder/GenerateCommand), Object(Symfony/Component/Console/Input/ArgvInput), Object(Symfony/Component/Console/Output/ConsoleOutput))
#28 D:/Eureka/EducatioWeb/EducatioWeb_PriSec-main/vendor/symfony/console/Application.php(195): Symfony/Component/Console/Application->doRun(Object(Symfony/Component/Console/Input/ArgvInput), Object(Symfony/Component/Console/Output/ConsoleOutput))
#29 D:/Eureka/EducatioWeb/EducatioWeb_PriSec-main/vendor/laravel/framework/src/Illuminate/Foundation/Console/Kernel.php(198): Symfony/Component/Console/Application->run(Object(Symfony/Component/Console/Input/ArgvInput), Object(Symfony/Component/Console/Output/ConsoleOutput))
#30 D:/Eureka/EducatioWeb/EducatioWeb_PriSec-main/vendor/laravel/framework/src/Illuminate/Foundation/Application.php(1235): Illuminate/Foundation/Console/Kernel->handle(Object(Symfony/Component/Console/Input/ArgvInput), Object(Symfony/Component/Console/Output/ConsoleOutput))
#31 D:/Eureka/EducatioWeb/EducatioWeb_PriSec-main/artisan(16): Illuminate/Foundation/Application->handleCommand(Object(Symfony/Component/Console/Input/ArgvInput))
#32 {main}
"} 
[2026-07-28 18:14:15] local.ERROR: Please provide a valid cache path. {"exception":"[object] (InvalidArgumentException(code: 0): Please provide a valid cache path. at D:/Eureka/EducatioWeb/EducatioWeb_PriSec-main/vendor/laravel/framework/src/Illuminate/View/Compilers/Compiler.php:75)
[stacktrace]
#0 D:/Eureka/EducatioWeb/EducatioWeb_PriSec-main/vendor/laravel/framework/src/Illuminate/View/ViewServiceProvider.php(97): Illuminate/View/Compilers/Compiler->__construct(Object(Illuminate/Filesystem/Filesystem), false, '', true, 'php', true)
#1 D:/Eureka/EducatioWeb/EducatioWeb_PriSec-main/vendor/laravel/framework/src/Illuminate/Container/Container.php(1118): Illuminate/View/ViewServiceProvider->Illuminate/View/{closure}(Object(Illuminate/Foundation/Application), Array)
#2 D:/Eureka/EducatioWeb/EducatioWeb_PriSec-main/vendor/laravel/framework/src/Illuminate/Container/Container.php(936): Illuminate/Container/Container->build(Object(Closure))
#3 D:/Eureka/EducatioWeb/EducatioWeb_PriSec-main/vendor/laravel/framework/src/Illuminate/Foundation/Application.php(1078): Illuminate/Container/Container->resolve('blade.compiler', Array, true)
#4 D:/Eureka/EducatioWeb/EducatioWeb_PriSec-main/vendor/laravel/framework/src/Illuminate/Container/Container.php(864): Illuminate/Foundation/Application->resolve('blade.compiler', Array)
#5 D:/Eureka/EducatioWeb/EducatioWeb_PriSec-main/vendor/laravel/framework/src/Illuminate/Foundation/Application.php(1058): Illuminate/Container/Container->make('blade.compiler', Array)
#6 D:/Eureka/EducatioWeb/EducatioWeb_PriSec-main/vendor/laravel/framework/src/Illuminate/View/ViewServiceProvider.php(169): Illuminate/Foundation/Application->make('blade.compiler')
#7 [internal function]: Illuminate/View/ViewServiceProvider->Illuminate/View/{closure}()
#8 D:/Eureka/EducatioWeb/EducatioWeb_PriSec-main/vendor/laravel/framework/src/Illuminate/View/Engines/EngineResolver.php(55): call_user_func(Object(Closure))
#9 D:/Eureka/EducatioWeb/EducatioWeb_PriSec-main/vendor/laravel/framework/src/Illuminate/View/Factory.php(325): Illuminate/View/Engines/EngineResolver->resolve('blade')
#10 D:/Eureka/EducatioWeb/EducatioWeb_PriSec-main/vendor/laravel/framework/src/Illuminate/View/Factory.php(287): Illuminate/View/Factory->getEngineFromPath('D://Eureka//Educa...')
#11 D:/Eureka/EducatioWeb/EducatioWeb_PriSec-main/vendor/laravel/framework/src/Illuminate/View/Factory.php(159): Illuminate/View/Factory->viewInstance('app', 'D://Eureka//Educa...', Array)
#12 D:/Eureka/EducatioWeb/EducatioWeb_PriSec-main/vendor/laravel/framework/src/Illuminate/Routing/ResponseFactory.php(91): Illuminate/View/Factory->make('app', Array)
#13 D:/Eureka/EducatioWeb/EducatioWeb_PriSec-main/vendor/laravel/framework/src/Illuminate/Support/Facades/Facade.php(363): Illuminate/Routing/ResponseFactory->view('app', Array)
#14 D:/Eureka/EducatioWeb/EducatioWeb_PriSec-main/vendor/inertiajs/inertia-laravel/src/Response.php(211): Illuminate/Support/Facades/Facade::__callStatic('view', Array)
#15 D:/Eureka/EducatioWeb/EducatioWeb_PriSec-main/vendor/laravel/framework/src/Illuminate/Routing/Router.php(921): Inertia/Response->toResponse(Object(Illuminate/Http/Request))
#16 D:/Eureka/EducatioWeb/EducatioWeb_PriSec-main/vendor/laravel/framework/src/Illuminate/Routing/Router.php(906): Illuminate/Routing/Router::toResponse(Object(Illuminate/Http/Request), Object(Inertia/Response))
#17 D:/Eureka/EducatioWeb/EducatioWeb_PriSec-main/vendor/laravel/framework/src/Illuminate/Routing/Router.php(821): Illuminate/Routing/Router->prepareResponse(Object(Illuminate/Http/Request), Object(Inertia/Response))
#18 D:/Eureka/EducatioWeb/EducatioWeb_PriSec-main/vendor/laravel/framework/src/Illuminate/Pipeline/Pipeline.php(180): Illuminate/Routing/Router->Illuminate/Routing/{closure}(Object(Illuminate/Http/Request))
#19 D:/Eureka/EducatioWeb/EducatioWeb_PriSec-main/vendor/laravel/boost/src/Middleware/InjectBoost.php(22): Illuminate/Pipeline/Pipeline->Illuminate/Pipeline/{closure}(Object(Illuminate/Http/Request))
#20 D:/Eureka/EducatioWeb/EducatioWeb_PriSec-main/vendor/laravel/framework/src/Illuminate/Pipeline/Pipeline.php(219): Laravel/Boost/Middleware/InjectBoost->handle(Object(Illuminate/Http/Request), Object(Closure))
#21 D:/Eureka/EducatioWeb/EducatioWeb_PriSec-main/vendor/laravel/framework/src/Illuminate/Http/Middleware/AddLinkHeadersForPreloadedAssets.php(32): Illuminate/Pipeline/Pipeline->Illuminate/Pipeline/{closure}(Object(Illuminate/Http/Request))
#22 D:/Eureka/EducatioWeb/EducatioWeb_PriSec-main/vendor/laravel/framework/src/Illuminate/Pipeline/Pipeline.php(219): Illuminate/Http/Middleware/AddLinkHeadersForPreloadedAssets->handle(Object(Illuminate/Http/Request), Object(Closure))
#23 D:/Eureka/EducatioWeb/EducatioWeb_PriSec-main/vendor/inertiajs/inertia-laravel/src/Middleware.php(138): Illuminate/Pipeline/Pipeline->Illuminate/Pipeline/{closure}(Object(Illuminate/Http/Request))
#24 D:/Eureka/EducatioWeb/EducatioWeb_PriSec-main/vendor/laravel/framework/src/Illuminate/Pipeline/Pipeline.php(219): Inertia/Middleware->handle(Object(Illuminate/Http/Request), Object(Closure))
#25 D:/Eureka/EducatioWeb/EducatioWeb_PriSec-main/app/Http/Middleware/HandleAppearance.php(21): Illuminate/Pipeline/Pipeline->Illuminate/Pipeline/{closure}(Object(Illuminate/Http/Request))
#26 D:/Eureka/EducatioWeb/EducatioWeb_PriSec-main/vendor/laravel/framework/src/Illuminate/Pipeline/Pipeline.php(219): App/Http/Middleware/HandleAppearance->handle(Object(Illuminate/Http/Request), Object(Closure))
#27 D:/Eureka/EducatioWeb/EducatioWeb_PriSec-main/vendor/laravel/framework/src/Illuminate/Routing/Middleware/SubstituteBindings.php(52): Illuminate/Pipeline/Pipeline->Illuminate/Pipeline/{closure}(Object(Illuminate/Http/Request))
#28 D:/Eureka/EducatioWeb/EducatioWeb_PriSec-main/vendor/laravel/framework/src/Illuminate/Pipeline/Pipeline.php(219): Illuminate/Routing/Middleware/SubstituteBindings->handle(Object(Illuminate/Http/Request), Object(Closure))
#29 D:/Eureka/EducatioWeb/EducatioWeb_PriSec-main/vendor/laravel/framework/src/Illuminate/Foundation/Http/Middleware/PreventRequestForgery.php(104): Illuminate/Pipeline/Pipeline->Illuminate/Pipeline/{closure}(Object(Illuminate/Http/Request))
#30 D:/Eureka/EducatioWeb/EducatioWeb_PriSec-main/vendor/laravel/framework/src/Illuminate/Pipeline/Pipeline.php(219): Illuminate/Foundation/Http/Middleware/PreventRequestForgery->handle(Object(Illuminate/Http/Request), Object(Closure))
#31 D:/Eureka/EducatioWeb/EducatioWeb_PriSec-main/vendor/laravel/framework/src/Illuminate/View/Middleware/ShareErrorsFromSession.php(48): Illuminate/Pipeline/Pipeline->Illuminate/Pipeline/{closure}(Object(Illuminate/Http/Request))
#32 D:/Eureka/EducatioWeb/EducatioWeb_PriSec-main/vendor/laravel/framework/src/Illuminate/Pipeline/Pipeline.php(219): Illuminate/View/Middleware/ShareErrorsFromSession->handle(Object(Illuminate/Http/Request), Object(Closure))
#33 D:/Eureka/EducatioWeb/EducatioWeb_PriSec-main/vendor/laravel/framework/src/Illuminate/Session/Middleware/StartSession.php(120): Illuminate/Pipeline/Pipeline->Illuminate/Pipeline/{closure}(Object(Illuminate/Http/Request))
#34 D:/Eureka/EducatioWeb/EducatioWeb_PriSec-main/vendor/laravel/framework/src/Illuminate/Session/Middleware/StartSession.php(63): Illuminate/Session/Middleware/StartSession->handleStatefulRequest(Object(Illuminate/Http/Request), Object(Illuminate/Session/Store), Object(Closure))
#35 D:/Eureka/EducatioWeb/EducatioWeb_PriSec-main/vendor/laravel/framework/src/Illuminate/Pipeline/Pipeline.php(219): Illuminate/Session/Middleware/StartSession->handle(Object(Illuminate/Http/Request), Object(Closure))
#36 D:/Eureka/EducatioWeb/EducatioWeb_PriSec-main/vendor/laravel/framework/src/Illuminate/Cookie/Middleware/AddQueuedCookiesToResponse.php(36): Illuminate/Pipeline/Pipeline->Illuminate/Pipeline/{closure}(Object(Illuminate/Http/Request))
#37 D:/Eureka/EducatioWeb/EducatioWeb_PriSec-main/vendor/laravel/framework/src/Illuminate/Pipeline/Pipeline.php(219): Illuminate/Cookie/Middleware/AddQueuedCookiesToResponse->handle(Object(Illuminate/Http/Request), Object(Closure))
#38 D:/Eureka/EducatioWeb/EducatioWeb_PriSec-main/vendor/laravel/framework/src/Illuminate/Cookie/Middleware/EncryptCookies.php(74): Illuminate/Pipeline/Pipeline->Illuminate/Pipeline/{closure}(Object(Illuminate/Http/Request))
#39 D:/Eureka/EducatioWeb/EducatioWeb_PriSec-main/vendor/laravel/framework/src/Illuminate/Pipeline/Pipeline.php(219): Illuminate/Cookie/Middleware/EncryptCookies->handle(Object(Illuminate/Http/Request), Object(Closure))
#40 D:/Eureka/EducatioWeb/EducatioWeb_PriSec-main/vendor/laravel/framework/src/Illuminate/Pipeline/Pipeline.php(137): Illuminate/Pipeline/Pipeline->Illuminate/Pipeline/{closure}(Object(Illuminate/Http/Request))
#41 D:/Eureka/EducatioWeb/EducatioWeb_PriSec-main/vendor/laravel/framework/src/Illuminate/Routing/Router.php(821): Illuminate/Pipeline/Pipeline->then(Object(Closure))
#42 D:/Eureka/EducatioWeb/EducatioWeb_PriSec-main/vendor/laravel/framework/src/Illuminate/Routing/Router.php(800): Illuminate/Routing/Router->runRouteWithinStack(Object(Illuminate/Routing/Route), Object(Illuminate/Http/Request))
#43 D:/Eureka/EducatioWeb/EducatioWeb_PriSec-main/vendor/laravel/framework/src/Illuminate/Routing/Router.php(764): Illuminate/Routing/Router->runRoute(Object(Illuminate/Http/Request), Object(Illuminate/Routing/Route))
#44 D:/Eureka/EducatioWeb/EducatioWeb_PriSec-main/vendor/laravel/framework/src/Illuminate/Routing/Router.php(753): Illuminate/Routing/Router->dispatchToRoute(Object(Illuminate/Http/Request))
#45 D:/Eureka/EducatioWeb/EducatioWeb_PriSec-main/vendor/laravel/framework/src/Illuminate/Foundation/Http/Kernel.php(200): Illuminate/Routing/Router->dispatch(Object(Illuminate/Http/Request))
#46 D:/Eureka/EducatioWeb/EducatioWeb_PriSec-main/vendor/laravel/framework/src/Illuminate/Pipeline/Pipeline.php(180): Illuminate/Foundation/Http/Kernel->Illuminate/Foundation/Http/{closure}(Object(Illuminate/Http/Request))
#47 D:/Eureka/EducatioWeb/EducatioWeb_PriSec-main/vendor/inertiajs/inertia-laravel/src/Middleware/EnsureGetOnRedirect.php(19): Illuminate/Pipeline/Pipeline->Illuminate/Pipeline/{closure}(Object(Illuminate/Http/Request))
#48 D:/Eureka/EducatioWeb/EducatioWeb_PriSec-main/vendor/laravel/framework/src/Illuminate/Pipeline/Pipeline.php(219): Inertia/Middleware/EnsureGetOnRedirect->handle(Object(Illuminate/Http/Request), Object(Closure))
#49 D:/Eureka/EducatioWeb/EducatioWeb_PriSec-main/vendor/laravel/framework/src/Illuminate/Foundation/Http/Middleware/TransformsRequest.php(21): Illuminate/Pipeline/Pipeline->Illuminate/Pipeline/{closure}(Object(Illuminate/Http/Request))
#50 D:/Eureka/EducatioWeb/EducatioWeb_PriSec-main/vendor/laravel/framework/src/Illuminate/Foundation/Http/Middleware/ConvertEmptyStringsToNull.php(31): Illuminate/Foundation/Http/Middleware/TransformsRequest->handle(Object(Illuminate/Http/Request), Object(Closure))
#51 D:/Eureka/EducatioWeb/EducatioWeb_PriSec-main/vendor/laravel/framework/src/Illuminate/Pipeline/Pipeline.php(219): Illuminate/Foundation/Http/Middleware/ConvertEmptyStringsToNull->handle(Object(Illuminate/Http/Request), Object(Closure))
#52 D:/Eureka/EducatioWeb/EducatioWeb_PriSec-main/vendor/laravel/framework/src/Illuminate/Foundation/Http/Middleware/TransformsRequest.php(21): Illuminate/Pipeline/Pipeline->Illuminate/Pipeline/{closure}(Object(Illuminate/Http/Request))
#53 D:/Eureka/EducatioWeb/EducatioWeb_PriSec-main/vendor/laravel/framework/src/Illuminate/Foundation/Http/Middleware/TrimStrings.php(51): Illuminate/Foundation/Http/Middleware/TransformsRequest->handle(Object(Illuminate/Http/Request), Object(Closure))
#54 D:/Eureka/EducatioWeb/EducatioWeb_PriSec-main/vendor/laravel/framework/src/Illuminate/Pipeline/Pipeline.php(219): Illuminate/Foundation/Http/Middleware/TrimStrings->handle(Object(Illuminate/Http/Request), Object(Closure))
#55 D:/Eureka/EducatioWeb/EducatioWeb_PriSec-main/vendor/laravel/framework/src/Illuminate/Http/Middleware/ValidatePostSize.php(27): Illuminate/Pipeline/Pipeline->Illuminate/Pipeline/{closure}(Object(Illuminate/Http/Request))
#56 D:/Eureka/EducatioWeb/EducatioWeb_PriSec-main/vendor/laravel/framework/src/Illuminate/Pipeline/Pipeline.php(219): Illuminate/Http/Middleware/ValidatePostSize->handle(Object(Illuminate/Http/Request), Object(Closure))
#57 D:/Eureka/EducatioWeb/EducatioWeb_PriSec-main/vendor/laravel/framework/src/Illuminate/Foundation/Http/Middleware/PreventRequestsDuringMaintenance.php(109): Illuminate/Pipeline/Pipeline->Illuminate/Pipeline/{closure}(Object(Illuminate/Http/Request))
#58 D:/Eureka/EducatioWeb/EducatioWeb_PriSec-main/vendor/laravel/framework/src/Illuminate/Pipeline/Pipeline.php(219): Illuminate/Foundation/Http/Middleware/PreventRequestsDuringMaintenance->handle(Object(Illuminate/Http/Request), Object(Closure))
#59 D:/Eureka/EducatioWeb/EducatioWeb_PriSec-main/vendor/laravel/framework/src/Illuminate/Http/Middleware/HandleCors.php(61): Illuminate/Pipeline/Pipeline->Illuminate/Pipeline/{closure}(Object(Illuminate/Http/Request))
#60 D:/Eureka/EducatioWeb/EducatioWeb_PriSec-main/vendor/laravel/framework/src/Illuminate/Pipeline/Pipeline.php(219): Illuminate/Http/Middleware/HandleCors->handle(Object(Illuminate/Http/Request), Object(Closure))
#61 D:/Eureka/EducatioWeb/EducatioWeb_PriSec-main/vendor/laravel/framework/src/Illuminate/Http/Middleware/TrustProxies.php(58): Illuminate/Pipeline/Pipeline->Illuminate/Pipeline/{closure}(Object(Illuminate/Http/Request))
#62 D:/Eureka/EducatioWeb/EducatioWeb_PriSec-main/vendor/laravel/framework/src/Illuminate/Pipeline/Pipeline.php(219): Illuminate/Http/Middleware/TrustProxies->handle(Object(Illuminate/Http/Request), Object(Closure))
#63 D:/Eureka/EducatioWeb/EducatioWeb_PriSec-main/vendor/laravel/framework/src/Illuminate/Foundation/Http/Middleware/InvokeDeferredCallbacks.php(22): Illuminate/Pipeline/Pipeline->Illuminate/Pipeline/{closure}(Object(Illuminate/Http/Request))
#64 D:/Eureka/EducatioWeb/EducatioWeb_PriSec-main/vendor/laravel/framework/src/Illuminate/Pipeline/Pipeline.php(219): Illuminate/Foundation/Http/Middleware/InvokeDeferredCallbacks->handle(Object(Illuminate/Http/Request), Object(Closure))
#65 D:/Eureka/EducatioWeb/EducatioWeb_PriSec-main/vendor/laravel/framework/src/Illuminate/Http/Middleware/ValidatePathEncoding.php(28): Illuminate/Pipeline/Pipeline->Illuminate/Pipeline/{closure}(Object(Illuminate/Http/Request))
#66 D:/Eureka/EducatioWeb/EducatioWeb_PriSec-main/vendor/laravel/framework/src/Illuminate/Pipeline/Pipeline.php(219): Illuminate/Http/Middleware/ValidatePathEncoding->handle(Object(Illuminate/Http/Request), Object(Closure))
#67 D:/Eureka/EducatioWeb/EducatioWeb_PriSec-main/vendor/laravel/framework/src/Illuminate/Pipeline/Pipeline.php(137): Illuminate/Pipeline/Pipeline->Illuminate/Pipeline/{closure}(Object(Illuminate/Http/Request))
#68 D:/Eureka/EducatioWeb/EducatioWeb_PriSec-main/vendor/laravel/framework/src/Illuminate/Foundation/Http/Kernel.php(175): Illuminate/Pipeline/Pipeline->then(Object(Closure))
#69 D:/Eureka/EducatioWeb/EducatioWeb_PriSec-main/vendor/laravel/framework/src/Illuminate/Foundation/Http/Kernel.php(144): Illuminate/Foundation/Http/Kernel->sendRequestThroughRouter(Object(Illuminate/Http/Request))
#70 D:/Eureka/EducatioWeb/EducatioWeb_PriSec-main/vendor/laravel/framework/src/Illuminate/Foundation/Application.php(1220): Illuminate/Foundation/Http/Kernel->handle(Object(Illuminate/Http/Request))
#71 D:/Eureka/EducatioWeb/EducatioWeb_PriSec-main/public/index.php(20): Illuminate/Foundation/Application->handleRequest(Object(Illuminate/Http/Request))
#72 D:/Eureka/EducatioWeb/EducatioWeb_PriSec-main/vendor/laravel/framework/src/Illuminate/Foundation/resources/server.php(23): require_once('D://Eureka//Educa...')
#73 {main}
"} 
[2026-07-28 18:14:17] local.ERROR: Please provide a valid cache path. {"exception":"[object] (InvalidArgumentException(code: 0): Please provide a valid cache path. at D:/Eureka/EducatioWeb/EducatioWeb_PriSec-main/vendor/laravel/framework/src/Illuminate/View/Compilers/Compiler.php:75)
[stacktrace]
#0 D:/Eureka/EducatioWeb/EducatioWeb_PriSec-main/vendor/laravel/framework/src/Illuminate/View/ViewServiceProvider.php(97): Illuminate/View/Compilers/Compiler->__construct(Object(Illuminate/Filesystem/Filesystem), false, '', true, 'php', true)
#1 D:/Eureka/EducatioWeb/EducatioWeb_PriSec-main/vendor/laravel/framework/src/Illuminate/Container/Container.php(1118): Illuminate/View/ViewServiceProvider->Illuminate/View/{closure}(Object(Illuminate/Foundation/Application), Array)
#2 D:/Eureka/EducatioWeb/EducatioWeb_PriSec-main/vendor/laravel/framework/src/Illuminate/Container/Container.php(936): Illuminate/Container/Container->build(Object(Closure))
#3 D:/Eureka/EducatioWeb/EducatioWeb_PriSec-main/vendor/laravel/framework/src/Illuminate/Foundation/Application.php(1078): Illuminate/Container/Container->resolve('blade.compiler', Array, true)
#4 D:/Eureka/EducatioWeb/EducatioWeb_PriSec-main/vendor/laravel/framework/src/Illuminate/Container/Container.php(864): Illuminate/Foundation/Application->resolve('blade.compiler', Array)
#5 D:/Eureka/EducatioWeb/EducatioWeb_PriSec-main/vendor/laravel/framework/src/Illuminate/Foundation/Application.php(1058): Illuminate/Container/Container->make('blade.compiler', Array)
#6 D:/Eureka/EducatioWeb/EducatioWeb_PriSec-main/vendor/laravel/framework/src/Illuminate/View/ViewServiceProvider.php(169): Illuminate/Foundation/Application->make('blade.compiler')
#7 [internal function]: Illuminate/View/ViewServiceProvider->Illuminate/View/{closure}()
#8 D:/Eureka/EducatioWeb/EducatioWeb_PriSec-main/vendor/laravel/framework/src/Illuminate/View/Engines/EngineResolver.php(55): call_user_func(Object(Closure))
#9 D:/Eureka/EducatioWeb/EducatioWeb_PriSec-main/vendor/laravel/framework/src/Illuminate/View/Factory.php(325): Illuminate/View/Engines/EngineResolver->resolve('blade')
#10 D:/Eureka/EducatioWeb/EducatioWeb_PriSec-main/vendor/laravel/framework/src/Illuminate/View/Factory.php(287): Illuminate/View/Factory->getEngineFromPath('D://Eureka//Educa...')
#11 D:/Eureka/EducatioWeb/EducatioWeb_PriSec-main/vendor/laravel/framework/src/Illuminate/View/Factory.php(159): Illuminate/View/Factory->viewInstance('app', 'D://Eureka//Educa...', Array)
#12 D:/Eureka/EducatioWeb/EducatioWeb_PriSec-main/vendor/laravel/framework/src/Illuminate/Routing/ResponseFactory.php(91): Illuminate/View/Factory->make('app', Array)
#13 D:/Eureka/EducatioWeb/EducatioWeb_PriSec-main/vendor/laravel/framework/src/Illuminate/Support/Facades/Facade.php(363): Illuminate/Routing/ResponseFactory->view('app', Array)
#14 D:/Eureka/EducatioWeb/EducatioWeb_PriSec-main/vendor/inertiajs/inertia-laravel/src/Response.php(211): Illuminate/Support/Facades/Facade::__callStatic('view', Array)
#15 D:/Eureka/EducatioWeb/EducatioWeb_PriSec-main/vendor/laravel/framework/src/Illuminate/Routing/Router.php(921): Inertia/Response->toResponse(Object(Illuminate/Http/Request))
#16 D:/Eureka/EducatioWeb/EducatioWeb_PriSec-main/vendor/laravel/framework/src/Illuminate/Routing/Router.php(906): Illuminate/Routing/Router::toResponse(Object(Illuminate/Http/Request), Object(Inertia/Response))
#17 D:/Eureka/EducatioWeb/EducatioWeb_PriSec-main/vendor/laravel/framework/src/Illuminate/Routing/Router.php(821): Illuminate/Routing/Router->prepareResponse(Object(Illuminate/Http/Request), Object(Inertia/Response))
#18 D:/Eureka/EducatioWeb/EducatioWeb_PriSec-main/vendor/laravel/framework/src/Illuminate/Pipeline/Pipeline.php(180): Illuminate/Routing/Router->Illuminate/Routing/{closure}(Object(Illuminate/Http/Request))
#19 D:/Eureka/EducatioWeb/EducatioWeb_PriSec-main/vendor/laravel/boost/src/Middleware/InjectBoost.php(22): Illuminate/Pipeline/Pipeline->Illuminate/Pipeline/{closure}(Object(Illuminate/Http/Request))
#20 D:/Eureka/EducatioWeb/EducatioWeb_PriSec-main/vendor/laravel/framework/src/Illuminate/Pipeline/Pipeline.php(219): Laravel/Boost/Middleware/InjectBoost->handle(Object(Illuminate/Http/Request), Object(Closure))
#21 D:/Eureka/EducatioWeb/EducatioWeb_PriSec-main/vendor/laravel/framework/src/Illuminate/Http/Middleware/AddLinkHeadersForPreloadedAssets.php(32): Illuminate/Pipeline/Pipeline->Illuminate/Pipeline/{closure}(Object(Illuminate/Http/Request))
#22 D:/Eureka/EducatioWeb/EducatioWeb_PriSec-main/vendor/laravel/framework/src/Illuminate/Pipeline/Pipeline.php(219): Illuminate/Http/Middleware/AddLinkHeadersForPreloadedAssets->handle(Object(Illuminate/Http/Request), Object(Closure))
#23 D:/Eureka/EducatioWeb/EducatioWeb_PriSec-main/vendor/inertiajs/inertia-laravel/src/Middleware.php(138): Illuminate/Pipeline/Pipeline->Illuminate/Pipeline/{closure}(Object(Illuminate/Http/Request))
#24 D:/Eureka/EducatioWeb/EducatioWeb_PriSec-main/vendor/laravel/framework/src/Illuminate/Pipeline/Pipeline.php(219): Inertia/Middleware->handle(Object(Illuminate/Http/Request), Object(Closure))
#25 D:/Eureka/EducatioWeb/EducatioWeb_PriSec-main/app/Http/Middleware/HandleAppearance.php(21): Illuminate/Pipeline/Pipeline->Illuminate/Pipeline/{closure}(Object(Illuminate/Http/Request))
#26 D:/Eureka/EducatioWeb/EducatioWeb_PriSec-main/vendor/laravel/framework/src/Illuminate/Pipeline/Pipeline.php(219): App/Http/Middleware/HandleAppearance->handle(Object(Illuminate/Http/Request), Object(Closure))
#27 D:/Eureka/EducatioWeb/EducatioWeb_PriSec-main/vendor/laravel/framework/src/Illuminate/Routing/Middleware/SubstituteBindings.php(52): Illuminate/Pipeline/Pipeline->Illuminate/Pipeline/{closure}(Object(Illuminate/Http/Request))
#28 D:/Eureka/EducatioWeb/EducatioWeb_PriSec-main/vendor/laravel/framework/src/Illuminate/Pipeline/Pipeline.php(219): Illuminate/Routing/Middleware/SubstituteBindings->handle(Object(Illuminate/Http/Request), Object(Closure))
#29 D:/Eureka/EducatioWeb/EducatioWeb_PriSec-main/vendor/laravel/framework/src/Illuminate/Foundation/Http/Middleware/PreventRequestForgery.php(104): Illuminate/Pipeline/Pipeline->Illuminate/Pipeline/{closure}(Object(Illuminate/Http/Request))
#30 D:/Eureka/EducatioWeb/EducatioWeb_PriSec-main/vendor/laravel/framework/src/Illuminate/Pipeline/Pipeline.php(219): Illuminate/Foundation/Http/Middleware/PreventRequestForgery->handle(Object(Illuminate/Http/Request), Object(Closure))
#31 D:/Eureka/EducatioWeb/EducatioWeb_PriSec-main/vendor/laravel/framework/src/Illuminate/View/Middleware/ShareErrorsFromSession.php(48): Illuminate/Pipeline/Pipeline->Illuminate/Pipeline/{closure}(Object(Illuminate/Http/Request))
#32 D:/Eureka/EducatioWeb/EducatioWeb_PriSec-main/vendor/laravel/framework/src/Illuminate/Pipeline/Pipeline.php(219): Illuminate/View/Middleware/ShareErrorsFromSession->handle(Object(Illuminate/Http/Request), Object(Closure))
#33 D:/Eureka/EducatioWeb/EducatioWeb_PriSec-main/vendor/laravel/framework/src/Illuminate/Session/Middleware/StartSession.php(120): Illuminate/Pipeline/Pipeline->Illuminate/Pipeline/{closure}(Object(Illuminate/Http/Request))
#34 D:/Eureka/EducatioWeb/EducatioWeb_PriSec-main/vendor/laravel/framework/src/Illuminate/Session/Middleware/StartSession.php(63): Illuminate/Session/Middleware/StartSession->handleStatefulRequest(Object(Illuminate/Http/Request), Object(Illuminate/Session/Store), Object(Closure))
#35 D:/Eureka/EducatioWeb/EducatioWeb_PriSec-main/vendor/laravel/framework/src/Illuminate/Pipeline/Pipeline.php(219): Illuminate/Session/Middleware/StartSession->handle(Object(Illuminate/Http/Request), Object(Closure))
#36 D:/Eureka/EducatioWeb/EducatioWeb_PriSec-main/vendor/laravel/framework/src/Illuminate/Cookie/Middleware/AddQueuedCookiesToResponse.php(36): Illuminate/Pipeline/Pipeline->Illuminate/Pipeline/{closure}(Object(Illuminate/Http/Request))
#37 D:/Eureka/EducatioWeb/EducatioWeb_PriSec-main/vendor/laravel/framework/src/Illuminate/Pipeline/Pipeline.php(219): Illuminate/Cookie/Middleware/AddQueuedCookiesToResponse->handle(Object(Illuminate/Http/Request), Object(Closure))
#38 D:/Eureka/EducatioWeb/EducatioWeb_PriSec-main/vendor/laravel/framework/src/Illuminate/Cookie/Middleware/EncryptCookies.php(74): Illuminate/Pipeline/Pipeline->Illuminate/Pipeline/{closure}(Object(Illuminate/Http/Request))
#39 D:/Eureka/EducatioWeb/EducatioWeb_PriSec-main/vendor/laravel/framework/src/Illuminate/Pipeline/Pipeline.php(219): Illuminate/Cookie/Middleware/EncryptCookies->handle(Object(Illuminate/Http/Request), Object(Closure))
#40 D:/Eureka/EducatioWeb/EducatioWeb_PriSec-main/vendor/laravel/framework/src/Illuminate/Pipeline/Pipeline.php(137): Illuminate/Pipeline/Pipeline->Illuminate/Pipeline/{closure}(Object(Illuminate/Http/Request))
#41 D:/Eureka/EducatioWeb/EducatioWeb_PriSec-main/vendor/laravel/framework/src/Illuminate/Routing/Router.php(821): Illuminate/Pipeline/Pipeline->then(Object(Closure))
#42 D:/Eureka/EducatioWeb/EducatioWeb_PriSec-main/vendor/laravel/framework/src/Illuminate/Routing/Router.php(800): Illuminate/Routing/Router->runRouteWithinStack(Object(Illuminate/Routing/Route), Object(Illuminate/Http/Request))
#43 D:/Eureka/EducatioWeb/EducatioWeb_PriSec-main/vendor/laravel/framework/src/Illuminate/Routing/Router.php(764): Illuminate/Routing/Router->runRoute(Object(Illuminate/Http/Request), Object(Illuminate/Routing/Route))
#44 D:/Eureka/EducatioWeb/EducatioWeb_PriSec-main/vendor/laravel/framework/src/Illuminate/Routing/Router.php(753): Illuminate/Routing/Router->dispatchToRoute(Object(Illuminate/Http/Request))
#45 D:/Eureka/EducatioWeb/EducatioWeb_PriSec-main/vendor/laravel/framework/src/Illuminate/Foundation/Http/Kernel.php(200): Illuminate/Routing/Router->dispatch(Object(Illuminate/Http/Request))
#46 D:/Eureka/EducatioWeb/EducatioWeb_PriSec-main/vendor/laravel/framework/src/Illuminate/Pipeline/Pipeline.php(180): Illuminate/Foundation/Http/Kernel->Illuminate/Foundation/Http/{closure}(Object(Illuminate/Http/Request))
#47 D:/Eureka/EducatioWeb/EducatioWeb_PriSec-main/vendor/inertiajs/inertia-laravel/src/Middleware/EnsureGetOnRedirect.php(19): Illuminate/Pipeline/Pipeline->Illuminate/Pipeline/{closure}(Object(Illuminate/Http/Request))
#48 D:/Eureka/EducatioWeb/EducatioWeb_PriSec-main/vendor/laravel/framework/src/Illuminate/Pipeline/Pipeline.php(219): Inertia/Middleware/EnsureGetOnRedirect->handle(Object(Illuminate/Http/Request), Object(Closure))
#49 D:/Eureka/EducatioWeb/EducatioWeb_PriSec-main/vendor/laravel/framework/src/Illuminate/Foundation/Http/Middleware/TransformsRequest.php(21): Illuminate/Pipeline/Pipeline->Illuminate/Pipeline/{closure}(Object(Illuminate/Http/Request))
#50 D:/Eureka/EducatioWeb/EducatioWeb_PriSec-main/vendor/laravel/framework/src/Illuminate/Foundation/Http/Middleware/ConvertEmptyStringsToNull.php(31): Illuminate/Foundation/Http/Middleware/TransformsRequest->handle(Object(Illuminate/Http/Request), Object(Closure))
#51 D:/Eureka/EducatioWeb/EducatioWeb_PriSec-main/vendor/laravel/framework/src/Illuminate/Pipeline/Pipeline.php(219): Illuminate/Foundation/Http/Middleware/ConvertEmptyStringsToNull->handle(Object(Illuminate/Http/Request), Object(Closure))
#52 D:/Eureka/EducatioWeb/EducatioWeb_PriSec-main/vendor/laravel/framework/src/Illuminate/Foundation/Http/Middleware/TransformsRequest.php(21): Illuminate/Pipeline/Pipeline->Illuminate/Pipeline/{closure}(Object(Illuminate/Http/Request))
#53 D:/Eureka/EducatioWeb/EducatioWeb_PriSec-main/vendor/laravel/framework/src/Illuminate/Foundation/Http/Middleware/TrimStrings.php(51): Illuminate/Foundation/Http/Middleware/TransformsRequest->handle(Object(Illuminate/Http/Request), Object(Closure))
#54 D:/Eureka/EducatioWeb/EducatioWeb_PriSec-main/vendor/laravel/framework/src/Illuminate/Pipeline/Pipeline.php(219): Illuminate/Foundation/Http/Middleware/TrimStrings->handle(Object(Illuminate/Http/Request), Object(Closure))
#55 D:/Eureka/EducatioWeb/EducatioWeb_PriSec-main/vendor/laravel/framework/src/Illuminate/Http/Middleware/ValidatePostSize.php(27): Illuminate/Pipeline/Pipeline->Illuminate/Pipeline/{closure}(Object(Illuminate/Http/Request))
#56 D:/Eureka/EducatioWeb/EducatioWeb_PriSec-main/vendor/laravel/framework/src/Illuminate/Pipeline/Pipeline.php(219): Illuminate/Http/Middleware/ValidatePostSize->handle(Object(Illuminate/Http/Request), Object(Closure))
#57 D:/Eureka/EducatioWeb/EducatioWeb_PriSec-main/vendor/laravel/framework/src/Illuminate/Foundation/Http/Middleware/PreventRequestsDuringMaintenance.php(109): Illuminate/Pipeline/Pipeline->Illuminate/Pipeline/{closure}(Object(Illuminate/Http/Request))
#58 D:/Eureka/EducatioWeb/EducatioWeb_PriSec-main/vendor/laravel/framework/src/Illuminate/Pipeline/Pipeline.php(219): Illuminate/Foundation/Http/Middleware/PreventRequestsDuringMaintenance->handle(Object(Illuminate/Http/Request), Object(Closure))
#59 D:/Eureka/EducatioWeb/EducatioWeb_PriSec-main/vendor/laravel/framework/src/Illuminate/Http/Middleware/HandleCors.php(61): Illuminate/Pipeline/Pipeline->Illuminate/Pipeline/{closure}(Object(Illuminate/Http/Request))
#60 D:/Eureka/EducatioWeb/EducatioWeb_PriSec-main/vendor/laravel/framework/src/Illuminate/Pipeline/Pipeline.php(219): Illuminate/Http/Middleware/HandleCors->handle(Object(Illuminate/Http/Request), Object(Closure))
#61 D:/Eureka/EducatioWeb/EducatioWeb_PriSec-main/vendor/laravel/framework/src/Illuminate/Http/Middleware/TrustProxies.php(58): Illuminate/Pipeline/Pipeline->Illuminate/Pipeline/{closure}(Object(Illuminate/Http/Request))
#62 D:/Eureka/EducatioWeb/EducatioWeb_PriSec-main/vendor/laravel/framework/src/Illuminate/Pipeline/Pipeline.php(219): Illuminate/Http/Middleware/TrustProxies->handle(Object(Illuminate/Http/Request), Object(Closure))
#63 D:/Eureka/EducatioWeb/EducatioWeb_PriSec-main/vendor/laravel/framework/src/Illuminate/Foundation/Http/Middleware/InvokeDeferredCallbacks.php(22): Illuminate/Pipeline/Pipeline->Illuminate/Pipeline/{closure}(Object(Illuminate/Http/Request))
#64 D:/Eureka/EducatioWeb/EducatioWeb_PriSec-main/vendor/laravel/framework/src/Illuminate/Pipeline/Pipeline.php(219): Illuminate/Foundation/Http/Middleware/InvokeDeferredCallbacks->handle(Object(Illuminate/Http/Request), Object(Closure))
#65 D:/Eureka/EducatioWeb/EducatioWeb_PriSec-main/vendor/laravel/framework/src/Illuminate/Http/Middleware/ValidatePathEncoding.php(28): Illuminate/Pipeline/Pipeline->Illuminate/Pipeline/{closure}(Object(Illuminate/Http/Request))
#66 D:/Eureka/EducatioWeb/EducatioWeb_PriSec-main/vendor/laravel/framework/src/Illuminate/Pipeline/Pipeline.php(219): Illuminate/Http/Middleware/ValidatePathEncoding->handle(Object(Illuminate/Http/Request), Object(Closure))
#67 D:/Eureka/EducatioWeb/EducatioWeb_PriSec-main/vendor/laravel/framework/src/Illuminate/Pipeline/Pipeline.php(137): Illuminate/Pipeline/Pipeline->Illuminate/Pipeline/{closure}(Object(Illuminate/Http/Request))
#68 D:/Eureka/EducatioWeb/EducatioWeb_PriSec-main/vendor/laravel/framework/src/Illuminate/Foundation/Http/Kernel.php(175): Illuminate/Pipeline/Pipeline->then(Object(Closure))
#69 D:/Eureka/EducatioWeb/EducatioWeb_PriSec-main/vendor/laravel/framework/src/Illuminate/Foundation/Http/Kernel.php(144): Illuminate/Foundation/Http/Kernel->sendRequestThroughRouter(Object(Illuminate/Http/Request))
#70 D:/Eureka/EducatioWeb/EducatioWeb_PriSec-main/vendor/laravel/framework/src/Illuminate/Foundation/Application.php(1220): Illuminate/Foundation/Http/Kernel->handle(Object(Illuminate/Http/Request))
#71 D:/Eureka/EducatioWeb/EducatioWeb_PriSec-main/public/index.php(20): Illuminate/Foundation/Application->handleRequest(Object(Illuminate/Http/Request))
#72 D:/Eureka/EducatioWeb/EducatioWeb_PriSec-main/vendor/laravel/framework/src/Illuminate/Foundation/resources/server.php(23): require_once('D://Eureka//Educa...')
#73 {main}
"} 
[2026-07-28 18:14:19] local.ERROR: Please provide a valid cache path. {"exception":"[object] (InvalidArgumentException(code: 0): Please provide a valid cache path. at D:/Eureka/EducatioWeb/EducatioWeb_PriSec-main/vendor/laravel/framework/src/Illuminate/View/Compilers/Compiler.php:75)
[stacktrace]
#0 D:/Eureka/EducatioWeb/EducatioWeb_PriSec-main/vendor/laravel/framework/src/Illuminate/View/ViewServiceProvider.php(97): Illuminate/View/Compilers/Compiler->__construct(Object(Illuminate/Filesystem/Filesystem), false, '', true, 'php', true)
#1 D:/Eureka/EducatioWeb/EducatioWeb_PriSec-main/vendor/laravel/framework/src/Illuminate/Container/Container.php(1118): Illuminate/View/ViewServiceProvider->Illuminate/View/{closure}(Object(Illuminate/Foundation/Application), Array)
#2 D:/Eureka/EducatioWeb/EducatioWeb_PriSec-main/vendor/laravel/framework/src/Illuminate/Container/Container.php(936): Illuminate/Container/Container->build(Object(Closure))
#3 D:/Eureka/EducatioWeb/EducatioWeb_PriSec-main/vendor/laravel/framework/src/Illuminate/Foundation/Application.php(1078): Illuminate/Container/Container->resolve('blade.compiler', Array, true)
#4 D:/Eureka/EducatioWeb/EducatioWeb_PriSec-main/vendor/laravel/framework/src/Illuminate/Container/Container.php(864): Illuminate/Foundation/Application->resolve('blade.compiler', Array)
#5 D:/Eureka/EducatioWeb/EducatioWeb_PriSec-main/vendor/laravel/framework/src/Illuminate/Foundation/Application.php(1058): Illuminate/Container/Container->make('blade.compiler', Array)
#6 D:/Eureka/EducatioWeb/EducatioWeb_PriSec-main/vendor/laravel/framework/src/Illuminate/View/ViewServiceProvider.php(169): Illuminate/Foundation/Application->make('blade.compiler')
#7 [internal function]: Illuminate/View/ViewServiceProvider->Illuminate/View/{closure}()
#8 D:/Eureka/EducatioWeb/EducatioWeb_PriSec-main/vendor/laravel/framework/src/Illuminate/View/Engines/EngineResolver.php(55): call_user_func(Object(Closure))
#9 D:/Eureka/EducatioWeb/EducatioWeb_PriSec-main/vendor/laravel/framework/src/Illuminate/View/Factory.php(325): Illuminate/View/Engines/EngineResolver->resolve('blade')
#10 D:/Eureka/EducatioWeb/EducatioWeb_PriSec-main/vendor/laravel/framework/src/Illuminate/View/Factory.php(287): Illuminate/View/Factory->getEngineFromPath('D://Eureka//Educa...')
#11 D:/Eureka/EducatioWeb/EducatioWeb_PriSec-main/vendor/laravel/framework/src/Illuminate/View/Factory.php(159): Illuminate/View/Factory->viewInstance('app', 'D://Eureka//Educa...', Array)
#12 D:/Eureka/EducatioWeb/EducatioWeb_PriSec-main/vendor/laravel/framework/src/Illuminate/Routing/ResponseFactory.php(91): Illuminate/View/Factory->make('app', Array)
#13 D:/Eureka/EducatioWeb/EducatioWeb_PriSec-main/vendor/laravel/framework/src/Illuminate/Support/Facades/Facade.php(363): Illuminate/Routing/ResponseFactory->view('app', Array)
#14 D:/Eureka/EducatioWeb/EducatioWeb_PriSec-main/vendor/inertiajs/inertia-laravel/src/Response.php(211): Illuminate/Support/Facades/Facade::__callStatic('view', Array)
#15 D:/Eureka/EducatioWeb/EducatioWeb_PriSec-main/vendor/laravel/framework/src/Illuminate/Routing/Router.php(921): Inertia/Response->toResponse(Object(Illuminate/Http/Request))
#16 D:/Eureka/EducatioWeb/EducatioWeb_PriSec-main/vendor/laravel/framework/src/Illuminate/Routing/Router.php(906): Illuminate/Routing/Router::toResponse(Object(Illuminate/Http/Request), Object(Inertia/Response))
#17 D:/Eureka/EducatioWeb/EducatioWeb_PriSec-main/vendor/laravel/framework/src/Illuminate/Routing/Router.php(821): Illuminate/Routing/Router->prepareResponse(Object(Illuminate/Http/Request), Object(Inertia/Response))
#18 D:/Eureka/EducatioWeb/EducatioWeb_PriSec-main/vendor/laravel/framework/src/Illuminate/Pipeline/Pipeline.php(180): Illuminate/Routing/Router->Illuminate/Routing/{closure}(Object(Illuminate/Http/Request))
#19 D:/Eureka/EducatioWeb/EducatioWeb_PriSec-main/vendor/laravel/boost/src/Middleware/InjectBoost.php(22): Illuminate/Pipeline/Pipeline->Illuminate/Pipeline/{closure}(Object(Illuminate/Http/Request))
#20 D:/Eureka/EducatioWeb/EducatioWeb_PriSec-main/vendor/laravel/framework/src/Illuminate/Pipeline/Pipeline.php(219): Laravel/Boost/Middleware/InjectBoost->handle(Object(Illuminate/Http/Request), Object(Closure))
#21 D:/Eureka/EducatioWeb/EducatioWeb_PriSec-main/vendor/laravel/framework/src/Illuminate/Http/Middleware/AddLinkHeadersForPreloadedAssets.php(32): Illuminate/Pipeline/Pipeline->Illuminate/Pipeline/{closure}(Object(Illuminate/Http/Request))
#22 D:/Eureka/EducatioWeb/EducatioWeb_PriSec-main/vendor/laravel/framework/src/Illuminate/Pipeline/Pipeline.php(219): Illuminate/Http/Middleware/AddLinkHeadersForPreloadedAssets->handle(Object(Illuminate/Http/Request), Object(Closure))
#23 D:/Eureka/EducatioWeb/EducatioWeb_PriSec-main/vendor/inertiajs/inertia-laravel/src/Middleware.php(138): Illuminate/Pipeline/Pipeline->Illuminate/Pipeline/{closure}(Object(Illuminate/Http/Request))
#24 D:/Eureka/EducatioWeb/EducatioWeb_PriSec-main/vendor/laravel/framework/src/Illuminate/Pipeline/Pipeline.php(219): Inertia/Middleware->handle(Object(Illuminate/Http/Request), Object(Closure))
#25 D:/Eureka/EducatioWeb/EducatioWeb_PriSec-main/app/Http/Middleware/HandleAppearance.php(21): Illuminate/Pipeline/Pipeline->Illuminate/Pipeline/{closure}(Object(Illuminate/Http/Request))
#26 D:/Eureka/EducatioWeb/EducatioWeb_PriSec-main/vendor/laravel/framework/src/Illuminate/Pipeline/Pipeline.php(219): App/Http/Middleware/HandleAppearance->handle(Object(Illuminate/Http/Request), Object(Closure))
#27 D:/Eureka/EducatioWeb/EducatioWeb_PriSec-main/vendor/laravel/framework/src/Illuminate/Routing/Middleware/SubstituteBindings.php(52): Illuminate/Pipeline/Pipeline->Illuminate/Pipeline/{closure}(Object(Illuminate/Http/Request))
#28 D:/Eureka/EducatioWeb/EducatioWeb_PriSec-main/vendor/laravel/framework/src/Illuminate/Pipeline/Pipeline.php(219): Illuminate/Routing/Middleware/SubstituteBindings->handle(Object(Illuminate/Http/Request), Object(Closure))
#29 D:/Eureka/EducatioWeb/EducatioWeb_PriSec-main/vendor/laravel/framework/src/Illuminate/Foundation/Http/Middleware/PreventRequestForgery.php(104): Illuminate/Pipeline/Pipeline->Illuminate/Pipeline/{closure}(Object(Illuminate/Http/Request))
#30 D:/Eureka/EducatioWeb/EducatioWeb_PriSec-main/vendor/laravel/framework/src/Illuminate/Pipeline/Pipeline.php(219): Illuminate/Foundation/Http/Middleware/PreventRequestForgery->handle(Object(Illuminate/Http/Request), Object(Closure))
#31 D:/Eureka/EducatioWeb/EducatioWeb_PriSec-main/vendor/laravel/framework/src/Illuminate/View/Middleware/ShareErrorsFromSession.php(48): Illuminate/Pipeline/Pipeline->Illuminate/Pipeline/{closure}(Object(Illuminate/Http/Request))
#32 D:/Eureka/EducatioWeb/EducatioWeb_PriSec-main/vendor/laravel/framework/src/Illuminate/Pipeline/Pipeline.php(219): Illuminate/View/Middleware/ShareErrorsFromSession->handle(Object(Illuminate/Http/Request), Object(Closure))
#33 D:/Eureka/EducatioWeb/EducatioWeb_PriSec-main/vendor/laravel/framework/src/Illuminate/Session/Middleware/StartSession.php(120): Illuminate/Pipeline/Pipeline->Illuminate/Pipeline/{closure}(Object(Illuminate/Http/Request))
#34 D:/Eureka/EducatioWeb/EducatioWeb_PriSec-main/vendor/laravel/framework/src/Illuminate/Session/Middleware/StartSession.php(63): Illuminate/Session/Middleware/StartSession->handleStatefulRequest(Object(Illuminate/Http/Request), Object(Illuminate/Session/Store), Object(Closure))
#35 D:/Eureka/EducatioWeb/EducatioWeb_PriSec-main/vendor/laravel/framework/src/Illuminate/Pipeline/Pipeline.php(219): Illuminate/Session/Middleware/StartSession->handle(Object(Illuminate/Http/Request), Object(Closure))
#36 D:/Eureka/EducatioWeb/EducatioWeb_PriSec-main/vendor/laravel/framework/src/Illuminate/Cookie/Middleware/AddQueuedCookiesToResponse.php(36): Illuminate/Pipeline/Pipeline->Illuminate/Pipeline/{closure}(Object(Illuminate/Http/Request))
#37 D:/Eureka/EducatioWeb/EducatioWeb_PriSec-main/vendor/laravel/framework/src/Illuminate/Pipeline/Pipeline.php(219): Illuminate/Cookie/Middleware/AddQueuedCookiesToResponse->handle(Object(Illuminate/Http/Request), Object(Closure))
#38 D:/Eureka/EducatioWeb/EducatioWeb_PriSec-main/vendor/laravel/framework/src/Illuminate/Cookie/Middleware/EncryptCookies.php(74): Illuminate/Pipeline/Pipeline->Illuminate/Pipeline/{closure}(Object(Illuminate/Http/Request))
#39 D:/Eureka/EducatioWeb/EducatioWeb_PriSec-main/vendor/laravel/framework/src/Illuminate/Pipeline/Pipeline.php(219): Illuminate/Cookie/Middleware/EncryptCookies->handle(Object(Illuminate/Http/Request), Object(Closure))
#40 D:/Eureka/EducatioWeb/EducatioWeb_PriSec-main/vendor/laravel/framework/src/Illuminate/Pipeline/Pipeline.php(137): Illuminate/Pipeline/Pipeline->Illuminate/Pipeline/{closure}(Object(Illuminate/Http/Request))
#41 D:/Eureka/EducatioWeb/EducatioWeb_PriSec-main/vendor/laravel/framework/src/Illuminate/Routing/Router.php(821): Illuminate/Pipeline/Pipeline->then(Object(Closure))
#42 D:/Eureka/EducatioWeb/EducatioWeb_PriSec-main/vendor/laravel/framework/src/Illuminate/Routing/Router.php(800): Illuminate/Routing/Router->runRouteWithinStack(Object(Illuminate/Routing/Route), Object(Illuminate/Http/Request))
#43 D:/Eureka/EducatioWeb/EducatioWeb_PriSec-main/vendor/laravel/framework/src/Illuminate/Routing/Router.php(764): Illuminate/Routing/Router->runRoute(Object(Illuminate/Http/Request), Object(Illuminate/Routing/Route))
#44 D:/Eureka/EducatioWeb/EducatioWeb_PriSec-main/vendor/laravel/framework/src/Illuminate/Routing/Router.php(753): Illuminate/Routing/Router->dispatchToRoute(Object(Illuminate/Http/Request))
#45 D:/Eureka/EducatioWeb/EducatioWeb_PriSec-main/vendor/laravel/framework/src/Illuminate/Foundation/Http/Kernel.php(200): Illuminate/Routing/Router->dispatch(Object(Illuminate/Http/Request))
#46 D:/Eureka/EducatioWeb/EducatioWeb_PriSec-main/vendor/laravel/framework/src/Illuminate/Pipeline/Pipeline.php(180): Illuminate/Foundation/Http/Kernel->Illuminate/Foundation/Http/{closure}(Object(Illuminate/Http/Request))
#47 D:/Eureka/EducatioWeb/EducatioWeb_PriSec-main/vendor/inertiajs/inertia-laravel/src/Middleware/EnsureGetOnRedirect.php(19): Illuminate/Pipeline/Pipeline->Illuminate/Pipeline/{closure}(Object(Illuminate/Http/Request))
#48 D:/Eureka/EducatioWeb/EducatioWeb_PriSec-main/vendor/laravel/framework/src/Illuminate/Pipeline/Pipeline.php(219): Inertia/Middleware/EnsureGetOnRedirect->handle(Object(Illuminate/Http/Request), Object(Closure))
#49 D:/Eureka/EducatioWeb/EducatioWeb_PriSec-main/vendor/laravel/framework/src/Illuminate/Foundation/Http/Middleware/TransformsRequest.php(21): Illuminate/Pipeline/Pipeline->Illuminate/Pipeline/{closure}(Object(Illuminate/Http/Request))
#50 D:/Eureka/EducatioWeb/EducatioWeb_PriSec-main/vendor/laravel/framework/src/Illuminate/Foundation/Http/Middleware/ConvertEmptyStringsToNull.php(31): Illuminate/Foundation/Http/Middleware/TransformsRequest->handle(Object(Illuminate/Http/Request), Object(Closure))
#51 D:/Eureka/EducatioWeb/EducatioWeb_PriSec-main/vendor/laravel/framework/src/Illuminate/Pipeline/Pipeline.php(219): Illuminate/Foundation/Http/Middleware/ConvertEmptyStringsToNull->handle(Object(Illuminate/Http/Request), Object(Closure))
#52 D:/Eureka/EducatioWeb/EducatioWeb_PriSec-main/vendor/laravel/framework/src/Illuminate/Foundation/Http/Middleware/TransformsRequest.php(21): Illuminate/Pipeline/Pipeline->Illuminate/Pipeline/{closure}(Object(Illuminate/Http/Request))
#53 D:/Eureka/EducatioWeb/EducatioWeb_PriSec-main/vendor/laravel/framework/src/Illuminate/Foundation/Http/Middleware/TrimStrings.php(51): Illuminate/Foundation/Http/Middleware/TransformsRequest->handle(Object(Illuminate/Http/Request), Object(Closure))
#54 D:/Eureka/EducatioWeb/EducatioWeb_PriSec-main/vendor/laravel/framework/src/Illuminate/Pipeline/Pipeline.php(219): Illuminate/Foundation/Http/Middleware/TrimStrings->handle(Object(Illuminate/Http/Request), Object(Closure))
#55 D:/Eureka/EducatioWeb/EducatioWeb_PriSec-main/vendor/laravel/framework/src/Illuminate/Http/Middleware/ValidatePostSize.php(27): Illuminate/Pipeline/Pipeline->Illuminate/Pipeline/{closure}(Object(Illuminate/Http/Request))
#56 D:/Eureka/EducatioWeb/EducatioWeb_PriSec-main/vendor/laravel/framework/src/Illuminate/Pipeline/Pipeline.php(219): Illuminate/Http/Middleware/ValidatePostSize->handle(Object(Illuminate/Http/Request), Object(Closure))
#57 D:/Eureka/EducatioWeb/EducatioWeb_PriSec-main/vendor/laravel/framework/src/Illuminate/Foundation/Http/Middleware/PreventRequestsDuringMaintenance.php(109): Illuminate/Pipeline/Pipeline->Illuminate/Pipeline/{closure}(Object(Illuminate/Http/Request))
#58 D:/Eureka/EducatioWeb/EducatioWeb_PriSec-main/vendor/laravel/framework/src/Illuminate/Pipeline/Pipeline.php(219): Illuminate/Foundation/Http/Middleware/PreventRequestsDuringMaintenance->handle(Object(Illuminate/Http/Request), Object(Closure))
#59 D:/Eureka/EducatioWeb/EducatioWeb_PriSec-main/vendor/laravel/framework/src/Illuminate/Http/Middleware/HandleCors.php(61): Illuminate/Pipeline/Pipeline->Illuminate/Pipeline/{closure}(Object(Illuminate/Http/Request))
#60 D:/Eureka/EducatioWeb/EducatioWeb_PriSec-main/vendor/laravel/framework/src/Illuminate/Pipeline/Pipeline.php(219): Illuminate/Http/Middleware/HandleCors->handle(Object(Illuminate/Http/Request), Object(Closure))
#61 D:/Eureka/EducatioWeb/EducatioWeb_PriSec-main/vendor/laravel/framework/src/Illuminate/Http/Middleware/TrustProxies.php(58): Illuminate/Pipeline/Pipeline->Illuminate/Pipeline/{closure}(Object(Illuminate/Http/Request))
#62 D:/Eureka/EducatioWeb/EducatioWeb_PriSec-main/vendor/laravel/framework/src/Illuminate/Pipeline/Pipeline.php(219): Illuminate/Http/Middleware/TrustProxies->handle(Object(Illuminate/Http/Request), Object(Closure))
#63 D:/Eureka/EducatioWeb/EducatioWeb_PriSec-main/vendor/laravel/framework/src/Illuminate/Foundation/Http/Middleware/InvokeDeferredCallbacks.php(22): Illuminate/Pipeline/Pipeline->Illuminate/Pipeline/{closure}(Object(Illuminate/Http/Request))
#64 D:/Eureka/EducatioWeb/EducatioWeb_PriSec-main/vendor/laravel/framework/src/Illuminate/Pipeline/Pipeline.php(219): Illuminate/Foundation/Http/Middleware/InvokeDeferredCallbacks->handle(Object(Illuminate/Http/Request), Object(Closure))
#65 D:/Eureka/EducatioWeb/EducatioWeb_PriSec-main/vendor/laravel/framework/src/Illuminate/Http/Middleware/ValidatePathEncoding.php(28): Illuminate/Pipeline/Pipeline->Illuminate/Pipeline/{closure}(Object(Illuminate/Http/Request))
#66 D:/Eureka/EducatioWeb/EducatioWeb_PriSec-main/vendor/laravel/framework/src/Illuminate/Pipeline/Pipeline.php(219): Illuminate/Http/Middleware/ValidatePathEncoding->handle(Object(Illuminate/Http/Request), Object(Closure))
#67 D:/Eureka/EducatioWeb/EducatioWeb_PriSec-main/vendor/laravel/framework/src/Illuminate/Pipeline/Pipeline.php(137): Illuminate/Pipeline/Pipeline->Illuminate/Pipeline/{closure}(Object(Illuminate/Http/Request))
#68 D:/Eureka/EducatioWeb/EducatioWeb_PriSec-main/vendor/laravel/framework/src/Illuminate/Foundation/Http/Kernel.php(175): Illuminate/Pipeline/Pipeline->then(Object(Closure))
#69 D:/Eureka/EducatioWeb/EducatioWeb_PriSec-main/vendor/laravel/framework/src/Illuminate/Foundation/Http/Kernel.php(144): Illuminate/Foundation/Http/Kernel->sendRequestThroughRouter(Object(Illuminate/Http/Request))
#70 D:/Eureka/EducatioWeb/EducatioWeb_PriSec-main/vendor/laravel/framework/src/Illuminate/Foundation/Application.php(1220): Illuminate/Foundation/Http/Kernel->handle(Object(Illuminate/Http/Request))
#71 D:/Eureka/EducatioWeb/EducatioWeb_PriSec-main/public/index.php(20): Illuminate/Foundation/Application->handleRequest(Object(Illuminate/Http/Request))
#72 D:/Eureka/EducatioWeb/EducatioWeb_PriSec-main/vendor/laravel/framework/src/Illuminate/Foundation/resources/server.php(23): require_once('D://Eureka//Educa...')
#73 {main}
"} 
[2026-07-28 18:14:46] local.ERROR: Please provide a valid cache path. {"exception":"[object] (InvalidArgumentException(code: 0): Please provide a valid cache path. at D:/Eureka/EducatioWeb/EducatioWeb_PriSec-main/vendor/laravel/framework/src/Illuminate/View/Compilers/Compiler.php:75)
[stacktrace]
#0 D:/Eureka/EducatioWeb/EducatioWeb_PriSec-main/vendor/laravel/framework/src/Illuminate/View/ViewServiceProvider.php(97): Illuminate/View/Compilers/Compiler->__construct(Object(Illuminate/Filesystem/Filesystem), false, '', true, 'php', true)
#1 D:/Eureka/EducatioWeb/EducatioWeb_PriSec-main/vendor/laravel/framework/src/Illuminate/Container/Container.php(1118): Illuminate/View/ViewServiceProvider->Illuminate/View/{closure}(Object(Illuminate/Foundation/Application), Array)
#2 D:/Eureka/EducatioWeb/EducatioWeb_PriSec-main/vendor/laravel/framework/src/Illuminate/Container/Container.php(936): Illuminate/Container/Container->build(Object(Closure))
#3 D:/Eureka/EducatioWeb/EducatioWeb_PriSec-main/vendor/laravel/framework/src/Illuminate/Foundation/Application.php(1078): Illuminate/Container/Container->resolve('blade.compiler', Array, true)
#4 D:/Eureka/EducatioWeb/EducatioWeb_PriSec-main/vendor/laravel/framework/src/Illuminate/Container/Container.php(864): Illuminate/Foundation/Application->resolve('blade.compiler', Array)
#5 D:/Eureka/EducatioWeb/EducatioWeb_PriSec-main/vendor/laravel/framework/src/Illuminate/Foundation/Application.php(1058): Illuminate/Container/Container->make('blade.compiler', Array)
#6 D:/Eureka/EducatioWeb/EducatioWeb_PriSec-main/vendor/laravel/framework/src/Illuminate/View/ViewServiceProvider.php(169): Illuminate/Foundation/Application->make('blade.compiler')
#7 [internal function]: Illuminate/View/ViewServiceProvider->Illuminate/View/{closure}()
#8 D:/Eureka/EducatioWeb/EducatioWeb_PriSec-main/vendor/laravel/framework/src/Illuminate/View/Engines/EngineResolver.php(55): call_user_func(Object(Closure))
#9 D:/Eureka/EducatioWeb/EducatioWeb_PriSec-main/vendor/laravel/framework/src/Illuminate/View/Factory.php(325): Illuminate/View/Engines/EngineResolver->resolve('blade')
#10 D:/Eureka/EducatioWeb/EducatioWeb_PriSec-main/vendor/laravel/framework/src/Illuminate/View/Factory.php(287): Illuminate/View/Factory->getEngineFromPath('D://Eureka//Educa...')
#11 D:/Eureka/EducatioWeb/EducatioWeb_PriSec-main/vendor/laravel/framework/src/Illuminate/View/Factory.php(159): Illuminate/View/Factory->viewInstance('wayfinder::meth...', 'D://Eureka//Educa...', Array)
#12 D:/Eureka/EducatioWeb/EducatioWeb_PriSec-main/vendor/laravel/wayfinder/src/GenerateCommand.php(285): Illuminate/View/Factory->make('wayfinder::meth...', Array)
#13 D:/Eureka/EducatioWeb/EducatioWeb_PriSec-main/vendor/laravel/wayfinder/src/GenerateCommand.php(214): Laravel/Wayfinder/GenerateCommand->writeControllerMethodExport(Object(Laravel/Wayfinder/Route), 'D://Eureka//Educa...')
#14 D:/Eureka/EducatioWeb/EducatioWeb_PriSec-main/vendor/laravel/framework/src/Illuminate/Collections/Traits/EnumeratesValues.php(275): Laravel/Wayfinder/GenerateCommand->Laravel/Wayfinder/{closure}(Object(Illuminate/Support/Collection), 'create')
#15 D:/Eureka/EducatioWeb/EducatioWeb_PriSec-main/vendor/laravel/wayfinder/src/GenerateCommand.php(212): Illuminate/Support/Collection->each(Object(Closure))
#16 D:/Eureka/EducatioWeb/EducatioWeb_PriSec-main/vendor/laravel/framework/src/Illuminate/Collections/Traits/EnumeratesValues.php(275): Laravel/Wayfinder/GenerateCommand->writeControllerFile(Object(Illuminate/Support/Collection), 'Laravel.Fortify...')
#17 D:/Eureka/EducatioWeb/EducatioWeb_PriSec-main/vendor/laravel/wayfinder/src/GenerateCommand.php(80): Illuminate/Support/Collection->each(Object(Closure))
#18 D:/Eureka/EducatioWeb/EducatioWeb_PriSec-main/vendor/laravel/framework/src/Illuminate/Container/BoundMethod.php(36): Laravel/Wayfinder/GenerateCommand->handle()
#19 D:/Eureka/EducatioWeb/EducatioWeb_PriSec-main/vendor/laravel/framework/src/Illuminate/Container/Util.php(43): Illuminate/Container/BoundMethod::Illuminate/Container/{closure}()
#20 D:/Eureka/EducatioWeb/EducatioWeb_PriSec-main/vendor/laravel/framework/src/Illuminate/Container/BoundMethod.php(96): Illuminate/Container/Util::unwrapIfClosure(Object(Closure))
#21 D:/Eureka/EducatioWeb/EducatioWeb_PriSec-main/vendor/laravel/framework/src/Illuminate/Container/BoundMethod.php(35): Illuminate/Container/BoundMethod::callBoundMethod(Object(Illuminate/Foundation/Application), Array, Object(Closure))
#22 D:/Eureka/EducatioWeb/EducatioWeb_PriSec-main/vendor/laravel/framework/src/Illuminate/Container/Container.php(799): Illuminate/Container/BoundMethod::call(Object(Illuminate/Foundation/Application), Array, Array, NULL)
#23 D:/Eureka/EducatioWeb/EducatioWeb_PriSec-main/vendor/laravel/framework/src/Illuminate/Console/Command.php(280): Illuminate/Container/Container->call(Array)
#24 D:/Eureka/EducatioWeb/EducatioWeb_PriSec-main/vendor/symfony/console/Command/Command.php(341): Illuminate/Console/Command->execute(Object(Symfony/Component/Console/Input/ArgvInput), Object(Illuminate/Console/OutputStyle))
#25 D:/Eureka/EducatioWeb/EducatioWeb_PriSec-main/vendor/laravel/framework/src/Illuminate/Console/Command.php(249): Symfony/Component/Console/Command/Command->run(Object(Symfony/Component/Console/Input/ArgvInput), Object(Illuminate/Console/OutputStyle))
#26 D:/Eureka/EducatioWeb/EducatioWeb_PriSec-main/vendor/symfony/console/Application.php(1117): Illuminate/Console/Command->run(Object(Symfony/Component/Console/Input/ArgvInput), Object(Symfony/Component/Console/Output/ConsoleOutput))
#27 D:/Eureka/EducatioWeb/EducatioWeb_PriSec-main/vendor/symfony/console/Application.php(356): Symfony/Component/Console/Application->doRunCommand(Object(Laravel/Wayfinder/GenerateCommand), Object(Symfony/Component/Console/Input/ArgvInput), Object(Symfony/Component/Console/Output/ConsoleOutput))
#28 D:/Eureka/EducatioWeb/EducatioWeb_PriSec-main/vendor/symfony/console/Application.php(195): Symfony/Component/Console/Application->doRun(Object(Symfony/Component/Console/Input/ArgvInput), Object(Symfony/Component/Console/Output/ConsoleOutput))
#29 D:/Eureka/EducatioWeb/EducatioWeb_PriSec-main/vendor/laravel/framework/src/Illuminate/Foundation/Console/Kernel.php(198): Symfony/Component/Console/Application->run(Object(Symfony/Component/Console/Input/ArgvInput), Object(Symfony/Component/Console/Output/ConsoleOutput))
#30 D:/Eureka/EducatioWeb/EducatioWeb_PriSec-main/vendor/laravel/framework/src/Illuminate/Foundation/Application.php(1235): Illuminate/Foundation/Console/Kernel->handle(Object(Symfony/Component/Console/Input/ArgvInput), Object(Symfony/Component/Console/Output/ConsoleOutput))
#31 D:/Eureka/EducatioWeb/EducatioWeb_PriSec-main/artisan(16): Illuminate/Foundation/Application->handleCommand(Object(Symfony/Component/Console/Input/ArgvInput))
#32 {main}
"} 
[2026-07-28 18:17:10] local.ERROR: Vite manifest not found at: D:\Eureka\EducatioWeb\EducatioWeb_PriSec-main\public\build/manifest.json (View: D:\Eureka\EducatioWeb\EducatioWeb_PriSec-main\resources\views\app.blade.php) {"exception":"[object] (Illuminate\\View\\ViewException(code: 0): Vite manifest not found at: D:\\Eureka\\EducatioWeb\\EducatioWeb_PriSec-main\\public\\build/manifest.json (View: D:\\Eureka\\EducatioWeb\\EducatioWeb_PriSec-main\\resources\\views\\app.blade.php) at D:/Eureka/EducatioWeb/EducatioWeb_PriSec-main/vendor/laravel/framework/src/Illuminate/Foundation/Vite.php:960)
[stacktrace]
#0 D:/Eureka/EducatioWeb/EducatioWeb_PriSec-main/vendor/laravel/framework/src/Illuminate/View/Engines/PhpEngine.php(59): Illuminate/View/Engines/CompilerEngine->handleViewException(Object(Illuminate/Foundation/ViteManifestNotFoundException), 1)
#1 D:/Eureka/EducatioWeb/EducatioWeb_PriSec-main/vendor/laravel/framework/src/Illuminate/View/Engines/CompilerEngine.php(76): Illuminate/View/Engines/PhpEngine->evaluatePath('D://Eureka//Educa...', Array)
#2 D:/Eureka/EducatioWeb/EducatioWeb_PriSec-main/vendor/laravel/framework/src/Illuminate/View/View.php(208): Illuminate/View/Engines/CompilerEngine->get('D://Eureka//Educa...', Array)
#3 D:/Eureka/EducatioWeb/EducatioWeb_PriSec-main/vendor/laravel/framework/src/Illuminate/View/View.php(191): Illuminate/View/View->getContents()
#4 D:/Eureka/EducatioWeb/EducatioWeb_PriSec-main/vendor/laravel/framework/src/Illuminate/View/View.php(160): Illuminate/View/View->renderContents()
#5 D:/Eureka/EducatioWeb/EducatioWeb_PriSec-main/vendor/laravel/framework/src/Illuminate/Http/Response.php(78): Illuminate/View/View->render()
#6 D:/Eureka/EducatioWeb/EducatioWeb_PriSec-main/vendor/laravel/framework/src/Illuminate/Http/Response.php(34): Illuminate/Http/Response->setContent(Object(Illuminate/View/View))
#7 D:/Eureka/EducatioWeb/EducatioWeb_PriSec-main/vendor/laravel/framework/src/Illuminate/Routing/ResponseFactory.php(61): Illuminate/Http/Response->__construct(Object(Illuminate/View/View), 200, Array)
#8 D:/Eureka/EducatioWeb/EducatioWeb_PriSec-main/vendor/laravel/framework/src/Illuminate/Routing/ResponseFactory.php(91): Illuminate/Routing/ResponseFactory->make(Object(Illuminate/View/View), 200, Array)
#9 D:/Eureka/EducatioWeb/EducatioWeb_PriSec-main/vendor/laravel/framework/src/Illuminate/Support/Facades/Facade.php(363): Illuminate/Routing/ResponseFactory->view('app', Array)
#10 D:/Eureka/EducatioWeb/EducatioWeb_PriSec-main/vendor/inertiajs/inertia-laravel/src/Response.php(211): Illuminate/Support/Facades/Facade::__callStatic('view', Array)
#11 D:/Eureka/EducatioWeb/EducatioWeb_PriSec-main/vendor/laravel/framework/src/Illuminate/Routing/Router.php(921): Inertia/Response->toResponse(Object(Illuminate/Http/Request))
#12 D:/Eureka/EducatioWeb/EducatioWeb_PriSec-main/vendor/laravel/framework/src/Illuminate/Routing/Router.php(906): Illuminate/Routing/Router::toResponse(Object(Illuminate/Http/Request), Object(Inertia/Response))
#13 D:/Eureka/EducatioWeb/EducatioWeb_PriSec-main/vendor/laravel/framework/src/Illuminate/Routing/Router.php(821): Illuminate/Routing/Router->prepareResponse(Object(Illuminate/Http/Request), Object(Inertia/Response))
#14 D:/Eureka/EducatioWeb/EducatioWeb_PriSec-main/vendor/laravel/framework/src/Illuminate/Pipeline/Pipeline.php(180): Illuminate/Routing/Router->Illuminate/Routing/{closure}(Object(Illuminate/Http/Request))
#15 D:/Eureka/EducatioWeb/EducatioWeb_PriSec-main/vendor/laravel/boost/src/Middleware/InjectBoost.php(22): Illuminate/Pipeline/Pipeline->Illuminate/Pipeline/{closure}(Object(Illuminate/Http/Request))
#16 D:/Eureka/EducatioWeb/EducatioWeb_PriSec-main/vendor/laravel/framework/src/Illuminate/Pipeline/Pipeline.php(219): Laravel/Boost/Middleware/InjectBoost->handle(Object(Illuminate/Http/Request), Object(Closure))
#17 D:/Eureka/EducatioWeb/EducatioWeb_PriSec-main/vendor/laravel/framework/src/Illuminate/Http/Middleware/AddLinkHeadersForPreloadedAssets.php(32): Illuminate/Pipeline/Pipeline->Illuminate/Pipeline/{closure}(Object(Illuminate/Http/Request))
#18 D:/Eureka/EducatioWeb/EducatioWeb_PriSec-main/vendor/laravel/framework/src/Illuminate/Pipeline/Pipeline.php(219): Illuminate/Http/Middleware/AddLinkHeadersForPreloadedAssets->handle(Object(Illuminate/Http/Request), Object(Closure))
#19 D:/Eureka/EducatioWeb/EducatioWeb_PriSec-main/vendor/inertiajs/inertia-laravel/src/Middleware.php(138): Illuminate/Pipeline/Pipeline->Illuminate/Pipeline/{closure}(Object(Illuminate/Http/Request))
#20 D:/Eureka/EducatioWeb/EducatioWeb_PriSec-main/vendor/laravel/framework/src/Illuminate/Pipeline/Pipeline.php(219): Inertia/Middleware->handle(Object(Illuminate/Http/Request), Object(Closure))
#21 D:/Eureka/EducatioWeb/EducatioWeb_PriSec-main/app/Http/Middleware/HandleAppearance.php(21): Illuminate/Pipeline/Pipeline->Illuminate/Pipeline/{closure}(Object(Illuminate/Http/Request))
#22 D:/Eureka/EducatioWeb/EducatioWeb_PriSec-main/vendor/laravel/framework/src/Illuminate/Pipeline/Pipeline.php(219): App/Http/Middleware/HandleAppearance->handle(Object(Illuminate/Http/Request), Object(Closure))
#23 D:/Eureka/EducatioWeb/EducatioWeb_PriSec-main/vendor/laravel/framework/src/Illuminate/Routing/Middleware/SubstituteBindings.php(52): Illuminate/Pipeline/Pipeline->Illuminate/Pipeline/{closure}(Object(Illuminate/Http/Request))
#24 D:/Eureka/EducatioWeb/EducatioWeb_PriSec-main/vendor/laravel/framework/src/Illuminate/Pipeline/Pipeline.php(219): Illuminate/Routing/Middleware/SubstituteBindings->handle(Object(Illuminate/Http/Request), Object(Closure))
#25 D:/Eureka/EducatioWeb/EducatioWeb_PriSec-main/vendor/laravel/framework/src/Illuminate/Foundation/Http/Middleware/PreventRequestForgery.php(104): Illuminate/Pipeline/Pipeline->Illuminate/Pipeline/{closure}(Object(Illuminate/Http/Request))
#26 D:/Eureka/EducatioWeb/EducatioWeb_PriSec-main/vendor/laravel/framework/src/Illuminate/Pipeline/Pipeline.php(219): Illuminate/Foundation/Http/Middleware/PreventRequestForgery->handle(Object(Illuminate/Http/Request), Object(Closure))
#27 D:/Eureka/EducatioWeb/EducatioWeb_PriSec-main/vendor/laravel/framework/src/Illuminate/View/Middleware/ShareErrorsFromSession.php(48): Illuminate/Pipeline/Pipeline->Illuminate/Pipeline/{closure}(Object(Illuminate/Http/Request))
#28 D:/Eureka/EducatioWeb/EducatioWeb_PriSec-main/vendor/laravel/framework/src/Illuminate/Pipeline/Pipeline.php(219): Illuminate/View/Middleware/ShareErrorsFromSession->handle(Object(Illuminate/Http/Request), Object(Closure))
#29 D:/Eureka/EducatioWeb/EducatioWeb_PriSec-main/vendor/laravel/framework/src/Illuminate/Session/Middleware/StartSession.php(120): Illuminate/Pipeline/Pipeline->Illuminate/Pipeline/{closure}(Object(Illuminate/Http/Request))
#30 D:/Eureka/EducatioWeb/EducatioWeb_PriSec-main/vendor/laravel/framework/src/Illuminate/Session/Middleware/StartSession.php(63): Illuminate/Session/Middleware/StartSession->handleStatefulRequest(Object(Illuminate/Http/Request), Object(Illuminate/Session/Store), Object(Closure))
#31 D:/Eureka/EducatioWeb/EducatioWeb_PriSec-main/vendor/laravel/framework/src/Illuminate/Pipeline/Pipeline.php(219): Illuminate/Session/Middleware/StartSession->handle(Object(Illuminate/Http/Request), Object(Closure))
#32 D:/Eureka/EducatioWeb/EducatioWeb_PriSec-main/vendor/laravel/framework/src/Illuminate/Cookie/Middleware/AddQueuedCookiesToResponse.php(36): Illuminate/Pipeline/Pipeline->Illuminate/Pipeline/{closure}(Object(Illuminate/Http/Request))
#33 D:/Eureka/EducatioWeb/EducatioWeb_PriSec-main/vendor/laravel/framework/src/Illuminate/Pipeline/Pipeline.php(219): Illuminate/Cookie/Middleware/AddQueuedCookiesToResponse->handle(Object(Illuminate/Http/Request), Object(Closure))
#34 D:/Eureka/EducatioWeb/EducatioWeb_PriSec-main/vendor/laravel/framework/src/Illuminate/Cookie/Middleware/EncryptCookies.php(74): Illuminate/Pipeline/Pipeline->Illuminate/Pipeline/{closure}(Object(Illuminate/Http/Request))
#35 D:/Eureka/EducatioWeb/EducatioWeb_PriSec-main/vendor/laravel/framework/src/Illuminate/Pipeline/Pipeline.php(219): Illuminate/Cookie/Middleware/EncryptCookies->handle(Object(Illuminate/Http/Request), Object(Closure))
#36 D:/Eureka/EducatioWeb/EducatioWeb_PriSec-main/vendor/laravel/framework/src/Illuminate/Pipeline/Pipeline.php(137): Illuminate/Pipeline/Pipeline->Illuminate/Pipeline/{closure}(Object(Illuminate/Http/Request))
#37 D:/Eureka/EducatioWeb/EducatioWeb_PriSec-main/vendor/laravel/framework/src/Illuminate/Routing/Router.php(821): Illuminate/Pipeline/Pipeline->then(Object(Closure))
#38 D:/Eureka/EducatioWeb/EducatioWeb_PriSec-main/vendor/laravel/framework/src/Illuminate/Routing/Router.php(800): Illuminate/Routing/Router->runRouteWithinStack(Object(Illuminate/Routing/Route), Object(Illuminate/Http/Request))
#39 D:/Eureka/EducatioWeb/EducatioWeb_PriSec-main/vendor/laravel/framework/src/Illuminate/Routing/Router.php(764): Illuminate/Routing/Router->runRoute(Object(Illuminate/Http/Request), Object(Illuminate/Routing/Route))
#40 D:/Eureka/EducatioWeb/EducatioWeb_PriSec-main/vendor/laravel/framework/src/Illuminate/Routing/Router.php(753): Illuminate/Routing/Router->dispatchToRoute(Object(Illuminate/Http/Request))
#41 D:/Eureka/EducatioWeb/EducatioWeb_PriSec-main/vendor/laravel/framework/src/Illuminate/Foundation/Http/Kernel.php(200): Illuminate/Routing/Router->dispatch(Object(Illuminate/Http/Request))
#42 D:/Eureka/EducatioWeb/EducatioWeb_PriSec-main/vendor/laravel/framework/src/Illuminate/Pipeline/Pipeline.php(180): Illuminate/Foundation/Http/Kernel->Illuminate/Foundation/Http/{closure}(Object(Illuminate/Http/Request))
#43 D:/Eureka/EducatioWeb/EducatioWeb_PriSec-main/vendor/inertiajs/inertia-laravel/src/Middleware/EnsureGetOnRedirect.php(19): Illuminate/Pipeline/Pipeline->Illuminate/Pipeline/{closure}(Object(Illuminate/Http/Request))
#44 D:/Eureka/EducatioWeb/EducatioWeb_PriSec-main/vendor/laravel/framework/src/Illuminate/Pipeline/Pipeline.php(219): Inertia/Middleware/EnsureGetOnRedirect->handle(Object(Illuminate/Http/Request), Object(Closure))
#45 D:/Eureka/EducatioWeb/EducatioWeb_PriSec-main/vendor/laravel/framework/src/Illuminate/Foundation/Http/Middleware/TransformsRequest.php(21): Illuminate/Pipeline/Pipeline->Illuminate/Pipeline/{closure}(Object(Illuminate/Http/Request))
#46 D:/Eureka/EducatioWeb/EducatioWeb_PriSec-main/vendor/laravel/framework/src/Illuminate/Foundation/Http/Middleware/ConvertEmptyStringsToNull.php(31): Illuminate/Foundation/Http/Middleware/TransformsRequest->handle(Object(Illuminate/Http/Request), Object(Closure))
#47 D:/Eureka/EducatioWeb/EducatioWeb_PriSec-main/vendor/laravel/framework/src/Illuminate/Pipeline/Pipeline.php(219): Illuminate/Foundation/Http/Middleware/ConvertEmptyStringsToNull->handle(Object(Illuminate/Http/Request), Object(Closure))
#48 D:/Eureka/EducatioWeb/EducatioWeb_PriSec-main/vendor/laravel/framework/src/Illuminate/Foundation/Http/Middleware/TransformsRequest.php(21): Illuminate/Pipeline/Pipeline->Illuminate/Pipeline/{closure}(Object(Illuminate/Http/Request))
#49 D:/Eureka/EducatioWeb/EducatioWeb_PriSec-main/vendor/laravel/framework/src/Illuminate/Foundation/Http/Middleware/TrimStrings.php(51): Illuminate/Foundation/Http/Middleware/TransformsRequest->handle(Object(Illuminate/Http/Request), Object(Closure))
#50 D:/Eureka/EducatioWeb/EducatioWeb_PriSec-main/vendor/laravel/framework/src/Illuminate/Pipeline/Pipeline.php(219): Illuminate/Foundation/Http/Middleware/TrimStrings->handle(Object(Illuminate/Http/Request), Object(Closure))
#51 D:/Eureka/EducatioWeb/EducatioWeb_PriSec-main/vendor/laravel/framework/src/Illuminate/Http/Middleware/ValidatePostSize.php(27): Illuminate/Pipeline/Pipeline->Illuminate/Pipeline/{closure}(Object(Illuminate/Http/Request))
#52 D:/Eureka/EducatioWeb/EducatioWeb_PriSec-main/vendor/laravel/framework/src/Illuminate/Pipeline/Pipeline.php(219): Illuminate/Http/Middleware/ValidatePostSize->handle(Object(Illuminate/Http/Request), Object(Closure))
#53 D:/Eureka/EducatioWeb/EducatioWeb_PriSec-main/vendor/laravel/framework/src/Illuminate/Foundation/Http/Middleware/PreventRequestsDuringMaintenance.php(109): Illuminate/Pipeline/Pipeline->Illuminate/Pipeline/{closure}(Object(Illuminate/Http/Request))
#54 D:/Eureka/EducatioWeb/EducatioWeb_PriSec-main/vendor/laravel/framework/src/Illuminate/Pipeline/Pipeline.php(219): Illuminate/Foundation/Http/Middleware/PreventRequestsDuringMaintenance->handle(Object(Illuminate/Http/Request), Object(Closure))
#55 D:/Eureka/EducatioWeb/EducatioWeb_PriSec-main/vendor/laravel/framework/src/Illuminate/Http/Middleware/HandleCors.php(61): Illuminate/Pipeline/Pipeline->Illuminate/Pipeline/{closure}(Object(Illuminate/Http/Request))
#56 D:/Eureka/EducatioWeb/EducatioWeb_PriSec-main/vendor/laravel/framework/src/Illuminate/Pipeline/Pipeline.php(219): Illuminate/Http/Middleware/HandleCors->handle(Object(Illuminate/Http/Request), Object(Closure))
#57 D:/Eureka/EducatioWeb/EducatioWeb_PriSec-main/vendor/laravel/framework/src/Illuminate/Http/Middleware/TrustProxies.php(58): Illuminate/Pipeline/Pipeline->Illuminate/Pipeline/{closure}(Object(Illuminate/Http/Request))
#58 D:/Eureka/EducatioWeb/EducatioWeb_PriSec-main/vendor/laravel/framework/src/Illuminate/Pipeline/Pipeline.php(219): Illuminate/Http/Middleware/TrustProxies->handle(Object(Illuminate/Http/Request), Object(Closure))
#59 D:/Eureka/EducatioWeb/EducatioWeb_PriSec-main/vendor/laravel/framework/src/Illuminate/Foundation/Http/Middleware/InvokeDeferredCallbacks.php(22): Illuminate/Pipeline/Pipeline->Illuminate/Pipeline/{closure}(Object(Illuminate/Http/Request))
#60 D:/Eureka/EducatioWeb/EducatioWeb_PriSec-main/vendor/laravel/framework/src/Illuminate/Pipeline/Pipeline.php(219): Illuminate/Foundation/Http/Middleware/InvokeDeferredCallbacks->handle(Object(Illuminate/Http/Request), Object(Closure))
#61 D:/Eureka/EducatioWeb/EducatioWeb_PriSec-main/vendor/laravel/framework/src/Illuminate/Http/Middleware/ValidatePathEncoding.php(28): Illuminate/Pipeline/Pipeline->Illuminate/Pipeline/{closure}(Object(Illuminate/Http/Request))
#62 D:/Eureka/EducatioWeb/EducatioWeb_PriSec-main/vendor/laravel/framework/src/Illuminate/Pipeline/Pipeline.php(219): Illuminate/Http/Middleware/ValidatePathEncoding->handle(Object(Illuminate/Http/Request), Object(Closure))
#63 D:/Eureka/EducatioWeb/EducatioWeb_PriSec-main/vendor/laravel/framework/src/Illuminate/Pipeline/Pipeline.php(137): Illuminate/Pipeline/Pipeline->Illuminate/Pipeline/{closure}(Object(Illuminate/Http/Request))
#64 D:/Eureka/EducatioWeb/EducatioWeb_PriSec-main/vendor/laravel/framework/src/Illuminate/Foundation/Http/Kernel.php(175): Illuminate/Pipeline/Pipeline->then(Object(Closure))
#65 D:/Eureka/EducatioWeb/EducatioWeb_PriSec-main/vendor/laravel/framework/src/Illuminate/Foundation/Http/Kernel.php(144): Illuminate/Foundation/Http/Kernel->sendRequestThroughRouter(Object(Illuminate/Http/Request))
#66 D:/Eureka/EducatioWeb/EducatioWeb_PriSec-main/vendor/laravel/framework/src/Illuminate/Foundation/Application.php(1220): Illuminate/Foundation/Http/Kernel->handle(Object(Illuminate/Http/Request))
#67 D:/Eureka/EducatioWeb/EducatioWeb_PriSec-main/public/index.php(20): Illuminate/Foundation/Application->handleRequest(Object(Illuminate/Http/Request))
#68 D:/Eureka/EducatioWeb/EducatioWeb_PriSec-main/vendor/laravel/framework/src/Illuminate/Foundation/resources/server.php(23): require_once('D://Eureka//Educa...')
#69 {main}

[previous exception] [object] (Illuminate\\Foundation\\ViteManifestNotFoundException(code: 0): Vite manifest not found at: D:\\Eureka\\EducatioWeb\\EducatioWeb_PriSec-main\\public\\build/manifest.json at D:/Eureka/EducatioWeb/EducatioWeb_PriSec-main/vendor/laravel/framework/src/Illuminate/Foundation/Vite.php:960)
[stacktrace]
#0 D:/Eureka/EducatioWeb/EducatioWeb_PriSec-main/vendor/laravel/framework/src/Illuminate/Foundation/Vite.php(398): Illuminate/Foundation/Vite->manifest('build')
#1 D:/Eureka/EducatioWeb/EducatioWeb_PriSec-main/storage/framework/views/be4b889beb952173a208d74e60ee6ec8.php(41): Illuminate/Foundation/Vite->__invoke(Object(Illuminate/Support/Collection))
#2 D:/Eureka/EducatioWeb/EducatioWeb_PriSec-main/vendor/laravel/framework/src/Illuminate/Filesystem/Filesystem.php(123): require('D://Eureka//Educa...')
#3 D:/Eureka/EducatioWeb/EducatioWeb_PriSec-main/vendor/laravel/framework/src/Illuminate/Filesystem/Filesystem.php(124): Illuminate/Filesystem/Filesystem::Illuminate/Filesystem/{closure}()
#4 D:/Eureka/EducatioWeb/EducatioWeb_PriSec-main/vendor/laravel/framework/src/Illuminate/View/Engines/PhpEngine.php(57): Illuminate/Filesystem/Filesystem->getRequire('D://Eureka//Educa...', Array)
#5 D:/Eureka/EducatioWeb/EducatioWeb_PriSec-main/vendor/laravel/framework/src/Illuminate/View/Engines/CompilerEngine.php(76): Illuminate/View/Engines/PhpEngine->evaluatePath('D://Eureka//Educa...', Array)
#6 D:/Eureka/EducatioWeb/EducatioWeb_PriSec-main/vendor/laravel/framework/src/Illuminate/View/View.php(208): Illuminate/View/Engines/CompilerEngine->get('D://Eureka//Educa...', Array)
#7 D:/Eureka/EducatioWeb/EducatioWeb_PriSec-main/vendor/laravel/framework/src/Illuminate/View/View.php(191): Illuminate/View/View->getContents()
#8 D:/Eureka/EducatioWeb/EducatioWeb_PriSec-main/vendor/laravel/framework/src/Illuminate/View/View.php(160): Illuminate/View/View->renderContents()
#9 D:/Eureka/EducatioWeb/EducatioWeb_PriSec-main/vendor/laravel/framework/src/Illuminate/Http/Response.php(78): Illuminate/View/View->render()
#10 D:/Eureka/EducatioWeb/EducatioWeb_PriSec-main/vendor/laravel/framework/src/Illuminate/Http/Response.php(34): Illuminate/Http/Response->setContent(Object(Illuminate/View/View))
#11 D:/Eureka/EducatioWeb/EducatioWeb_PriSec-main/vendor/laravel/framework/src/Illuminate/Routing/ResponseFactory.php(61): Illuminate/Http/Response->__construct(Object(Illuminate/View/View), 200, Array)
#12 D:/Eureka/EducatioWeb/EducatioWeb_PriSec-main/vendor/laravel/framework/src/Illuminate/Routing/ResponseFactory.php(91): Illuminate/Routing/ResponseFactory->make(Object(Illuminate/View/View), 200, Array)
#13 D:/Eureka/EducatioWeb/EducatioWeb_PriSec-main/vendor/laravel/framework/src/Illuminate/Support/Facades/Facade.php(363): Illuminate/Routing/ResponseFactory->view('app', Array)
#14 D:/Eureka/EducatioWeb/EducatioWeb_PriSec-main/vendor/inertiajs/inertia-laravel/src/Response.php(211): Illuminate/Support/Facades/Facade::__callStatic('view', Array)
#15 D:/Eureka/EducatioWeb/EducatioWeb_PriSec-main/vendor/laravel/framework/src/Illuminate/Routing/Router.php(921): Inertia/Response->toResponse(Object(Illuminate/Http/Request))
#16 D:/Eureka/EducatioWeb/EducatioWeb_PriSec-main/vendor/laravel/framework/src/Illuminate/Routing/Router.php(906): Illuminate/Routing/Router::toResponse(Object(Illuminate/Http/Request), Object(Inertia/Response))
#17 D:/Eureka/EducatioWeb/EducatioWeb_PriSec-main/vendor/laravel/framework/src/Illuminate/Routing/Router.php(821): Illuminate/Routing/Router->prepareResponse(Object(Illuminate/Http/Request), Object(Inertia/Response))
#18 D:/Eureka/EducatioWeb/EducatioWeb_PriSec-main/vendor/laravel/framework/src/Illuminate/Pipeline/Pipeline.php(180): Illuminate/Routing/Router->Illuminate/Routing/{closure}(Object(Illuminate/Http/Request))
#19 D:/Eureka/EducatioWeb/EducatioWeb_PriSec-main/vendor/laravel/boost/src/Middleware/InjectBoost.php(22): Illuminate/Pipeline/Pipeline->Illuminate/Pipeline/{closure}(Object(Illuminate/Http/Request))
#20 D:/Eureka/EducatioWeb/EducatioWeb_PriSec-main/vendor/laravel/framework/src/Illuminate/Pipeline/Pipeline.php(219): Laravel/Boost/Middleware/InjectBoost->handle(Object(Illuminate/Http/Request), Object(Closure))
#21 D:/Eureka/EducatioWeb/EducatioWeb_PriSec-main/vendor/laravel/framework/src/Illuminate/Http/Middleware/AddLinkHeadersForPreloadedAssets.php(32): Illuminate/Pipeline/Pipeline->Illuminate/Pipeline/{closure}(Object(Illuminate/Http/Request))
#22 D:/Eureka/EducatioWeb/EducatioWeb_PriSec-main/vendor/laravel/framework/src/Illuminate/Pipeline/Pipeline.php(219): Illuminate/Http/Middleware/AddLinkHeadersForPreloadedAssets->handle(Object(Illuminate/Http/Request), Object(Closure))
#23 D:/Eureka/EducatioWeb/EducatioWeb_PriSec-main/vendor/inertiajs/inertia-laravel/src/Middleware.php(138): Illuminate/Pipeline/Pipeline->Illuminate/Pipeline/{closure}(Object(Illuminate/Http/Request))
#24 D:/Eureka/EducatioWeb/EducatioWeb_PriSec-main/vendor/laravel/framework/src/Illuminate/Pipeline/Pipeline.php(219): Inertia/Middleware->handle(Object(Illuminate/Http/Request), Object(Closure))
#25 D:/Eureka/EducatioWeb/EducatioWeb_PriSec-main/app/Http/Middleware/HandleAppearance.php(21): Illuminate/Pipeline/Pipeline->Illuminate/Pipeline/{closure}(Object(Illuminate/Http/Request))
#26 D:/Eureka/EducatioWeb/EducatioWeb_PriSec-main/vendor/laravel/framework/src/Illuminate/Pipeline/Pipeline.php(219): App/Http/Middleware/HandleAppearance->handle(Object(Illuminate/Http/Request), Object(Closure))
#27 D:/Eureka/EducatioWeb/EducatioWeb_PriSec-main/vendor/laravel/framework/src/Illuminate/Routing/Middleware/SubstituteBindings.php(52): Illuminate/Pipeline/Pipeline->Illuminate/Pipeline/{closure}(Object(Illuminate/Http/Request))
#28 D:/Eureka/EducatioWeb/EducatioWeb_PriSec-main/vendor/laravel/framework/src/Illuminate/Pipeline/Pipeline.php(219): Illuminate/Routing/Middleware/SubstituteBindings->handle(Object(Illuminate/Http/Request), Object(Closure))
#29 D:/Eureka/EducatioWeb/EducatioWeb_PriSec-main/vendor/laravel/framework/src/Illuminate/Foundation/Http/Middleware/PreventRequestForgery.php(104): Illuminate/Pipeline/Pipeline->Illuminate/Pipeline/{closure}(Object(Illuminate/Http/Request))
#30 D:/Eureka/EducatioWeb/EducatioWeb_PriSec-main/vendor/laravel/framework/src/Illuminate/Pipeline/Pipeline.php(219): Illuminate/Foundation/Http/Middleware/PreventRequestForgery->handle(Object(Illuminate/Http/Request), Object(Closure))
#31 D:/Eureka/EducatioWeb/EducatioWeb_PriSec-main/vendor/laravel/framework/src/Illuminate/View/Middleware/ShareErrorsFromSession.php(48): Illuminate/Pipeline/Pipeline->Illuminate/Pipeline/{closure}(Object(Illuminate/Http/Request))
#32 D:/Eureka/EducatioWeb/EducatioWeb_PriSec-main/vendor/laravel/framework/src/Illuminate/Pipeline/Pipeline.php(219): Illuminate/View/Middleware/ShareErrorsFromSession->handle(Object(Illuminate/Http/Request), Object(Closure))
#33 D:/Eureka/EducatioWeb/EducatioWeb_PriSec-main/vendor/laravel/framework/src/Illuminate/Session/Middleware/StartSession.php(120): Illuminate/Pipeline/Pipeline->Illuminate/Pipeline/{closure}(Object(Illuminate/Http/Request))
#34 D:/Eureka/EducatioWeb/EducatioWeb_PriSec-main/vendor/laravel/framework/src/Illuminate/Session/Middleware/StartSession.php(63): Illuminate/Session/Middleware/StartSession->handleStatefulRequest(Object(Illuminate/Http/Request), Object(Illuminate/Session/Store), Object(Closure))
#35 D:/Eureka/EducatioWeb/EducatioWeb_PriSec-main/vendor/laravel/framework/src/Illuminate/Pipeline/Pipeline.php(219): Illuminate/Session/Middleware/StartSession->handle(Object(Illuminate/Http/Request), Object(Closure))
#36 D:/Eureka/EducatioWeb/EducatioWeb_PriSec-main/vendor/laravel/framework/src/Illuminate/Cookie/Middleware/AddQueuedCookiesToResponse.php(36): Illuminate/Pipeline/Pipeline->Illuminate/Pipeline/{closure}(Object(Illuminate/Http/Request))
#37 D:/Eureka/EducatioWeb/EducatioWeb_PriSec-main/vendor/laravel/framework/src/Illuminate/Pipeline/Pipeline.php(219): Illuminate/Cookie/Middleware/AddQueuedCookiesToResponse->handle(Object(Illuminate/Http/Request), Object(Closure))
#38 D:/Eureka/EducatioWeb/EducatioWeb_PriSec-main/vendor/laravel/framework/src/Illuminate/Cookie/Middleware/EncryptCookies.php(74): Illuminate/Pipeline/Pipeline->Illuminate/Pipeline/{closure}(Object(Illuminate/Http/Request))
#39 D:/Eureka/EducatioWeb/EducatioWeb_PriSec-main/vendor/laravel/framework/src/Illuminate/Pipeline/Pipeline.php(219): Illuminate/Cookie/Middleware/EncryptCookies->handle(Object(Illuminate/Http/Request), Object(Closure))
#40 D:/Eureka/EducatioWeb/EducatioWeb_PriSec-main/vendor/laravel/framework/src/Illuminate/Pipeline/Pipeline.php(137): Illuminate/Pipeline/Pipeline->Illuminate/Pipeline/{closure}(Object(Illuminate/Http/Request))
#41 D:/Eureka/EducatioWeb/EducatioWeb_PriSec-main/vendor/laravel/framework/src/Illuminate/Routing/Router.php(821): Illuminate/Pipeline/Pipeline->then(Object(Closure))
#42 D:/Eureka/EducatioWeb/EducatioWeb_PriSec-main/vendor/laravel/framework/src/Illuminate/Routing/Router.php(800): Illuminate/Routing/Router->runRouteWithinStack(Object(Illuminate/Routing/Route), Object(Illuminate/Http/Request))
#43 D:/Eureka/EducatioWeb/EducatioWeb_PriSec-main/vendor/laravel/framework/src/Illuminate/Routing/Router.php(764): Illuminate/Routing/Router->runRoute(Object(Illuminate/Http/Request), Object(Illuminate/Routing/Route))
#44 D:/Eureka/EducatioWeb/EducatioWeb_PriSec-main/vendor/laravel/framework/src/Illuminate/Routing/Router.php(753): Illuminate/Routing/Router->dispatchToRoute(Object(Illuminate/Http/Request))
#45 D:/Eureka/EducatioWeb/EducatioWeb_PriSec-main/vendor/laravel/framework/src/Illuminate/Foundation/Http/Kernel.php(200): Illuminate/Routing/Router->dispatch(Object(Illuminate/Http/Request))
#46 D:/Eureka/EducatioWeb/EducatioWeb_PriSec-main/vendor/laravel/framework/src/Illuminate/Pipeline/Pipeline.php(180): Illuminate/Foundation/Http/Kernel->Illuminate/Foundation/Http/{closure}(Object(Illuminate/Http/Request))
#47 D:/Eureka/EducatioWeb/EducatioWeb_PriSec-main/vendor/inertiajs/inertia-laravel/src/Middleware/EnsureGetOnRedirect.php(19): Illuminate/Pipeline/Pipeline->Illuminate/Pipeline/{closure}(Object(Illuminate/Http/Request))
#48 D:/Eureka/EducatioWeb/EducatioWeb_PriSec-main/vendor/laravel/framework/src/Illuminate/Pipeline/Pipeline.php(219): Inertia/Middleware/EnsureGetOnRedirect->handle(Object(Illuminate/Http/Request), Object(Closure))
#49 D:/Eureka/EducatioWeb/EducatioWeb_PriSec-main/vendor/laravel/framework/src/Illuminate/Foundation/Http/Middleware/TransformsRequest.php(21): Illuminate/Pipeline/Pipeline->Illuminate/Pipeline/{closure}(Object(Illuminate/Http/Request))
#50 D:/Eureka/EducatioWeb/EducatioWeb_PriSec-main/vendor/laravel/framework/src/Illuminate/Foundation/Http/Middleware/ConvertEmptyStringsToNull.php(31): Illuminate/Foundation/Http/Middleware/TransformsRequest->handle(Object(Illuminate/Http/Request), Object(Closure))
#51 D:/Eureka/EducatioWeb/EducatioWeb_PriSec-main/vendor/laravel/framework/src/Illuminate/Pipeline/Pipeline.php(219): Illuminate/Foundation/Http/Middleware/ConvertEmptyStringsToNull->handle(Object(Illuminate/Http/Request), Object(Closure))
#52 D:/Eureka/EducatioWeb/EducatioWeb_PriSec-main/vendor/laravel/framework/src/Illuminate/Foundation/Http/Middleware/TransformsRequest.php(21): Illuminate/Pipeline/Pipeline->Illuminate/Pipeline/{closure}(Object(Illuminate/Http/Request))
#53 D:/Eureka/EducatioWeb/EducatioWeb_PriSec-main/vendor/laravel/framework/src/Illuminate/Foundation/Http/Middleware/TrimStrings.php(51): Illuminate/Foundation/Http/Middleware/TransformsRequest->handle(Object(Illuminate/Http/Request), Object(Closure))
#54 D:/Eureka/EducatioWeb/EducatioWeb_PriSec-main/vendor/laravel/framework/src/Illuminate/Pipeline/Pipeline.php(219): Illuminate/Foundation/Http/Middleware/TrimStrings->handle(Object(Illuminate/Http/Request), Object(Closure))
#55 D:/Eureka/EducatioWeb/EducatioWeb_PriSec-main/vendor/laravel/framework/src/Illuminate/Http/Middleware/ValidatePostSize.php(27): Illuminate/Pipeline/Pipeline->Illuminate/Pipeline/{closure}(Object(Illuminate/Http/Request))
#56 D:/Eureka/EducatioWeb/EducatioWeb_PriSec-main/vendor/laravel/framework/src/Illuminate/Pipeline/Pipeline.php(219): Illuminate/Http/Middleware/ValidatePostSize->handle(Object(Illuminate/Http/Request), Object(Closure))
#57 D:/Eureka/EducatioWeb/EducatioWeb_PriSec-main/vendor/laravel/framework/src/Illuminate/Foundation/Http/Middleware/PreventRequestsDuringMaintenance.php(109): Illuminate/Pipeline/Pipeline->Illuminate/Pipeline/{closure}(Object(Illuminate/Http/Request))
#58 D:/Eureka/EducatioWeb/EducatioWeb_PriSec-main/vendor/laravel/framework/src/Illuminate/Pipeline/Pipeline.php(219): Illuminate/Foundation/Http/Middleware/PreventRequestsDuringMaintenance->handle(Object(Illuminate/Http/Request), Object(Closure))
#59 D:/Eureka/EducatioWeb/EducatioWeb_PriSec-main/vendor/laravel/framework/src/Illuminate/Http/Middleware/HandleCors.php(61): Illuminate/Pipeline/Pipeline->Illuminate/Pipeline/{closure}(Object(Illuminate/Http/Request))
#60 D:/Eureka/EducatioWeb/EducatioWeb_PriSec-main/vendor/laravel/framework/src/Illuminate/Pipeline/Pipeline.php(219): Illuminate/Http/Middleware/HandleCors->handle(Object(Illuminate/Http/Request), Object(Closure))
#61 D:/Eureka/EducatioWeb/EducatioWeb_PriSec-main/vendor/laravel/framework/src/Illuminate/Http/Middleware/TrustProxies.php(58): Illuminate/Pipeline/Pipeline->Illuminate/Pipeline/{closure}(Object(Illuminate/Http/Request))
#62 D:/Eureka/EducatioWeb/EducatioWeb_PriSec-main/vendor/laravel/framework/src/Illuminate/Pipeline/Pipeline.php(219): Illuminate/Http/Middleware/TrustProxies->handle(Object(Illuminate/Http/Request), Object(Closure))
#63 D:/Eureka/EducatioWeb/EducatioWeb_PriSec-main/vendor/laravel/framework/src/Illuminate/Foundation/Http/Middleware/InvokeDeferredCallbacks.php(22): Illuminate/Pipeline/Pipeline->Illuminate/Pipeline/{closure}(Object(Illuminate/Http/Request))
#64 D:/Eureka/EducatioWeb/EducatioWeb_PriSec-main/vendor/laravel/framework/src/Illuminate/Pipeline/Pipeline.php(219): Illuminate/Foundation/Http/Middleware/InvokeDeferredCallbacks->handle(Object(Illuminate/Http/Request), Object(Closure))
#65 D:/Eureka/EducatioWeb/EducatioWeb_PriSec-main/vendor/laravel/framework/src/Illuminate/Http/Middleware/ValidatePathEncoding.php(28): Illuminate/Pipeline/Pipeline->Illuminate/Pipeline/{closure}(Object(Illuminate/Http/Request))
#66 D:/Eureka/EducatioWeb/EducatioWeb_PriSec-main/vendor/laravel/framework/src/Illuminate/Pipeline/Pipeline.php(219): Illuminate/Http/Middleware/ValidatePathEncoding->handle(Object(Illuminate/Http/Request), Object(Closure))
#67 D:/Eureka/EducatioWeb/EducatioWeb_PriSec-main/vendor/laravel/framework/src/Illuminate/Pipeline/Pipeline.php(137): Illuminate/Pipeline/Pipeline->Illuminate/Pipeline/{closure}(Object(Illuminate/Http/Request))
#68 D:/Eureka/EducatioWeb/EducatioWeb_PriSec-main/vendor/laravel/framework/src/Illuminate/Foundation/Http/Kernel.php(175): Illuminate/Pipeline/Pipeline->then(Object(Closure))
#69 D:/Eureka/EducatioWeb/EducatioWeb_PriSec-main/vendor/laravel/framework/src/Illuminate/Foundation/Http/Kernel.php(144): Illuminate/Foundation/Http/Kernel->sendRequestThroughRouter(Object(Illuminate/Http/Request))
#70 D:/Eureka/EducatioWeb/EducatioWeb_PriSec-main/vendor/laravel/framework/src/Illuminate/Foundation/Application.php(1220): Illuminate/Foundation/Http/Kernel->handle(Object(Illuminate/Http/Request))
#71 D:/Eureka/EducatioWeb/EducatioWeb_PriSec-main/public/index.php(20): Illuminate/Foundation/Application->handleRequest(Object(Illuminate/Http/Request))
#72 D:/Eureka/EducatioWeb/EducatioWeb_PriSec-main/vendor/laravel/framework/src/Illuminate/Foundation/resources/server.php(23): require_once('D://Eureka//Educa...')
#73 {main}
"} 
[2026-07-29 08:43:56] local.ERROR: SQLSTATE[HY000] [2002] No se puede establecer una conexión ya que el equipo de destino denegó expresamente dicha conexión (Connection: mariadb, Host: 127.0.0.1, Port: 3306, Database: educatioweb01db, SQL: select * from `cache` where `key` in (eureframework-cache-illuminate:queue:paused:database:default)) {"exception":"[object] (Illuminate\\Database\\QueryException(code: 2002): SQLSTATE[HY000] [2002] No se puede establecer una conexión ya que el equipo de destino denegó expresamente dicha conexión (Connection: mariadb, Host: 127.0.0.1, Port: 3306, Database: educatioweb01db, SQL: select * from `cache` where `key` in (eureframework-cache-illuminate:queue:paused:database:default)) at D:/Eureka/EducatioWeb/EducatioWeb_PriSec-main/vendor/laravel/framework/src/Illuminate/Database/Connection.php:841)
[stacktrace]
#0 D:/Eureka/EducatioWeb/EducatioWeb_PriSec-main/vendor/laravel/framework/src/Illuminate/Database/Connection.php(797): Illuminate/Database/Connection->runQueryCallback('select * from `...', Array, Object(Closure))
#1 D:/Eureka/EducatioWeb/EducatioWeb_PriSec-main/vendor/laravel/framework/src/Illuminate/Database/Connection.php(412): Illuminate/Database/Connection->run('select * from `...', Array, Object(Closure))
#2 D:/Eureka/EducatioWeb/EducatioWeb_PriSec-main/vendor/laravel/framework/src/Illuminate/Database/Query/Builder.php(3567): Illuminate/Database/Connection->select('select * from `...', Array, true, Array)
#3 D:/Eureka/EducatioWeb/EducatioWeb_PriSec-main/vendor/laravel/framework/src/Illuminate/Database/Query/Builder.php(3551): Illuminate/Database/Query/Builder->runSelect()
#4 D:/Eureka/EducatioWeb/EducatioWeb_PriSec-main/vendor/laravel/framework/src/Illuminate/Cache/DatabaseStore.php(142): Illuminate/Database/Query/Builder->get()
#5 D:/Eureka/EducatioWeb/EducatioWeb_PriSec-main/vendor/laravel/framework/src/Illuminate/Cache/Repository.php(160): Illuminate/Cache/DatabaseStore->many(Array)
#6 D:/Eureka/EducatioWeb/EducatioWeb_PriSec-main/vendor/laravel/framework/src/Illuminate/Queue/QueueManager.php(298): Illuminate/Cache/Repository->many(Array)
#7 D:/Eureka/EducatioWeb/EducatioWeb_PriSec-main/vendor/laravel/framework/src/Illuminate/Queue/Worker.php(483): Illuminate/Queue/QueueManager->getPausedQueues('database', Array)
#8 D:/Eureka/EducatioWeb/EducatioWeb_PriSec-main/vendor/laravel/framework/src/Illuminate/Queue/Worker.php(444): Illuminate/Queue/Worker->getPausedQueues('database', Array)
#9 D:/Eureka/EducatioWeb/EducatioWeb_PriSec-main/vendor/laravel/framework/src/Illuminate/Queue/Worker.php(404): Illuminate/Queue/Worker->getNextJob(Object(Illuminate/Queue/DatabaseQueue), 'default')
#10 D:/Eureka/EducatioWeb/EducatioWeb_PriSec-main/vendor/laravel/framework/src/Illuminate/Queue/Console/WorkCommand.php(149): Illuminate/Queue/Worker->runNextJob('database', 'default', Object(Illuminate/Queue/WorkerOptions))
#11 D:/Eureka/EducatioWeb/EducatioWeb_PriSec-main/vendor/laravel/framework/src/Illuminate/Queue/Console/WorkCommand.php(132): Illuminate/Queue/Console/WorkCommand->runWorker('database', 'default')
#12 D:/Eureka/EducatioWeb/EducatioWeb_PriSec-main/vendor/laravel/framework/src/Illuminate/Container/BoundMethod.php(36): Illuminate/Queue/Console/WorkCommand->handle()
#13 D:/Eureka/EducatioWeb/EducatioWeb_PriSec-main/vendor/laravel/framework/src/Illuminate/Container/Util.php(43): Illuminate/Container/BoundMethod::Illuminate/Container/{closure}()
#14 D:/Eureka/EducatioWeb/EducatioWeb_PriSec-main/vendor/laravel/framework/src/Illuminate/Container/BoundMethod.php(96): Illuminate/Container/Util::unwrapIfClosure(Object(Closure))
#15 D:/Eureka/EducatioWeb/EducatioWeb_PriSec-main/vendor/laravel/framework/src/Illuminate/Container/BoundMethod.php(35): Illuminate/Container/BoundMethod::callBoundMethod(Object(Illuminate/Foundation/Application), Array, Object(Closure))
#16 D:/Eureka/EducatioWeb/EducatioWeb_PriSec-main/vendor/laravel/framework/src/Illuminate/Container/Container.php(799): Illuminate/Container/BoundMethod::call(Object(Illuminate/Foundation/Application), Array, Array, NULL)
#17 D:/Eureka/EducatioWeb/EducatioWeb_PriSec-main/vendor/laravel/framework/src/Illuminate/Console/Command.php(280): Illuminate/Container/Container->call(Array)
#18 D:/Eureka/EducatioWeb/EducatioWeb_PriSec-main/vendor/symfony/console/Command/Command.php(341): Illuminate/Console/Command->execute(Object(Symfony/Component/Console/Input/ArgvInput), Object(Illuminate/Console/OutputStyle))
#19 D:/Eureka/EducatioWeb/EducatioWeb_PriSec-main/vendor/laravel/framework/src/Illuminate/Console/Command.php(249): Symfony/Component/Console/Command/Command->run(Object(Symfony/Component/Console/Input/ArgvInput), Object(Illuminate/Console/OutputStyle))
#20 D:/Eureka/EducatioWeb/EducatioWeb_PriSec-main/vendor/symfony/console/Application.php(1117): Illuminate/Console/Command->run(Object(Symfony/Component/Console/Input/ArgvInput), Object(Symfony/Component/Console/Output/ConsoleOutput))
#21 D:/Eureka/EducatioWeb/EducatioWeb_PriSec-main/vendor/symfony/console/Application.php(356): Symfony/Component/Console/Application->doRunCommand(Object(Illuminate/Queue/Console/WorkCommand), Object(Symfony/Component/Console/Input/ArgvInput), Object(Symfony/Component/Console/Output/ConsoleOutput))
#22 D:/Eureka/EducatioWeb/EducatioWeb_PriSec-main/vendor/symfony/console/Application.php(195): Symfony/Component/Console/Application->doRun(Object(Symfony/Component/Console/Input/ArgvInput), Object(Symfony/Component/Console/Output/ConsoleOutput))
#23 D:/Eureka/EducatioWeb/EducatioWeb_PriSec-main/vendor/laravel/framework/src/Illuminate/Foundation/Console/Kernel.php(198): Symfony/Component/Console/Application->run(Object(Symfony/Component/Console/Input/ArgvInput), Object(Symfony/Component/Console/Output/ConsoleOutput))
#24 D:/Eureka/EducatioWeb/EducatioWeb_PriSec-main/vendor/laravel/framework/src/Illuminate/Foundation/Application.php(1235): Illuminate/Foundation/Console/Kernel->handle(Object(Symfony/Component/Console/Input/ArgvInput), Object(Symfony/Component/Console/Output/ConsoleOutput))
#25 D:/Eureka/EducatioWeb/EducatioWeb_PriSec-main/artisan(16): Illuminate/Foundation/Application->handleCommand(Object(Symfony/Component/Console/Input/ArgvInput))
#26 {main}

[previous exception] [object] (PDOException(code: 2002): SQLSTATE[HY000] [2002] No se puede establecer una conexión ya que el equipo de destino denegó expresamente dicha conexión at D:/Eureka/EducatioWeb/EducatioWeb_PriSec-main/vendor/laravel/framework/src/Illuminate/Database/Connectors/Connector.php:66)
[stacktrace]
#0 D:/Eureka/EducatioWeb/EducatioWeb_PriSec-main/vendor/laravel/framework/src/Illuminate/Database/Connectors/Connector.php(66): PDO->__construct('mysql:host=127....', 'root', Object(SensitiveParameterValue), Array)
#1 D:/Eureka/EducatioWeb/EducatioWeb_PriSec-main/vendor/laravel/framework/src/Illuminate/Database/Connectors/Connector.php(44): Illuminate/Database/Connectors/Connector->createPdoConnection('mysql:host=127....', 'root', Object(SensitiveParameterValue), Array)
#2 D:/Eureka/EducatioWeb/EducatioWeb_PriSec-main/vendor/laravel/framework/src/Illuminate/Database/Connectors/MySqlConnector.php(24): Illuminate/Database/Connectors/Connector->createConnection('mysql:host=127....', Array, Array)
#3 D:/Eureka/EducatioWeb/EducatioWeb_PriSec-main/vendor/laravel/framework/src/Illuminate/Database/Connectors/ConnectionFactory.php(188): Illuminate/Database/Connectors/MySqlConnector->connect(Array)
#4 [internal function]: Illuminate/Database/Connectors/ConnectionFactory->Illuminate/Database/Connectors/{closure}()
#5 D:/Eureka/EducatioWeb/EducatioWeb_PriSec-main/vendor/laravel/framework/src/Illuminate/Database/Connection.php(1279): call_user_func(Object(Closure))
#6 D:/Eureka/EducatioWeb/EducatioWeb_PriSec-main/vendor/laravel/framework/src/Illuminate/Database/Connection.php(1317): Illuminate/Database/Connection->getPdo()
#7 D:/Eureka/EducatioWeb/EducatioWeb_PriSec-main/vendor/laravel/framework/src/Illuminate/Database/Connection.php(528): Illuminate/Database/Connection->getReadPdo()
#8 D:/Eureka/EducatioWeb/EducatioWeb_PriSec-main/vendor/laravel/framework/src/Illuminate/Database/Connection.php(421): Illuminate/Database/Connection->getPdoForSelect(true)
#9 D:/Eureka/EducatioWeb/EducatioWeb_PriSec-main/vendor/laravel/framework/src/Illuminate/Database/Connection.php(830): Illuminate/Database/Connection->Illuminate/Database/{closure}('select * from `...', Array)
#10 D:/Eureka/EducatioWeb/EducatioWeb_PriSec-main/vendor/laravel/framework/src/Illuminate/Database/Connection.php(797): Illuminate/Database/Connection->runQueryCallback('select * from `...', Array, Object(Closure))
#11 D:/Eureka/EducatioWeb/EducatioWeb_PriSec-main/vendor/laravel/framework/src/Illuminate/Database/Connection.php(412): Illuminate/Database/Connection->run('select * from `...', Array, Object(Closure))
#12 D:/Eureka/EducatioWeb/EducatioWeb_PriSec-main/vendor/laravel/framework/src/Illuminate/Database/Query/Builder.php(3567): Illuminate/Database/Connection->select('select * from `...', Array, true, Array)
#13 D:/Eureka/EducatioWeb/EducatioWeb_PriSec-main/vendor/laravel/framework/src/Illuminate/Database/Query/Builder.php(3551): Illuminate/Database/Query/Builder->runSelect()
#14 D:/Eureka/EducatioWeb/EducatioWeb_PriSec-main/vendor/laravel/framework/src/Illuminate/Cache/DatabaseStore.php(142): Illuminate/Database/Query/Builder->get()
#15 D:/Eureka/EducatioWeb/EducatioWeb_PriSec-main/vendor/laravel/framework/src/Illuminate/Cache/Repository.php(160): Illuminate/Cache/DatabaseStore->many(Array)
#16 D:/Eureka/EducatioWeb/EducatioWeb_PriSec-main/vendor/laravel/framework/src/Illuminate/Queue/QueueManager.php(298): Illuminate/Cache/Repository->many(Array)
#17 D:/Eureka/EducatioWeb/EducatioWeb_PriSec-main/vendor/laravel/framework/src/Illuminate/Queue/Worker.php(483): Illuminate/Queue/QueueManager->getPausedQueues('database', Array)
#18 D:/Eureka/EducatioWeb/EducatioWeb_PriSec-main/vendor/laravel/framework/src/Illuminate/Queue/Worker.php(444): Illuminate/Queue/Worker->getPausedQueues('database', Array)
#19 D:/Eureka/EducatioWeb/EducatioWeb_PriSec-main/vendor/laravel/framework/src/Illuminate/Queue/Worker.php(404): Illuminate/Queue/Worker->getNextJob(Object(Illuminate/Queue/DatabaseQueue), 'default')
#20 D:/Eureka/EducatioWeb/EducatioWeb_PriSec-main/vendor/laravel/framework/src/Illuminate/Queue/Console/WorkCommand.php(149): Illuminate/Queue/Worker->runNextJob('database', 'default', Object(Illuminate/Queue/WorkerOptions))
#21 D:/Eureka/EducatioWeb/EducatioWeb_PriSec-main/vendor/laravel/framework/src/Illuminate/Queue/Console/WorkCommand.php(132): Illuminate/Queue/Console/WorkCommand->runWorker('database', 'default')
#22 D:/Eureka/EducatioWeb/EducatioWeb_PriSec-main/vendor/laravel/framework/src/Illuminate/Container/BoundMethod.php(36): Illuminate/Queue/Console/WorkCommand->handle()
#23 D:/Eureka/EducatioWeb/EducatioWeb_PriSec-main/vendor/laravel/framework/src/Illuminate/Container/Util.php(43): Illuminate/Container/BoundMethod::Illuminate/Container/{closure}()
#24 D:/Eureka/EducatioWeb/EducatioWeb_PriSec-main/vendor/laravel/framework/src/Illuminate/Container/BoundMethod.php(96): Illuminate/Container/Util::unwrapIfClosure(Object(Closure))
#25 D:/Eureka/EducatioWeb/EducatioWeb_PriSec-main/vendor/laravel/framework/src/Illuminate/Container/BoundMethod.php(35): Illuminate/Container/BoundMethod::callBoundMethod(Object(Illuminate/Foundation/Application), Array, Object(Closure))
#26 D:/Eureka/EducatioWeb/EducatioWeb_PriSec-main/vendor/laravel/framework/src/Illuminate/Container/Container.php(799): Illuminate/Container/BoundMethod::call(Object(Illuminate/Foundation/Application), Array, Array, NULL)
#27 D:/Eureka/EducatioWeb/EducatioWeb_PriSec-main/vendor/laravel/framework/src/Illuminate/Console/Command.php(280): Illuminate/Container/Container->call(Array)
#28 D:/Eureka/EducatioWeb/EducatioWeb_PriSec-main/vendor/symfony/console/Command/Command.php(341): Illuminate/Console/Command->execute(Object(Symfony/Component/Console/Input/ArgvInput), Object(Illuminate/Console/OutputStyle))
#29 D:/Eureka/EducatioWeb/EducatioWeb_PriSec-main/vendor/laravel/framework/src/Illuminate/Console/Command.php(249): Symfony/Component/Console/Command/Command->run(Object(Symfony/Component/Console/Input/ArgvInput), Object(Illuminate/Console/OutputStyle))
#30 D:/Eureka/EducatioWeb/EducatioWeb_PriSec-main/vendor/symfony/console/Application.php(1117): Illuminate/Console/Command->run(Object(Symfony/Component/Console/Input/ArgvInput), Object(Symfony/Component/Console/Output/ConsoleOutput))
#31 D:/Eureka/EducatioWeb/EducatioWeb_PriSec-main/vendor/symfony/console/Application.php(356): Symfony/Component/Console/Application->doRunCommand(Object(Illuminate/Queue/Console/WorkCommand), Object(Symfony/Component/Console/Input/ArgvInput), Object(Symfony/Component/Console/Output/ConsoleOutput))
#32 D:/Eureka/EducatioWeb/EducatioWeb_PriSec-main/vendor/symfony/console/Application.php(195): Symfony/Component/Console/Application->doRun(Object(Symfony/Component/Console/Input/ArgvInput), Object(Symfony/Component/Console/Output/ConsoleOutput))
#33 D:/Eureka/EducatioWeb/EducatioWeb_PriSec-main/vendor/laravel/framework/src/Illuminate/Foundation/Console/Kernel.php(198): Symfony/Component/Console/Application->run(Object(Symfony/Component/Console/Input/ArgvInput), Object(Symfony/Component/Console/Output/ConsoleOutput))
#34 D:/Eureka/EducatioWeb/EducatioWeb_PriSec-main/vendor/laravel/framework/src/Illuminate/Foundation/Application.php(1235): Illuminate/Foundation/Console/Kernel->handle(Object(Symfony/Component/Console/Input/ArgvInput), Object(Symfony/Component/Console/Output/ConsoleOutput))
#35 D:/Eureka/EducatioWeb/EducatioWeb_PriSec-main/artisan(16): Illuminate/Foundation/Application->handleCommand(Object(Symfony/Component/Console/Input/ArgvInput))
#36 {main}
"} 
[2026-07-29 08:44:03] local.ERROR: SQLSTATE[HY000] [2002] No se puede establecer una conexión ya que el equipo de destino denegó expresamente dicha conexión (Connection: mariadb, Host: 127.0.0.1, Port: 3306, Database: educatioweb01db, SQL: select * from `cache` where `key` in (eureframework-cache-illuminate:queue:paused:database:default)) {"exception":"[object] (Illuminate\\Database\\QueryException(code: 2002): SQLSTATE[HY000] [2002] No se puede establecer una conexión ya que el equipo de destino denegó expresamente dicha conexión (Connection: mariadb, Host: 127.0.0.1, Port: 3306, Database: educatioweb01db, SQL: select * from `cache` where `key` in (eureframework-cache-illuminate:queue:paused:database:default)) at D:/Eureka/EducatioWeb/EducatioWeb_PriSec-main/vendor/laravel/framework/src/Illuminate/Database/Connection.php:841)
[stacktrace]
#0 D:/Eureka/EducatioWeb/EducatioWeb_PriSec-main/vendor/laravel/framework/src/Illuminate/Database/Connection.php(797): Illuminate/Database/Connection->runQueryCallback('select * from `...', Array, Object(Closure))
#1 D:/Eureka/EducatioWeb/EducatioWeb_PriSec-main/vendor/laravel/framework/src/Illuminate/Database/Connection.php(412): Illuminate/Database/Connection->run('select * from `...', Array, Object(Closure))
#2 D:/Eureka/EducatioWeb/EducatioWeb_PriSec-main/vendor/laravel/framework/src/Illuminate/Database/Query/Builder.php(3567): Illuminate/Database/Connection->select('select * from `...', Array, true, Array)
#3 D:/Eureka/EducatioWeb/EducatioWeb_PriSec-main/vendor/laravel/framework/src/Illuminate/Database/Query/Builder.php(3551): Illuminate/Database/Query/Builder->runSelect()
#4 D:/Eureka/EducatioWeb/EducatioWeb_PriSec-main/vendor/laravel/framework/src/Illuminate/Cache/DatabaseStore.php(142): Illuminate/Database/Query/Builder->get()
#5 D:/Eureka/EducatioWeb/EducatioWeb_PriSec-main/vendor/laravel/framework/src/Illuminate/Cache/Repository.php(160): Illuminate/Cache/DatabaseStore->many(Array)
#6 D:/Eureka/EducatioWeb/EducatioWeb_PriSec-main/vendor/laravel/framework/src/Illuminate/Queue/QueueManager.php(298): Illuminate/Cache/Repository->many(Array)
#7 D:/Eureka/EducatioWeb/EducatioWeb_PriSec-main/vendor/laravel/framework/src/Illuminate/Queue/Worker.php(483): Illuminate/Queue/QueueManager->getPausedQueues('database', Array)
#8 D:/Eureka/EducatioWeb/EducatioWeb_PriSec-main/vendor/laravel/framework/src/Illuminate/Queue/Worker.php(444): Illuminate/Queue/Worker->getPausedQueues('database', Array)
#9 D:/Eureka/EducatioWeb/EducatioWeb_PriSec-main/vendor/laravel/framework/src/Illuminate/Queue/Worker.php(404): Illuminate/Queue/Worker->getNextJob(Object(Illuminate/Queue/DatabaseQueue), 'default')
#10 D:/Eureka/EducatioWeb/EducatioWeb_PriSec-main/vendor/laravel/framework/src/Illuminate/Queue/Console/WorkCommand.php(149): Illuminate/Queue/Worker->runNextJob('database', 'default', Object(Illuminate/Queue/WorkerOptions))
#11 D:/Eureka/EducatioWeb/EducatioWeb_PriSec-main/vendor/laravel/framework/src/Illuminate/Queue/Console/WorkCommand.php(132): Illuminate/Queue/Console/WorkCommand->runWorker('database', 'default')
#12 D:/Eureka/EducatioWeb/EducatioWeb_PriSec-main/vendor/laravel/framework/src/Illuminate/Container/BoundMethod.php(36): Illuminate/Queue/Console/WorkCommand->handle()
#13 D:/Eureka/EducatioWeb/EducatioWeb_PriSec-main/vendor/laravel/framework/src/Illuminate/Container/Util.php(43): Illuminate/Container/BoundMethod::Illuminate/Container/{closure}()
#14 D:/Eureka/EducatioWeb/EducatioWeb_PriSec-main/vendor/laravel/framework/src/Illuminate/Container/BoundMethod.php(96): Illuminate/Container/Util::unwrapIfClosure(Object(Closure))
#15 D:/Eureka/EducatioWeb/EducatioWeb_PriSec-main/vendor/laravel/framework/src/Illuminate/Container/BoundMethod.php(35): Illuminate/Container/BoundMethod::callBoundMethod(Object(Illuminate/Foundation/Application), Array, Object(Closure))
#16 D:/Eureka/EducatioWeb/EducatioWeb_PriSec-main/vendor/laravel/framework/src/Illuminate/Container/Container.php(799): Illuminate/Container/BoundMethod::call(Object(Illuminate/Foundation/Application), Array, Array, NULL)
#17 D:/Eureka/EducatioWeb/EducatioWeb_PriSec-main/vendor/laravel/framework/src/Illuminate/Console/Command.php(280): Illuminate/Container/Container->call(Array)
#18 D:/Eureka/EducatioWeb/EducatioWeb_PriSec-main/vendor/symfony/console/Command/Command.php(341): Illuminate/Console/Command->execute(Object(Symfony/Component/Console/Input/ArgvInput), Object(Illuminate/Console/OutputStyle))
#19 D:/Eureka/EducatioWeb/EducatioWeb_PriSec-main/vendor/laravel/framework/src/Illuminate/Console/Command.php(249): Symfony/Component/Console/Command/Command->run(Object(Symfony/Component/Console/Input/ArgvInput), Object(Illuminate/Console/OutputStyle))
#20 D:/Eureka/EducatioWeb/EducatioWeb_PriSec-main/vendor/symfony/console/Application.php(1117): Illuminate/Console/Command->run(Object(Symfony/Component/Console/Input/ArgvInput), Object(Symfony/Component/Console/Output/ConsoleOutput))
#21 D:/Eureka/EducatioWeb/EducatioWeb_PriSec-main/vendor/symfony/console/Application.php(356): Symfony/Component/Console/Application->doRunCommand(Object(Illuminate/Queue/Console/WorkCommand), Object(Symfony/Component/Console/Input/ArgvInput), Object(Symfony/Component/Console/Output/ConsoleOutput))
#22 D:/Eureka/EducatioWeb/EducatioWeb_PriSec-main/vendor/symfony/console/Application.php(195): Symfony/Component/Console/Application->doRun(Object(Symfony/Component/Console/Input/ArgvInput), Object(Symfony/Component/Console/Output/ConsoleOutput))
#23 D:/Eureka/EducatioWeb/EducatioWeb_PriSec-main/vendor/laravel/framework/src/Illuminate/Foundation/Console/Kernel.php(198): Symfony/Component/Console/Application->run(Object(Symfony/Component/Console/Input/ArgvInput), Object(Symfony/Component/Console/Output/ConsoleOutput))
#24 D:/Eureka/EducatioWeb/EducatioWeb_PriSec-main/vendor/laravel/framework/src/Illuminate/Foundation/Application.php(1235): Illuminate/Foundation/Console/Kernel->handle(Object(Symfony/Component/Console/Input/ArgvInput), Object(Symfony/Component/Console/Output/ConsoleOutput))
#25 D:/Eureka/EducatioWeb/EducatioWeb_PriSec-main/artisan(16): Illuminate/Foundation/Application->handleCommand(Object(Symfony/Component/Console/Input/ArgvInput))
#26 {main}

[previous exception] [object] (PDOException(code: 2002): SQLSTATE[HY000] [2002] No se puede establecer una conexión ya que el equipo de destino denegó expresamente dicha conexión at D:/Eureka/EducatioWeb/EducatioWeb_PriSec-main/vendor/laravel/framework/src/Illuminate/Database/Connectors/Connector.php:66)
[stacktrace]
#0 D:/Eureka/EducatioWeb/EducatioWeb_PriSec-main/vendor/laravel/framework/src/Illuminate/Database/Connectors/Connector.php(66): PDO->__construct('mysql:host=127....', 'root', Object(SensitiveParameterValue), Array)
#1 D:/Eureka/EducatioWeb/EducatioWeb_PriSec-main/vendor/laravel/framework/src/Illuminate/Database/Connectors/Connector.php(44): Illuminate/Database/Connectors/Connector->createPdoConnection('mysql:host=127....', 'root', Object(SensitiveParameterValue), Array)
#2 D:/Eureka/EducatioWeb/EducatioWeb_PriSec-main/vendor/laravel/framework/src/Illuminate/Database/Connectors/MySqlConnector.php(24): Illuminate/Database/Connectors/Connector->createConnection('mysql:host=127....', Array, Array)
#3 D:/Eureka/EducatioWeb/EducatioWeb_PriSec-main/vendor/laravel/framework/src/Illuminate/Database/Connectors/ConnectionFactory.php(188): Illuminate/Database/Connectors/MySqlConnector->connect(Array)
#4 [internal function]: Illuminate/Database/Connectors/ConnectionFactory->Illuminate/Database/Connectors/{closure}()
#5 D:/Eureka/EducatioWeb/EducatioWeb_PriSec-main/vendor/laravel/framework/src/Illuminate/Database/Connection.php(1279): call_user_func(Object(Closure))
#6 D:/Eureka/EducatioWeb/EducatioWeb_PriSec-main/vendor/laravel/framework/src/Illuminate/Database/Connection.php(1317): Illuminate/Database/Connection->getPdo()
#7 D:/Eureka/EducatioWeb/EducatioWeb_PriSec-main/vendor/laravel/framework/src/Illuminate/Database/Connection.php(528): Illuminate/Database/Connection->getReadPdo()
#8 D:/Eureka/EducatioWeb/EducatioWeb_PriSec-main/vendor/laravel/framework/src/Illuminate/Database/Connection.php(421): Illuminate/Database/Connection->getPdoForSelect(true)
#9 D:/Eureka/EducatioWeb/EducatioWeb_PriSec-main/vendor/laravel/framework/src/Illuminate/Database/Connection.php(830): Illuminate/Database/Connection->Illuminate/Database/{closure}('select * from `...', Array)
#10 D:/Eureka/EducatioWeb/EducatioWeb_PriSec-main/vendor/laravel/framework/src/Illuminate/Database/Connection.php(797): Illuminate/Database/Connection->runQueryCallback('select * from `...', Array, Object(Closure))
#11 D:/Eureka/EducatioWeb/EducatioWeb_PriSec-main/vendor/laravel/framework/src/Illuminate/Database/Connection.php(412): Illuminate/Database/Connection->run('select * from `...', Array, Object(Closure))
#12 D:/Eureka/EducatioWeb/EducatioWeb_PriSec-main/vendor/laravel/framework/src/Illuminate/Database/Query/Builder.php(3567): Illuminate/Database/Connection->select('select * from `...', Array, true, Array)
#13 D:/Eureka/EducatioWeb/EducatioWeb_PriSec-main/vendor/laravel/framework/src/Illuminate/Database/Query/Builder.php(3551): Illuminate/Database/Query/Builder->runSelect()
#14 D:/Eureka/EducatioWeb/EducatioWeb_PriSec-main/vendor/laravel/framework/src/Illuminate/Cache/DatabaseStore.php(142): Illuminate/Database/Query/Builder->get()
#15 D:/Eureka/EducatioWeb/EducatioWeb_PriSec-main/vendor/laravel/framework/src/Illuminate/Cache/Repository.php(160): Illuminate/Cache/DatabaseStore->many(Array)
#16 D:/Eureka/EducatioWeb/EducatioWeb_PriSec-main/vendor/laravel/framework/src/Illuminate/Queue/QueueManager.php(298): Illuminate/Cache/Repository->many(Array)
#17 D:/Eureka/EducatioWeb/EducatioWeb_PriSec-main/vendor/laravel/framework/src/Illuminate/Queue/Worker.php(483): Illuminate/Queue/QueueManager->getPausedQueues('database', Array)
#18 D:/Eureka/EducatioWeb/EducatioWeb_PriSec-main/vendor/laravel/framework/src/Illuminate/Queue/Worker.php(444): Illuminate/Queue/Worker->getPausedQueues('database', Array)
#19 D:/Eureka/EducatioWeb/EducatioWeb_PriSec-main/vendor/laravel/framework/src/Illuminate/Queue/Worker.php(404): Illuminate/Queue/Worker->getNextJob(Object(Illuminate/Queue/DatabaseQueue), 'default')
#20 D:/Eureka/EducatioWeb/EducatioWeb_PriSec-main/vendor/laravel/framework/src/Illuminate/Queue/Console/WorkCommand.php(149): Illuminate/Queue/Worker->runNextJob('database', 'default', Object(Illuminate/Queue/WorkerOptions))
#21 D:/Eureka/EducatioWeb/EducatioWeb_PriSec-main/vendor/laravel/framework/src/Illuminate/Queue/Console/WorkCommand.php(132): Illuminate/Queue/Console/WorkCommand->runWorker('database', 'default')
#22 D:/Eureka/EducatioWeb/EducatioWeb_PriSec-main/vendor/laravel/framework/src/Illuminate/Container/BoundMethod.php(36): Illuminate/Queue/Console/WorkCommand->handle()
#23 D:/Eureka/EducatioWeb/EducatioWeb_PriSec-main/vendor/laravel/framework/src/Illuminate/Container/Util.php(43): Illuminate/Container/BoundMethod::Illuminate/Container/{closure}()
#24 D:/Eureka/EducatioWeb/EducatioWeb_PriSec-main/vendor/laravel/framework/src/Illuminate/Container/BoundMethod.php(96): Illuminate/Container/Util::unwrapIfClosure(Object(Closure))
#25 D:/Eureka/EducatioWeb/EducatioWeb_PriSec-main/vendor/laravel/framework/src/Illuminate/Container/BoundMethod.php(35): Illuminate/Container/BoundMethod::callBoundMethod(Object(Illuminate/Foundation/Application), Array, Object(Closure))
#26 D:/Eureka/EducatioWeb/EducatioWeb_PriSec-main/vendor/laravel/framework/src/Illuminate/Container/Container.php(799): Illuminate/Container/BoundMethod::call(Object(Illuminate/Foundation/Application), Array, Array, NULL)
#27 D:/Eureka/EducatioWeb/EducatioWeb_PriSec-main/vendor/laravel/framework/src/Illuminate/Console/Command.php(280): Illuminate/Container/Container->call(Array)
#28 D:/Eureka/EducatioWeb/EducatioWeb_PriSec-main/vendor/symfony/console/Command/Command.php(341): Illuminate/Console/Command->execute(Object(Symfony/Component/Console/Input/ArgvInput), Object(Illuminate/Console/OutputStyle))
#29 D:/Eureka/EducatioWeb/EducatioWeb_PriSec-main/vendor/laravel/framework/src/Illuminate/Console/Command.php(249): Symfony/Component/Console/Command/Command->run(Object(Symfony/Component/Console/Input/ArgvInput), Object(Illuminate/Console/OutputStyle))
#30 D:/Eureka/EducatioWeb/EducatioWeb_PriSec-main/vendor/symfony/console/Application.php(1117): Illuminate/Console/Command->run(Object(Symfony/Component/Console/Input/ArgvInput), Object(Symfony/Component/Console/Output/ConsoleOutput))
#31 D:/Eureka/EducatioWeb/EducatioWeb_PriSec-main/vendor/symfony/console/Application.php(356): Symfony/Component/Console/Application->doRunCommand(Object(Illuminate/Queue/Console/WorkCommand), Object(Symfony/Component/Console/Input/ArgvInput), Object(Symfony/Component/Console/Output/ConsoleOutput))
#32 D:/Eureka/EducatioWeb/EducatioWeb_PriSec-main/vendor/symfony/console/Application.php(195): Symfony/Component/Console/Application->doRun(Object(Symfony/Component/Console/Input/ArgvInput), Object(Symfony/Component/Console/Output/ConsoleOutput))
#33 D:/Eureka/EducatioWeb/EducatioWeb_PriSec-main/vendor/laravel/framework/src/Illuminate/Foundation/Console/Kernel.php(198): Symfony/Component/Console/Application->run(Object(Symfony/Component/Console/Input/ArgvInput), Object(Symfony/Component/Console/Output/ConsoleOutput))
#34 D:/Eureka/EducatioWeb/EducatioWeb_PriSec-main/vendor/laravel/framework/src/Illuminate/Foundation/Application.php(1235): Illuminate/Foundation/Console/Kernel->handle(Object(Symfony/Component/Console/Input/ArgvInput), Object(Symfony/Component/Console/Output/ConsoleOutput))
#35 D:/Eureka/EducatioWeb/EducatioWeb_PriSec-main/artisan(16): Illuminate/Foundation/Application->handleCommand(Object(Symfony/Component/Console/Input/ArgvInput))
#36 {main}
"} 
[2026-07-29 08:44:09] local.ERROR: SQLSTATE[HY000] [2002] No se puede establecer una conexión ya que el equipo de destino denegó expresamente dicha conexión (Connection: mariadb, Host: 127.0.0.1, Port: 3306, Database: educatioweb01db, SQL: select * from `cache` where `key` in (eureframework-cache-illuminate:queue:paused:database:default)) {"exception":"[object] (Illuminate\\Database\\QueryException(code: 2002): SQLSTATE[HY000] [2002] No se puede establecer una conexión ya que el equipo de destino denegó expresamente dicha conexión (Connection: mariadb, Host: 127.0.0.1, Port: 3306, Database: educatioweb01db, SQL: select * from `cache` where `key` in (eureframework-cache-illuminate:queue:paused:database:default)) at D:/Eureka/EducatioWeb/EducatioWeb_PriSec-main/vendor/laravel/framework/src/Illuminate/Database/Connection.php:841)
[stacktrace]
#0 D:/Eureka/EducatioWeb/EducatioWeb_PriSec-main/vendor/laravel/framework/src/Illuminate/Database/Connection.php(797): Illuminate/Database/Connection->runQueryCallback('select * from `...', Array, Object(Closure))
#1 D:/Eureka/EducatioWeb/EducatioWeb_PriSec-main/vendor/laravel/framework/src/Illuminate/Database/Connection.php(412): Illuminate/Database/Connection->run('select * from `...', Array, Object(Closure))
#2 D:/Eureka/EducatioWeb/EducatioWeb_PriSec-main/vendor/laravel/framework/src/Illuminate/Database/Query/Builder.php(3567): Illuminate/Database/Connection->select('select * from `...', Array, true, Array)
#3 D:/Eureka/EducatioWeb/EducatioWeb_PriSec-main/vendor/laravel/framework/src/Illuminate/Database/Query/Builder.php(3551): Illuminate/Database/Query/Builder->runSelect()
#4 D:/Eureka/EducatioWeb/EducatioWeb_PriSec-main/vendor/laravel/framework/src/Illuminate/Cache/DatabaseStore.php(142): Illuminate/Database/Query/Builder->get()
#5 D:/Eureka/EducatioWeb/EducatioWeb_PriSec-main/vendor/laravel/framework/src/Illuminate/Cache/Repository.php(160): Illuminate/Cache/DatabaseStore->many(Array)
#6 D:/Eureka/EducatioWeb/EducatioWeb_PriSec-main/vendor/laravel/framework/src/Illuminate/Queue/QueueManager.php(298): Illuminate/Cache/Repository->many(Array)
#7 D:/Eureka/EducatioWeb/EducatioWeb_PriSec-main/vendor/laravel/framework/src/Illuminate/Queue/Worker.php(483): Illuminate/Queue/QueueManager->getPausedQueues('database', Array)
#8 D:/Eureka/EducatioWeb/EducatioWeb_PriSec-main/vendor/laravel/framework/src/Illuminate/Queue/Worker.php(444): Illuminate/Queue/Worker->getPausedQueues('database', Array)
#9 D:/Eureka/EducatioWeb/EducatioWeb_PriSec-main/vendor/laravel/framework/src/Illuminate/Queue/Worker.php(404): Illuminate/Queue/Worker->getNextJob(Object(Illuminate/Queue/DatabaseQueue), 'default')
#10 D:/Eureka/EducatioWeb/EducatioWeb_PriSec-main/vendor/laravel/framework/src/Illuminate/Queue/Console/WorkCommand.php(149): Illuminate/Queue/Worker->runNextJob('database', 'default', Object(Illuminate/Queue/WorkerOptions))
#11 D:/Eureka/EducatioWeb/EducatioWeb_PriSec-main/vendor/laravel/framework/src/Illuminate/Queue/Console/WorkCommand.php(132): Illuminate/Queue/Console/WorkCommand->runWorker('database', 'default')
#12 D:/Eureka/EducatioWeb/EducatioWeb_PriSec-main/vendor/laravel/framework/src/Illuminate/Container/BoundMethod.php(36): Illuminate/Queue/Console/WorkCommand->handle()
#13 D:/Eureka/EducatioWeb/EducatioWeb_PriSec-main/vendor/laravel/framework/src/Illuminate/Container/Util.php(43): Illuminate/Container/BoundMethod::Illuminate/Container/{closure}()
#14 D:/Eureka/EducatioWeb/EducatioWeb_PriSec-main/vendor/laravel/framework/src/Illuminate/Container/BoundMethod.php(96): Illuminate/Container/Util::unwrapIfClosure(Object(Closure))
#15 D:/Eureka/EducatioWeb/EducatioWeb_PriSec-main/vendor/laravel/framework/src/Illuminate/Container/BoundMethod.php(35): Illuminate/Container/BoundMethod::callBoundMethod(Object(Illuminate/Foundation/Application), Array, Object(Closure))
#16 D:/Eureka/EducatioWeb/EducatioWeb_PriSec-main/vendor/laravel/framework/src/Illuminate/Container/Container.php(799): Illuminate/Container/BoundMethod::call(Object(Illuminate/Foundation/Application), Array, Array, NULL)
#17 D:/Eureka/EducatioWeb/EducatioWeb_PriSec-main/vendor/laravel/framework/src/Illuminate/Console/Command.php(280): Illuminate/Container/Container->call(Array)
#18 D:/Eureka/EducatioWeb/EducatioWeb_PriSec-main/vendor/symfony/console/Command/Command.php(341): Illuminate/Console/Command->execute(Object(Symfony/Component/Console/Input/ArgvInput), Object(Illuminate/Console/OutputStyle))
#19 D:/Eureka/EducatioWeb/EducatioWeb_PriSec-main/vendor/laravel/framework/src/Illuminate/Console/Command.php(249): Symfony/Component/Console/Command/Command->run(Object(Symfony/Component/Console/Input/ArgvInput), Object(Illuminate/Console/OutputStyle))
#20 D:/Eureka/EducatioWeb/EducatioWeb_PriSec-main/vendor/symfony/console/Application.php(1117): Illuminate/Console/Command->run(Object(Symfony/Component/Console/Input/ArgvInput), Object(Symfony/Component/Console/Output/ConsoleOutput))
#21 D:/Eureka/EducatioWeb/EducatioWeb_PriSec-main/vendor/symfony/console/Application.php(356): Symfony/Component/Console/Application->doRunCommand(Object(Illuminate/Queue/Console/WorkCommand), Object(Symfony/Component/Console/Input/ArgvInput), Object(Symfony/Component/Console/Output/ConsoleOutput))
#22 D:/Eureka/EducatioWeb/EducatioWeb_PriSec-main/vendor/symfony/console/Application.php(195): Symfony/Component/Console/Application->doRun(Object(Symfony/Component/Console/Input/ArgvInput), Object(Symfony/Component/Console/Output/ConsoleOutput))
#23 D:/Eureka/EducatioWeb/EducatioWeb_PriSec-main/vendor/laravel/framework/src/Illuminate/Foundation/Console/Kernel.php(198): Symfony/Component/Console/Application->run(Object(Symfony/Component/Console/Input/ArgvInput), Object(Symfony/Component/Console/Output/ConsoleOutput))
#24 D:/Eureka/EducatioWeb/EducatioWeb_PriSec-main/vendor/laravel/framework/src/Illuminate/Foundation/Application.php(1235): Illuminate/Foundation/Console/Kernel->handle(Object(Symfony/Component/Console/Input/ArgvInput), Object(Symfony/Component/Console/Output/ConsoleOutput))
#25 D:/Eureka/EducatioWeb/EducatioWeb_PriSec-main/artisan(16): Illuminate/Foundation/Application->handleCommand(Object(Symfony/Component/Console/Input/ArgvInput))
#26 {main}

[previous exception] [object] (PDOException(code: 2002): SQLSTATE[HY000] [2002] No se puede establecer una conexión ya que el equipo de destino denegó expresamente dicha conexión at D:/Eureka/EducatioWeb/EducatioWeb_PriSec-main/vendor/laravel/framework/src/Illuminate/Database/Connectors/Connector.php:66)
[stacktrace]
#0 D:/Eureka/EducatioWeb/EducatioWeb_PriSec-main/vendor/laravel/framework/src/Illuminate/Database/Connectors/Connector.php(66): PDO->__construct('mysql:host=127....', 'root', Object(SensitiveParameterValue), Array)
#1 D:/Eureka/EducatioWeb/EducatioWeb_PriSec-main/vendor/laravel/framework/src/Illuminate/Database/Connectors/Connector.php(44): Illuminate/Database/Connectors/Connector->createPdoConnection('mysql:host=127....', 'root', Object(SensitiveParameterValue), Array)
#2 D:/Eureka/EducatioWeb/EducatioWeb_PriSec-main/vendor/laravel/framework/src/Illuminate/Database/Connectors/MySqlConnector.php(24): Illuminate/Database/Connectors/Connector->createConnection('mysql:host=127....', Array, Array)
#3 D:/Eureka/EducatioWeb/EducatioWeb_PriSec-main/vendor/laravel/framework/src/Illuminate/Database/Connectors/ConnectionFactory.php(188): Illuminate/Database/Connectors/MySqlConnector->connect(Array)
#4 [internal function]: Illuminate/Database/Connectors/ConnectionFactory->Illuminate/Database/Connectors/{closure}()
#5 D:/Eureka/EducatioWeb/EducatioWeb_PriSec-main/vendor/laravel/framework/src/Illuminate/Database/Connection.php(1279): call_user_func(Object(Closure))
#6 D:/Eureka/EducatioWeb/EducatioWeb_PriSec-main/vendor/laravel/framework/src/Illuminate/Database/Connection.php(1317): Illuminate/Database/Connection->getPdo()
#7 D:/Eureka/EducatioWeb/EducatioWeb_PriSec-main/vendor/laravel/framework/src/Illuminate/Database/Connection.php(528): Illuminate/Database/Connection->getReadPdo()
#8 D:/Eureka/EducatioWeb/EducatioWeb_PriSec-main/vendor/laravel/framework/src/Illuminate/Database/Connection.php(421): Illuminate/Database/Connection->getPdoForSelect(true)
#9 D:/Eureka/EducatioWeb/EducatioWeb_PriSec-main/vendor/laravel/framework/src/Illuminate/Database/Connection.php(830): Illuminate/Database/Connection->Illuminate/Database/{closure}('select * from `...', Array)
#10 D:/Eureka/EducatioWeb/EducatioWeb_PriSec-main/vendor/laravel/framework/src/Illuminate/Database/Connection.php(797): Illuminate/Database/Connection->runQueryCallback('select * from `...', Array, Object(Closure))
#11 D:/Eureka/EducatioWeb/EducatioWeb_PriSec-main/vendor/laravel/framework/src/Illuminate/Database/Connection.php(412): Illuminate/Database/Connection->run('select * from `...', Array, Object(Closure))
#12 D:/Eureka/EducatioWeb/EducatioWeb_PriSec-main/vendor/laravel/framework/src/Illuminate/Database/Query/Builder.php(3567): Illuminate/Database/Connection->select('select * from `...', Array, true, Array)
#13 D:/Eureka/EducatioWeb/EducatioWeb_PriSec-main/vendor/laravel/framework/src/Illuminate/Database/Query/Builder.php(3551): Illuminate/Database/Query/Builder->runSelect()
#14 D:/Eureka/EducatioWeb/EducatioWeb_PriSec-main/vendor/laravel/framework/src/Illuminate/Cache/DatabaseStore.php(142): Illuminate/Database/Query/Builder->get()
#15 D:/Eureka/EducatioWeb/EducatioWeb_PriSec-main/vendor/laravel/framework/src/Illuminate/Cache/Repository.php(160): Illuminate/Cache/DatabaseStore->many(Array)
#16 D:/Eureka/EducatioWeb/EducatioWeb_PriSec-main/vendor/laravel/framework/src/Illuminate/Queue/QueueManager.php(298): Illuminate/Cache/Repository->many(Array)
#17 D:/Eureka/EducatioWeb/EducatioWeb_PriSec-main/vendor/laravel/framework/src/Illuminate/Queue/Worker.php(483): Illuminate/Queue/QueueManager->getPausedQueues('database', Array)
#18 D:/Eureka/EducatioWeb/EducatioWeb_PriSec-main/vendor/laravel/framework/src/Illuminate/Queue/Worker.php(444): Illuminate/Queue/Worker->getPausedQueues('database', Array)
#19 D:/Eureka/EducatioWeb/EducatioWeb_PriSec-main/vendor/laravel/framework/src/Illuminate/Queue/Worker.php(404): Illuminate/Queue/Worker->getNextJob(Object(Illuminate/Queue/DatabaseQueue), 'default')
#20 D:/Eureka/EducatioWeb/EducatioWeb_PriSec-main/vendor/laravel/framework/src/Illuminate/Queue/Console/WorkCommand.php(149): Illuminate/Queue/Worker->runNextJob('database', 'default', Object(Illuminate/Queue/WorkerOptions))
#21 D:/Eureka/EducatioWeb/EducatioWeb_PriSec-main/vendor/laravel/framework/src/Illuminate/Queue/Console/WorkCommand.php(132): Illuminate/Queue/Console/WorkCommand->runWorker('database', 'default')
#22 D:/Eureka/EducatioWeb/EducatioWeb_PriSec-main/vendor/laravel/framework/src/Illuminate/Container/BoundMethod.php(36): Illuminate/Queue/Console/WorkCommand->handle()
#23 D:/Eureka/EducatioWeb/EducatioWeb_PriSec-main/vendor/laravel/framework/src/Illuminate/Container/Util.php(43): Illuminate/Container/BoundMethod::Illuminate/Container/{closure}()
#24 D:/Eureka/EducatioWeb/EducatioWeb_PriSec-main/vendor/laravel/framework/src/Illuminate/Container/BoundMethod.php(96): Illuminate/Container/Util::unwrapIfClosure(Object(Closure))
#25 D:/Eureka/EducatioWeb/EducatioWeb_PriSec-main/vendor/laravel/framework/src/Illuminate/Container/BoundMethod.php(35): Illuminate/Container/BoundMethod::callBoundMethod(Object(Illuminate/Foundation/Application), Array, Object(Closure))
#26 D:/Eureka/EducatioWeb/EducatioWeb_PriSec-main/vendor/laravel/framework/src/Illuminate/Container/Container.php(799): Illuminate/Container/BoundMethod::call(Object(Illuminate/Foundation/Application), Array, Array, NULL)
#27 D:/Eureka/EducatioWeb/EducatioWeb_PriSec-main/vendor/laravel/framework/src/Illuminate/Console/Command.php(280): Illuminate/Container/Container->call(Array)
#28 D:/Eureka/EducatioWeb/EducatioWeb_PriSec-main/vendor/symfony/console/Command/Command.php(341): Illuminate/Console/Command->execute(Object(Symfony/Component/Console/Input/ArgvInput), Object(Illuminate/Console/OutputStyle))
#29 D:/Eureka/EducatioWeb/EducatioWeb_PriSec-main/vendor/laravel/framework/src/Illuminate/Console/Command.php(249): Symfony/Component/Console/Command/Command->run(Object(Symfony/Component/Console/Input/ArgvInput), Object(Illuminate/Console/OutputStyle))
#30 D:/Eureka/EducatioWeb/EducatioWeb_PriSec-main/vendor/symfony/console/Application.php(1117): Illuminate/Console/Command->run(Object(Symfony/Component/Console/Input/ArgvInput), Object(Symfony/Component/Console/Output/ConsoleOutput))
#31 D:/Eureka/EducatioWeb/EducatioWeb_PriSec-main/vendor/symfony/console/Application.php(356): Symfony/Component/Console/Application->doRunCommand(Object(Illuminate/Queue/Console/WorkCommand), Object(Symfony/Component/Console/Input/ArgvInput), Object(Symfony/Component/Console/Output/ConsoleOutput))
#32 D:/Eureka/EducatioWeb/EducatioWeb_PriSec-main/vendor/symfony/console/Application.php(195): Symfony/Component/Console/Application->doRun(Object(Symfony/Component/Console/Input/ArgvInput), Object(Symfony/Component/Console/Output/ConsoleOutput))
#33 D:/Eureka/EducatioWeb/EducatioWeb_PriSec-main/vendor/laravel/framework/src/Illuminate/Foundation/Console/Kernel.php(198): Symfony/Component/Console/Application->run(Object(Symfony/Component/Console/Input/ArgvInput), Object(Symfony/Component/Console/Output/ConsoleOutput))
#34 D:/Eureka/EducatioWeb/EducatioWeb_PriSec-main/vendor/laravel/framework/src/Illuminate/Foundation/Application.php(1235): Illuminate/Foundation/Console/Kernel->handle(Object(Symfony/Component/Console/Input/ArgvInput), Object(Symfony/Component/Console/Output/ConsoleOutput))
#35 D:/Eureka/EducatioWeb/EducatioWeb_PriSec-main/artisan(16): Illuminate/Foundation/Application->handleCommand(Object(Symfony/Component/Console/Input/ArgvInput))
#36 {main}
"} 
[2026-07-29 08:44:15] local.ERROR: SQLSTATE[HY000] [2002] No se puede establecer una conexión ya que el equipo de destino denegó expresamente dicha conexión (Connection: mariadb, Host: 127.0.0.1, Port: 3306, Database: educatioweb01db, SQL: select * from `cache` where `key` in (eureframework-cache-illuminate:queue:paused:database:default)) {"exception":"[object] (Illuminate\\Database\\QueryException(code: 2002): SQLSTATE[HY000] [2002] No se puede establecer una conexión ya que el equipo de destino denegó expresamente dicha conexión (Connection: mariadb, Host: 127.0.0.1, Port: 3306, Database: educatioweb01db, SQL: select * from `cache` where `key` in (eureframework-cache-illuminate:queue:paused:database:default)) at D:/Eureka/EducatioWeb/EducatioWeb_PriSec-main/vendor/laravel/framework/src/Illuminate/Database/Connection.php:841)
[stacktrace]
#0 D:/Eureka/EducatioWeb/EducatioWeb_PriSec-main/vendor/laravel/framework/src/Illuminate/Database/Connection.php(797): Illuminate/Database/Connection->runQueryCallback('select * from `...', Array, Object(Closure))
#1 D:/Eureka/EducatioWeb/EducatioWeb_PriSec-main/vendor/laravel/framework/src/Illuminate/Database/Connection.php(412): Illuminate/Database/Connection->run('select * from `...', Array, Object(Closure))
#2 D:/Eureka/EducatioWeb/EducatioWeb_PriSec-main/vendor/laravel/framework/src/Illuminate/Database/Query/Builder.php(3567): Illuminate/Database/Connection->select('select * from `...', Array, true, Array)
#3 D:/Eureka/EducatioWeb/EducatioWeb_PriSec-main/vendor/laravel/framework/src/Illuminate/Database/Query/Builder.php(3551): Illuminate/Database/Query/Builder->runSelect()
#4 D:/Eureka/EducatioWeb/EducatioWeb_PriSec-main/vendor/laravel/framework/src/Illuminate/Cache/DatabaseStore.php(142): Illuminate/Database/Query/Builder->get()
#5 D:/Eureka/EducatioWeb/EducatioWeb_PriSec-main/vendor/laravel/framework/src/Illuminate/Cache/Repository.php(160): Illuminate/Cache/DatabaseStore->many(Array)
#6 D:/Eureka/EducatioWeb/EducatioWeb_PriSec-main/vendor/laravel/framework/src/Illuminate/Queue/QueueManager.php(298): Illuminate/Cache/Repository->many(Array)
#7 D:/Eureka/EducatioWeb/EducatioWeb_PriSec-main/vendor/laravel/framework/src/Illuminate/Queue/Worker.php(483): Illuminate/Queue/QueueManager->getPausedQueues('database', Array)
#8 D:/Eureka/EducatioWeb/EducatioWeb_PriSec-main/vendor/laravel/framework/src/Illuminate/Queue/Worker.php(444): Illuminate/Queue/Worker->getPausedQueues('database', Array)
#9 D:/Eureka/EducatioWeb/EducatioWeb_PriSec-main/vendor/laravel/framework/src/Illuminate/Queue/Worker.php(404): Illuminate/Queue/Worker->getNextJob(Object(Illuminate/Queue/DatabaseQueue), 'default')
#10 D:/Eureka/EducatioWeb/EducatioWeb_PriSec-main/vendor/laravel/framework/src/Illuminate/Queue/Console/WorkCommand.php(149): Illuminate/Queue/Worker->runNextJob('database', 'default', Object(Illuminate/Queue/WorkerOptions))
#11 D:/Eureka/EducatioWeb/EducatioWeb_PriSec-main/vendor/laravel/framework/src/Illuminate/Queue/Console/WorkCommand.php(132): Illuminate/Queue/Console/WorkCommand->runWorker('database', 'default')
#12 D:/Eureka/EducatioWeb/EducatioWeb_PriSec-main/vendor/laravel/framework/src/Illuminate/Container/BoundMethod.php(36): Illuminate/Queue/Console/WorkCommand->handle()
#13 D:/Eureka/EducatioWeb/EducatioWeb_PriSec-main/vendor/laravel/framework/src/Illuminate/Container/Util.php(43): Illuminate/Container/BoundMethod::Illuminate/Container/{closure}()
#14 D:/Eureka/EducatioWeb/EducatioWeb_PriSec-main/vendor/laravel/framework/src/Illuminate/Container/BoundMethod.php(96): Illuminate/Container/Util::unwrapIfClosure(Object(Closure))
#15 D:/Eureka/EducatioWeb/EducatioWeb_PriSec-main/vendor/laravel/framework/src/Illuminate/Container/BoundMethod.php(35): Illuminate/Container/BoundMethod::callBoundMethod(Object(Illuminate/Foundation/Application), Array, Object(Closure))
#16 D:/Eureka/EducatioWeb/EducatioWeb_PriSec-main/vendor/laravel/framework/src/Illuminate/Container/Container.php(799): Illuminate/Container/BoundMethod::call(Object(Illuminate/Foundation/Application), Array, Array, NULL)
#17 D:/Eureka/EducatioWeb/EducatioWeb_PriSec-main/vendor/laravel/framework/src/Illuminate/Console/Command.php(280): Illuminate/Container/Container->call(Array)
#18 D:/Eureka/EducatioWeb/EducatioWeb_PriSec-main/vendor/symfony/console/Command/Command.php(341): Illuminate/Console/Command->execute(Object(Symfony/Component/Console/Input/ArgvInput), Object(Illuminate/Console/OutputStyle))
#19 D:/Eureka/EducatioWeb/EducatioWeb_PriSec-main/vendor/laravel/framework/src/Illuminate/Console/Command.php(249): Symfony/Component/Console/Command/Command->run(Object(Symfony/Component/Console/Input/ArgvInput), Object(Illuminate/Console/OutputStyle))
#20 D:/Eureka/EducatioWeb/EducatioWeb_PriSec-main/vendor/symfony/console/Application.php(1117): Illuminate/Console/Command->run(Object(Symfony/Component/Console/Input/ArgvInput), Object(Symfony/Component/Console/Output/ConsoleOutput))
#21 D:/Eureka/EducatioWeb/EducatioWeb_PriSec-main/vendor/symfony/console/Application.php(356): Symfony/Component/Console/Application->doRunCommand(Object(Illuminate/Queue/Console/WorkCommand), Object(Symfony/Component/Console/Input/ArgvInput), Object(Symfony/Component/Console/Output/ConsoleOutput))
#22 D:/Eureka/EducatioWeb/EducatioWeb_PriSec-main/vendor/symfony/console/Application.php(195): Symfony/Component/Console/Application->doRun(Object(Symfony/Component/Console/Input/ArgvInput), Object(Symfony/Component/Console/Output/ConsoleOutput))
#23 D:/Eureka/EducatioWeb/EducatioWeb_PriSec-main/vendor/laravel/framework/src/Illuminate/Foundation/Console/Kernel.php(198): Symfony/Component/Console/Application->run(Object(Symfony/Component/Console/Input/ArgvInput), Object(Symfony/Component/Console/Output/ConsoleOutput))
#24 D:/Eureka/EducatioWeb/EducatioWeb_PriSec-main/vendor/laravel/framework/src/Illuminate/Foundation/Application.php(1235): Illuminate/Foundation/Console/Kernel->handle(Object(Symfony/Component/Console/Input/ArgvInput), Object(Symfony/Component/Console/Output/ConsoleOutput))
#25 D:/Eureka/EducatioWeb/EducatioWeb_PriSec-main/artisan(16): Illuminate/Foundation/Application->handleCommand(Object(Symfony/Component/Console/Input/ArgvInput))
#26 {main}

[previous exception] [object] (PDOException(code: 2002): SQLSTATE[HY000] [2002] No se puede establecer una conexión ya que el equipo de destino denegó expresamente dicha conexión at D:/Eureka/EducatioWeb/EducatioWeb_PriSec-main/vendor/laravel/framework/src/Illuminate/Database/Connectors/Connector.php:66)
[stacktrace]
#0 D:/Eureka/EducatioWeb/EducatioWeb_PriSec-main/vendor/laravel/framework/src/Illuminate/Database/Connectors/Connector.php(66): PDO->__construct('mysql:host=127....', 'root', Object(SensitiveParameterValue), Array)
#1 D:/Eureka/EducatioWeb/EducatioWeb_PriSec-main/vendor/laravel/framework/src/Illuminate/Database/Connectors/Connector.php(44): Illuminate/Database/Connectors/Connector->createPdoConnection('mysql:host=127....', 'root', Object(SensitiveParameterValue), Array)
#2 D:/Eureka/EducatioWeb/EducatioWeb_PriSec-main/vendor/laravel/framework/src/Illuminate/Database/Connectors/MySqlConnector.php(24): Illuminate/Database/Connectors/Connector->createConnection('mysql:host=127....', Array, Array)
#3 D:/Eureka/EducatioWeb/EducatioWeb_PriSec-main/vendor/laravel/framework/src/Illuminate/Database/Connectors/ConnectionFactory.php(188): Illuminate/Database/Connectors/MySqlConnector->connect(Array)
#4 [internal function]: Illuminate/Database/Connectors/ConnectionFactory->Illuminate/Database/Connectors/{closure}()
#5 D:/Eureka/EducatioWeb/EducatioWeb_PriSec-main/vendor/laravel/framework/src/Illuminate/Database/Connection.php(1279): call_user_func(Object(Closure))
#6 D:/Eureka/EducatioWeb/EducatioWeb_PriSec-main/vendor/laravel/framework/src/Illuminate/Database/Connection.php(1317): Illuminate/Database/Connection->getPdo()
#7 D:/Eureka/EducatioWeb/EducatioWeb_PriSec-main/vendor/laravel/framework/src/Illuminate/Database/Connection.php(528): Illuminate/Database/Connection->getReadPdo()
#8 D:/Eureka/EducatioWeb/EducatioWeb_PriSec-main/vendor/laravel/framework/src/Illuminate/Database/Connection.php(421): Illuminate/Database/Connection->getPdoForSelect(true)
#9 D:/Eureka/EducatioWeb/EducatioWeb_PriSec-main/vendor/laravel/framework/src/Illuminate/Database/Connection.php(830): Illuminate/Database/Connection->Illuminate/Database/{closure}('select * from `...', Array)
#10 D:/Eureka/EducatioWeb/EducatioWeb_PriSec-main/vendor/laravel/framework/src/Illuminate/Database/Connection.php(797): Illuminate/Database/Connection->runQueryCallback('select * from `...', Array, Object(Closure))
#11 D:/Eureka/EducatioWeb/EducatioWeb_PriSec-main/vendor/laravel/framework/src/Illuminate/Database/Connection.php(412): Illuminate/Database/Connection->run('select * from `...', Array, Object(Closure))
#12 D:/Eureka/EducatioWeb/EducatioWeb_PriSec-main/vendor/laravel/framework/src/Illuminate/Database/Query/Builder.php(3567): Illuminate/Database/Connection->select('select * from `...', Array, true, Array)
#13 D:/Eureka/EducatioWeb/EducatioWeb_PriSec-main/vendor/laravel/framework/src/Illuminate/Database/Query/Builder.php(3551): Illuminate/Database/Query/Builder->runSelect()
#14 D:/Eureka/EducatioWeb/EducatioWeb_PriSec-main/vendor/laravel/framework/src/Illuminate/Cache/DatabaseStore.php(142): Illuminate/Database/Query/Builder->get()
#15 D:/Eureka/EducatioWeb/EducatioWeb_PriSec-main/vendor/laravel/framework/src/Illuminate/Cache/Repository.php(160): Illuminate/Cache/DatabaseStore->many(Array)
#16 D:/Eureka/EducatioWeb/EducatioWeb_PriSec-main/vendor/laravel/framework/src/Illuminate/Queue/QueueManager.php(298): Illuminate/Cache/Repository->many(Array)
#17 D:/Eureka/EducatioWeb/EducatioWeb_PriSec-main/vendor/laravel/framework/src/Illuminate/Queue/Worker.php(483): Illuminate/Queue/QueueManager->getPausedQueues('database', Array)
#18 D:/Eureka/EducatioWeb/EducatioWeb_PriSec-main/vendor/laravel/framework/src/Illuminate/Queue/Worker.php(444): Illuminate/Queue/Worker->getPausedQueues('database', Array)
#19 D:/Eureka/EducatioWeb/EducatioWeb_PriSec-main/vendor/laravel/framework/src/Illuminate/Queue/Worker.php(404): Illuminate/Queue/Worker->getNextJob(Object(Illuminate/Queue/DatabaseQueue), 'default')
#20 D:/Eureka/EducatioWeb/EducatioWeb_PriSec-main/vendor/laravel/framework/src/Illuminate/Queue/Console/WorkCommand.php(149): Illuminate/Queue/Worker->runNextJob('database', 'default', Object(Illuminate/Queue/WorkerOptions))
#21 D:/Eureka/EducatioWeb/EducatioWeb_PriSec-main/vendor/laravel/framework/src/Illuminate/Queue/Console/WorkCommand.php(132): Illuminate/Queue/Console/WorkCommand->runWorker('database', 'default')
#22 D:/Eureka/EducatioWeb/EducatioWeb_PriSec-main/vendor/laravel/framework/src/Illuminate/Container/BoundMethod.php(36): Illuminate/Queue/Console/WorkCommand->handle()
#23 D:/Eureka/EducatioWeb/EducatioWeb_PriSec-main/vendor/laravel/framework/src/Illuminate/Container/Util.php(43): Illuminate/Container/BoundMethod::Illuminate/Container/{closure}()
#24 D:/Eureka/EducatioWeb/EducatioWeb_PriSec-main/vendor/laravel/framework/src/Illuminate/Container/BoundMethod.php(96): Illuminate/Container/Util::unwrapIfClosure(Object(Closure))
#25 D:/Eureka/EducatioWeb/EducatioWeb_PriSec-main/vendor/laravel/framework/src/Illuminate/Container/BoundMethod.php(35): Illuminate/Container/BoundMethod::callBoundMethod(Object(Illuminate/Foundation/Application), Array, Object(Closure))
#26 D:/Eureka/EducatioWeb/EducatioWeb_PriSec-main/vendor/laravel/framework/src/Illuminate/Container/Container.php(799): Illuminate/Container/BoundMethod::call(Object(Illuminate/Foundation/Application), Array, Array, NULL)
#27 D:/Eureka/EducatioWeb/EducatioWeb_PriSec-main/vendor/laravel/framework/src/Illuminate/Console/Command.php(280): Illuminate/Container/Container->call(Array)
#28 D:/Eureka/EducatioWeb/EducatioWeb_PriSec-main/vendor/symfony/console/Command/Command.php(341): Illuminate/Console/Command->execute(Object(Symfony/Component/Console/Input/ArgvInput), Object(Illuminate/Console/OutputStyle))
#29 D:/Eureka/EducatioWeb/EducatioWeb_PriSec-main/vendor/laravel/framework/src/Illuminate/Console/Command.php(249): Symfony/Component/Console/Command/Command->run(Object(Symfony/Component/Console/Input/ArgvInput), Object(Illuminate/Console/OutputStyle))
#30 D:/Eureka/EducatioWeb/EducatioWeb_PriSec-main/vendor/symfony/console/Application.php(1117): Illuminate/Console/Command->run(Object(Symfony/Component/Console/Input/ArgvInput), Object(Symfony/Component/Console/Output/ConsoleOutput))
#31 D:/Eureka/EducatioWeb/EducatioWeb_PriSec-main/vendor/symfony/console/Application.php(356): Symfony/Component/Console/Application->doRunCommand(Object(Illuminate/Queue/Console/WorkCommand), Object(Symfony/Component/Console/Input/ArgvInput), Object(Symfony/Component/Console/Output/ConsoleOutput))
#32 D:/Eureka/EducatioWeb/EducatioWeb_PriSec-main/vendor/symfony/console/Application.php(195): Symfony/Component/Console/Application->doRun(Object(Symfony/Component/Console/Input/ArgvInput), Object(Symfony/Component/Console/Output/ConsoleOutput))
#33 D:/Eureka/EducatioWeb/EducatioWeb_PriSec-main/vendor/laravel/framework/src/Illuminate/Foundation/Console/Kernel.php(198): Symfony/Component/Console/Application->run(Object(Symfony/Component/Console/Input/ArgvInput), Object(Symfony/Component/Console/Output/ConsoleOutput))
#34 D:/Eureka/EducatioWeb/EducatioWeb_PriSec-main/vendor/laravel/framework/src/Illuminate/Foundation/Application.php(1235): Illuminate/Foundation/Console/Kernel->handle(Object(Symfony/Component/Console/Input/ArgvInput), Object(Symfony/Component/Console/Output/ConsoleOutput))
#35 D:/Eureka/EducatioWeb/EducatioWeb_PriSec-main/artisan(16): Illuminate/Foundation/Application->handleCommand(Object(Symfony/Component/Console/Input/ArgvInput))
#36 {main}
"} 
[2026-07-29 08:44:22] local.ERROR: SQLSTATE[HY000] [2002] No se puede establecer una conexión ya que el equipo de destino denegó expresamente dicha conexión (Connection: mariadb, Host: 127.0.0.1, Port: 3306, Database: educatioweb01db, SQL: select * from `cache` where `key` in (eureframework-cache-illuminate:queue:paused:database:default)) {"exception":"[object] (Illuminate\\Database\\QueryException(code: 2002): SQLSTATE[HY000] [2002] No se puede establecer una conexión ya que el equipo de destino denegó expresamente dicha conexión (Connection: mariadb, Host: 127.0.0.1, Port: 3306, Database: educatioweb01db, SQL: select * from `cache` where `key` in (eureframework-cache-illuminate:queue:paused:database:default)) at D:/Eureka/EducatioWeb/EducatioWeb_PriSec-main/vendor/laravel/framework/src/Illuminate/Database/Connection.php:841)
[stacktrace]
#0 D:/Eureka/EducatioWeb/EducatioWeb_PriSec-main/vendor/laravel/framework/src/Illuminate/Database/Connection.php(797): Illuminate/Database/Connection->runQueryCallback('select * from `...', Array, Object(Closure))
#1 D:/Eureka/EducatioWeb/EducatioWeb_PriSec-main/vendor/laravel/framework/src/Illuminate/Database/Connection.php(412): Illuminate/Database/Connection->run('select * from `...', Array, Object(Closure))
#2 D:/Eureka/EducatioWeb/EducatioWeb_PriSec-main/vendor/laravel/framework/src/Illuminate/Database/Query/Builder.php(3567): Illuminate/Database/Connection->select('select * from `...', Array, true, Array)
#3 D:/Eureka/EducatioWeb/EducatioWeb_PriSec-main/vendor/laravel/framework/src/Illuminate/Database/Query/Builder.php(3551): Illuminate/Database/Query/Builder->runSelect()
#4 D:/Eureka/EducatioWeb/EducatioWeb_PriSec-main/vendor/laravel/framework/src/Illuminate/Cache/DatabaseStore.php(142): Illuminate/Database/Query/Builder->get()
#5 D:/Eureka/EducatioWeb/EducatioWeb_PriSec-main/vendor/laravel/framework/src/Illuminate/Cache/Repository.php(160): Illuminate/Cache/DatabaseStore->many(Array)
#6 D:/Eureka/EducatioWeb/EducatioWeb_PriSec-main/vendor/laravel/framework/src/Illuminate/Queue/QueueManager.php(298): Illuminate/Cache/Repository->many(Array)
#7 D:/Eureka/EducatioWeb/EducatioWeb_PriSec-main/vendor/laravel/framework/src/Illuminate/Queue/Worker.php(483): Illuminate/Queue/QueueManager->getPausedQueues('database', Array)
#8 D:/Eureka/EducatioWeb/EducatioWeb_PriSec-main/vendor/laravel/framework/src/Illuminate/Queue/Worker.php(444): Illuminate/Queue/Worker->getPausedQueues('database', Array)
#9 D:/Eureka/EducatioWeb/EducatioWeb_PriSec-main/vendor/laravel/framework/src/Illuminate/Queue/Worker.php(404): Illuminate/Queue/Worker->getNextJob(Object(Illuminate/Queue/DatabaseQueue), 'default')
#10 D:/Eureka/EducatioWeb/EducatioWeb_PriSec-main/vendor/laravel/framework/src/Illuminate/Queue/Console/WorkCommand.php(149): Illuminate/Queue/Worker->runNextJob('database', 'default', Object(Illuminate/Queue/WorkerOptions))
#11 D:/Eureka/EducatioWeb/EducatioWeb_PriSec-main/vendor/laravel/framework/src/Illuminate/Queue/Console/WorkCommand.php(132): Illuminate/Queue/Console/WorkCommand->runWorker('database', 'default')
#12 D:/Eureka/EducatioWeb/EducatioWeb_PriSec-main/vendor/laravel/framework/src/Illuminate/Container/BoundMethod.php(36): Illuminate/Queue/Console/WorkCommand->handle()
#13 D:/Eureka/EducatioWeb/EducatioWeb_PriSec-main/vendor/laravel/framework/src/Illuminate/Container/Util.php(43): Illuminate/Container/BoundMethod::Illuminate/Container/{closure}()
#14 D:/Eureka/EducatioWeb/EducatioWeb_PriSec-main/vendor/laravel/framework/src/Illuminate/Container/BoundMethod.php(96): Illuminate/Container/Util::unwrapIfClosure(Object(Closure))
#15 D:/Eureka/EducatioWeb/EducatioWeb_PriSec-main/vendor/laravel/framework/src/Illuminate/Container/BoundMethod.php(35): Illuminate/Container/BoundMethod::callBoundMethod(Object(Illuminate/Foundation/Application), Array, Object(Closure))
#16 D:/Eureka/EducatioWeb/EducatioWeb_PriSec-main/vendor/laravel/framework/src/Illuminate/Container/Container.php(799): Illuminate/Container/BoundMethod::call(Object(Illuminate/Foundation/Application), Array, Array, NULL)
#17 D:/Eureka/EducatioWeb/EducatioWeb_PriSec-main/vendor/laravel/framework/src/Illuminate/Console/Command.php(280): Illuminate/Container/Container->call(Array)
#18 D:/Eureka/EducatioWeb/EducatioWeb_PriSec-main/vendor/symfony/console/Command/Command.php(341): Illuminate/Console/Command->execute(Object(Symfony/Component/Console/Input/ArgvInput), Object(Illuminate/Console/OutputStyle))
#19 D:/Eureka/EducatioWeb/EducatioWeb_PriSec-main/vendor/laravel/framework/src/Illuminate/Console/Command.php(249): Symfony/Component/Console/Command/Command->run(Object(Symfony/Component/Console/Input/ArgvInput), Object(Illuminate/Console/OutputStyle))
#20 D:/Eureka/EducatioWeb/EducatioWeb_PriSec-main/vendor/symfony/console/Application.php(1117): Illuminate/Console/Command->run(Object(Symfony/Component/Console/Input/ArgvInput), Object(Symfony/Component/Console/Output/ConsoleOutput))
#21 D:/Eureka/EducatioWeb/EducatioWeb_PriSec-main/vendor/symfony/console/Application.php(356): Symfony/Component/Console/Application->doRunCommand(Object(Illuminate/Queue/Console/WorkCommand), Object(Symfony/Component/Console/Input/ArgvInput), Object(Symfony/Component/Console/Output/ConsoleOutput))
#22 D:/Eureka/EducatioWeb/EducatioWeb_PriSec-main/vendor/symfony/console/Application.php(195): Symfony/Component/Console/Application->doRun(Object(Symfony/Component/Console/Input/ArgvInput), Object(Symfony/Component/Console/Output/ConsoleOutput))
#23 D:/Eureka/EducatioWeb/EducatioWeb_PriSec-main/vendor/laravel/framework/src/Illuminate/Foundation/Console/Kernel.php(198): Symfony/Component/Console/Application->run(Object(Symfony/Component/Console/Input/ArgvInput), Object(Symfony/Component/Console/Output/ConsoleOutput))
#24 D:/Eureka/EducatioWeb/EducatioWeb_PriSec-main/vendor/laravel/framework/src/Illuminate/Foundation/Application.php(1235): Illuminate/Foundation/Console/Kernel->handle(Object(Symfony/Component/Console/Input/ArgvInput), Object(Symfony/Component/Console/Output/ConsoleOutput))
#25 D:/Eureka/EducatioWeb/EducatioWeb_PriSec-main/artisan(16): Illuminate/Foundation/Application->handleCommand(Object(Symfony/Component/Console/Input/ArgvInput))
#26 {main}

[previous exception] [object] (PDOException(code: 2002): SQLSTATE[HY000] [2002] No se puede establecer una conexión ya que el equipo de destino denegó expresamente dicha conexión at D:/Eureka/EducatioWeb/EducatioWeb_PriSec-main/vendor/laravel/framework/src/Illuminate/Database/Connectors/Connector.php:66)
[stacktrace]
#0 D:/Eureka/EducatioWeb/EducatioWeb_PriSec-main/vendor/laravel/framework/src/Illuminate/Database/Connectors/Connector.php(66): PDO->__construct('mysql:host=127....', 'root', Object(SensitiveParameterValue), Array)
#1 D:/Eureka/EducatioWeb/EducatioWeb_PriSec-main/vendor/laravel/framework/src/Illuminate/Database/Connectors/Connector.php(44): Illuminate/Database/Connectors/Connector->createPdoConnection('mysql:host=127....', 'root', Object(SensitiveParameterValue), Array)
#2 D:/Eureka/EducatioWeb/EducatioWeb_PriSec-main/vendor/laravel/framework/src/Illuminate/Database/Connectors/MySqlConnector.php(24): Illuminate/Database/Connectors/Connector->createConnection('mysql:host=127....', Array, Array)
#3 D:/Eureka/EducatioWeb/EducatioWeb_PriSec-main/vendor/laravel/framework/src/Illuminate/Database/Connectors/ConnectionFactory.php(188): Illuminate/Database/Connectors/MySqlConnector->connect(Array)
#4 [internal function]: Illuminate/Database/Connectors/ConnectionFactory->Illuminate/Database/Connectors/{closure}()
#5 D:/Eureka/EducatioWeb/EducatioWeb_PriSec-main/vendor/laravel/framework/src/Illuminate/Database/Connection.php(1279): call_user_func(Object(Closure))
#6 D:/Eureka/EducatioWeb/EducatioWeb_PriSec-main/vendor/laravel/framework/src/Illuminate/Database/Connection.php(1317): Illuminate/Database/Connection->getPdo()
#7 D:/Eureka/EducatioWeb/EducatioWeb_PriSec-main/vendor/laravel/framework/src/Illuminate/Database/Connection.php(528): Illuminate/Database/Connection->getReadPdo()
#8 D:/Eureka/EducatioWeb/EducatioWeb_PriSec-main/vendor/laravel/framework/src/Illuminate/Database/Connection.php(421): Illuminate/Database/Connection->getPdoForSelect(true)
#9 D:/Eureka/EducatioWeb/EducatioWeb_PriSec-main/vendor/laravel/framework/src/Illuminate/Database/Connection.php(830): Illuminate/Database/Connection->Illuminate/Database/{closure}('select * from `...', Array)
#10 D:/Eureka/EducatioWeb/EducatioWeb_PriSec-main/vendor/laravel/framework/src/Illuminate/Database/Connection.php(797): Illuminate/Database/Connection->runQueryCallback('select * from `...', Array, Object(Closure))
#11 D:/Eureka/EducatioWeb/EducatioWeb_PriSec-main/vendor/laravel/framework/src/Illuminate/Database/Connection.php(412): Illuminate/Database/Connection->run('select * from `...', Array, Object(Closure))
#12 D:/Eureka/EducatioWeb/EducatioWeb_PriSec-main/vendor/laravel/framework/src/Illuminate/Database/Query/Builder.php(3567): Illuminate/Database/Connection->select('select * from `...', Array, true, Array)
#13 D:/Eureka/EducatioWeb/EducatioWeb_PriSec-main/vendor/laravel/framework/src/Illuminate/Database/Query/Builder.php(3551): Illuminate/Database/Query/Builder->runSelect()
#14 D:/Eureka/EducatioWeb/EducatioWeb_PriSec-main/vendor/laravel/framework/src/Illuminate/Cache/DatabaseStore.php(142): Illuminate/Database/Query/Builder->get()
#15 D:/Eureka/EducatioWeb/EducatioWeb_PriSec-main/vendor/laravel/framework/src/Illuminate/Cache/Repository.php(160): Illuminate/Cache/DatabaseStore->many(Array)
#16 D:/Eureka/EducatioWeb/EducatioWeb_PriSec-main/vendor/laravel/framework/src/Illuminate/Queue/QueueManager.php(298): Illuminate/Cache/Repository->many(Array)
#17 D:/Eureka/EducatioWeb/EducatioWeb_PriSec-main/vendor/laravel/framework/src/Illuminate/Queue/Worker.php(483): Illuminate/Queue/QueueManager->getPausedQueues('database', Array)
#18 D:/Eureka/EducatioWeb/EducatioWeb_PriSec-main/vendor/laravel/framework/src/Illuminate/Queue/Worker.php(444): Illuminate/Queue/Worker->getPausedQueues('database', Array)
#19 D:/Eureka/EducatioWeb/EducatioWeb_PriSec-main/vendor/laravel/framework/src/Illuminate/Queue/Worker.php(404): Illuminate/Queue/Worker->getNextJob(Object(Illuminate/Queue/DatabaseQueue), 'default')
#20 D:/Eureka/EducatioWeb/EducatioWeb_PriSec-main/vendor/laravel/framework/src/Illuminate/Queue/Console/WorkCommand.php(149): Illuminate/Queue/Worker->runNextJob('database', 'default', Object(Illuminate/Queue/WorkerOptions))
#21 D:/Eureka/EducatioWeb/EducatioWeb_PriSec-main/vendor/laravel/framework/src/Illuminate/Queue/Console/WorkCommand.php(132): Illuminate/Queue/Console/WorkCommand->runWorker('database', 'default')
#22 D:/Eureka/EducatioWeb/EducatioWeb_PriSec-main/vendor/laravel/framework/src/Illuminate/Container/BoundMethod.php(36): Illuminate/Queue/Console/WorkCommand->handle()
#23 D:/Eureka/EducatioWeb/EducatioWeb_PriSec-main/vendor/laravel/framework/src/Illuminate/Container/Util.php(43): Illuminate/Container/BoundMethod::Illuminate/Container/{closure}()
#24 D:/Eureka/EducatioWeb/EducatioWeb_PriSec-main/vendor/laravel/framework/src/Illuminate/Container/BoundMethod.php(96): Illuminate/Container/Util::unwrapIfClosure(Object(Closure))
#25 D:/Eureka/EducatioWeb/EducatioWeb_PriSec-main/vendor/laravel/framework/src/Illuminate/Container/BoundMethod.php(35): Illuminate/Container/BoundMethod::callBoundMethod(Object(Illuminate/Foundation/Application), Array, Object(Closure))
#26 D:/Eureka/EducatioWeb/EducatioWeb_PriSec-main/vendor/laravel/framework/src/Illuminate/Container/Container.php(799): Illuminate/Container/BoundMethod::call(Object(Illuminate/Foundation/Application), Array, Array, NULL)
#27 D:/Eureka/EducatioWeb/EducatioWeb_PriSec-main/vendor/laravel/framework/src/Illuminate/Console/Command.php(280): Illuminate/Container/Container->call(Array)
#28 D:/Eureka/EducatioWeb/EducatioWeb_PriSec-main/vendor/symfony/console/Command/Command.php(341): Illuminate/Console/Command->execute(Object(Symfony/Component/Console/Input/ArgvInput), Object(Illuminate/Console/OutputStyle))
#29 D:/Eureka/EducatioWeb/EducatioWeb_PriSec-main/vendor/laravel/framework/src/Illuminate/Console/Command.php(249): Symfony/Component/Console/Command/Command->run(Object(Symfony/Component/Console/Input/ArgvInput), Object(Illuminate/Console/OutputStyle))
#30 D:/Eureka/EducatioWeb/EducatioWeb_PriSec-main/vendor/symfony/console/Application.php(1117): Illuminate/Console/Command->run(Object(Symfony/Component/Console/Input/ArgvInput), Object(Symfony/Component/Console/Output/ConsoleOutput))
#31 D:/Eureka/EducatioWeb/EducatioWeb_PriSec-main/vendor/symfony/console/Application.php(356): Symfony/Component/Console/Application->doRunCommand(Object(Illuminate/Queue/Console/WorkCommand), Object(Symfony/Component/Console/Input/ArgvInput), Object(Symfony/Component/Console/Output/ConsoleOutput))
#32 D:/Eureka/EducatioWeb/EducatioWeb_PriSec-main/vendor/symfony/console/Application.php(195): Symfony/Component/Console/Application->doRun(Object(Symfony/Component/Console/Input/ArgvInput), Object(Symfony/Component/Console/Output/ConsoleOutput))
#33 D:/Eureka/EducatioWeb/EducatioWeb_PriSec-main/vendor/laravel/framework/src/Illuminate/Foundation/Console/Kernel.php(198): Symfony/Component/Console/Application->run(Object(Symfony/Component/Console/Input/ArgvInput), Object(Symfony/Component/Console/Output/ConsoleOutput))
#34 D:/Eureka/EducatioWeb/EducatioWeb_PriSec-main/vendor/laravel/framework/src/Illuminate/Foundation/Application.php(1235): Illuminate/Foundation/Console/Kernel->handle(Object(Symfony/Component/Console/Input/ArgvInput), Object(Symfony/Component/Console/Output/ConsoleOutput))
#35 D:/Eureka/EducatioWeb/EducatioWeb_PriSec-main/artisan(16): Illuminate/Foundation/Application->handleCommand(Object(Symfony/Component/Console/Input/ArgvInput))
#36 {main}
"} 
[2026-07-29 08:44:28] local.ERROR: SQLSTATE[HY000] [2002] No se puede establecer una conexión ya que el equipo de destino denegó expresamente dicha conexión (Connection: mariadb, Host: 127.0.0.1, Port: 3306, Database: educatioweb01db, SQL: select * from `cache` where `key` in (eureframework-cache-illuminate:queue:paused:database:default)) {"exception":"[object] (Illuminate\\Database\\QueryException(code: 2002): SQLSTATE[HY000] [2002] No se puede establecer una conexión ya que el equipo de destino denegó expresamente dicha conexión (Connection: mariadb, Host: 127.0.0.1, Port: 3306, Database: educatioweb01db, SQL: select * from `cache` where `key` in (eureframework-cache-illuminate:queue:paused:database:default)) at D:/Eureka/EducatioWeb/EducatioWeb_PriSec-main/vendor/laravel/framework/src/Illuminate/Database/Connection.php:841)
[stacktrace]
#0 D:/Eureka/EducatioWeb/EducatioWeb_PriSec-main/vendor/laravel/framework/src/Illuminate/Database/Connection.php(797): Illuminate/Database/Connection->runQueryCallback('select * from `...', Array, Object(Closure))
#1 D:/Eureka/EducatioWeb/EducatioWeb_PriSec-main/vendor/laravel/framework/src/Illuminate/Database/Connection.php(412): Illuminate/Database/Connection->run('select * from `...', Array, Object(Closure))
#2 D:/Eureka/EducatioWeb/EducatioWeb_PriSec-main/vendor/laravel/framework/src/Illuminate/Database/Query/Builder.php(3567): Illuminate/Database/Connection->select('select * from `...', Array, true, Array)
#3 D:/Eureka/EducatioWeb/EducatioWeb_PriSec-main/vendor/laravel/framework/src/Illuminate/Database/Query/Builder.php(3551): Illuminate/Database/Query/Builder->runSelect()
#4 D:/Eureka/EducatioWeb/EducatioWeb_PriSec-main/vendor/laravel/framework/src/Illuminate/Cache/DatabaseStore.php(142): Illuminate/Database/Query/Builder->get()
#5 D:/Eureka/EducatioWeb/EducatioWeb_PriSec-main/vendor/laravel/framework/src/Illuminate/Cache/Repository.php(160): Illuminate/Cache/DatabaseStore->many(Array)
#6 D:/Eureka/EducatioWeb/EducatioWeb_PriSec-main/vendor/laravel/framework/src/Illuminate/Queue/QueueManager.php(298): Illuminate/Cache/Repository->many(Array)
#7 D:/Eureka/EducatioWeb/EducatioWeb_PriSec-main/vendor/laravel/framework/src/Illuminate/Queue/Worker.php(483): Illuminate/Queue/QueueManager->getPausedQueues('database', Array)
#8 D:/Eureka/EducatioWeb/EducatioWeb_PriSec-main/vendor/laravel/framework/src/Illuminate/Queue/Worker.php(444): Illuminate/Queue/Worker->getPausedQueues('database', Array)
#9 D:/Eureka/EducatioWeb/EducatioWeb_PriSec-main/vendor/laravel/framework/src/Illuminate/Queue/Worker.php(404): Illuminate/Queue/Worker->getNextJob(Object(Illuminate/Queue/DatabaseQueue), 'default')
#10 D:/Eureka/EducatioWeb/EducatioWeb_PriSec-main/vendor/laravel/framework/src/Illuminate/Queue/Console/WorkCommand.php(149): Illuminate/Queue/Worker->runNextJob('database', 'default', Object(Illuminate/Queue/WorkerOptions))
#11 D:/Eureka/EducatioWeb/EducatioWeb_PriSec-main/vendor/laravel/framework/src/Illuminate/Queue/Console/WorkCommand.php(132): Illuminate/Queue/Console/WorkCommand->runWorker('database', 'default')
#12 D:/Eureka/EducatioWeb/EducatioWeb_PriSec-main/vendor/laravel/framework/src/Illuminate/Container/BoundMethod.php(36): Illuminate/Queue/Console/WorkCommand->handle()
#13 D:/Eureka/EducatioWeb/EducatioWeb_PriSec-main/vendor/laravel/framework/src/Illuminate/Container/Util.php(43): Illuminate/Container/BoundMethod::Illuminate/Container/{closure}()
#14 D:/Eureka/EducatioWeb/EducatioWeb_PriSec-main/vendor/laravel/framework/src/Illuminate/Container/BoundMethod.php(96): Illuminate/Container/Util::unwrapIfClosure(Object(Closure))
#15 D:/Eureka/EducatioWeb/EducatioWeb_PriSec-main/vendor/laravel/framework/src/Illuminate/Container/BoundMethod.php(35): Illuminate/Container/BoundMethod::callBoundMethod(Object(Illuminate/Foundation/Application), Array, Object(Closure))
#16 D:/Eureka/EducatioWeb/EducatioWeb_PriSec-main/vendor/laravel/framework/src/Illuminate/Container/Container.php(799): Illuminate/Container/BoundMethod::call(Object(Illuminate/Foundation/Application), Array, Array, NULL)
#17 D:/Eureka/EducatioWeb/EducatioWeb_PriSec-main/vendor/laravel/framework/src/Illuminate/Console/Command.php(280): Illuminate/Container/Container->call(Array)
#18 D:/Eureka/EducatioWeb/EducatioWeb_PriSec-main/vendor/symfony/console/Command/Command.php(341): Illuminate/Console/Command->execute(Object(Symfony/Component/Console/Input/ArgvInput), Object(Illuminate/Console/OutputStyle))
#19 D:/Eureka/EducatioWeb/EducatioWeb_PriSec-main/vendor/laravel/framework/src/Illuminate/Console/Command.php(249): Symfony/Component/Console/Command/Command->run(Object(Symfony/Component/Console/Input/ArgvInput), Object(Illuminate/Console/OutputStyle))
#20 D:/Eureka/EducatioWeb/EducatioWeb_PriSec-main/vendor/symfony/console/Application.php(1117): Illuminate/Console/Command->run(Object(Symfony/Component/Console/Input/ArgvInput), Object(Symfony/Component/Console/Output/ConsoleOutput))
#21 D:/Eureka/EducatioWeb/EducatioWeb_PriSec-main/vendor/symfony/console/Application.php(356): Symfony/Component/Console/Application->doRunCommand(Object(Illuminate/Queue/Console/WorkCommand), Object(Symfony/Component/Console/Input/ArgvInput), Object(Symfony/Component/Console/Output/ConsoleOutput))
#22 D:/Eureka/EducatioWeb/EducatioWeb_PriSec-main/vendor/symfony/console/Application.php(195): Symfony/Component/Console/Application->doRun(Object(Symfony/Component/Console/Input/ArgvInput), Object(Symfony/Component/Console/Output/ConsoleOutput))
#23 D:/Eureka/EducatioWeb/EducatioWeb_PriSec-main/vendor/laravel/framework/src/Illuminate/Foundation/Console/Kernel.php(198): Symfony/Component/Console/Application->run(Object(Symfony/Component/Console/Input/ArgvInput), Object(Symfony/Component/Console/Output/ConsoleOutput))
#24 D:/Eureka/EducatioWeb/EducatioWeb_PriSec-main/vendor/laravel/framework/src/Illuminate/Foundation/Application.php(1235): Illuminate/Foundation/Console/Kernel->handle(Object(Symfony/Component/Console/Input/ArgvInput), Object(Symfony/Component/Console/Output/ConsoleOutput))
#25 D:/Eureka/EducatioWeb/EducatioWeb_PriSec-main/artisan(16): Illuminate/Foundation/Application->handleCommand(Object(Symfony/Component/Console/Input/ArgvInput))
#26 {main}

[previous exception] [object] (PDOException(code: 2002): SQLSTATE[HY000] [2002] No se puede establecer una conexión ya que el equipo de destino denegó expresamente dicha conexión at D:/Eureka/EducatioWeb/EducatioWeb_PriSec-main/vendor/laravel/framework/src/Illuminate/Database/Connectors/Connector.php:66)
[stacktrace]
#0 D:/Eureka/EducatioWeb/EducatioWeb_PriSec-main/vendor/laravel/framework/src/Illuminate/Database/Connectors/Connector.php(66): PDO->__construct('mysql:host=127....', 'root', Object(SensitiveParameterValue), Array)
#1 D:/Eureka/EducatioWeb/EducatioWeb_PriSec-main/vendor/laravel/framework/src/Illuminate/Database/Connectors/Connector.php(44): Illuminate/Database/Connectors/Connector->createPdoConnection('mysql:host=127....', 'root', Object(SensitiveParameterValue), Array)
#2 D:/Eureka/EducatioWeb/EducatioWeb_PriSec-main/vendor/laravel/framework/src/Illuminate/Database/Connectors/MySqlConnector.php(24): Illuminate/Database/Connectors/Connector->createConnection('mysql:host=127....', Array, Array)
#3 D:/Eureka/EducatioWeb/EducatioWeb_PriSec-main/vendor/laravel/framework/src/Illuminate/Database/Connectors/ConnectionFactory.php(188): Illuminate/Database/Connectors/MySqlConnector->connect(Array)
#4 [internal function]: Illuminate/Database/Connectors/ConnectionFactory->Illuminate/Database/Connectors/{closure}()
#5 D:/Eureka/EducatioWeb/EducatioWeb_PriSec-main/vendor/laravel/framework/src/Illuminate/Database/Connection.php(1279): call_user_func(Object(Closure))
#6 D:/Eureka/EducatioWeb/EducatioWeb_PriSec-main/vendor/laravel/framework/src/Illuminate/Database/Connection.php(1317): Illuminate/Database/Connection->getPdo()
#7 D:/Eureka/EducatioWeb/EducatioWeb_PriSec-main/vendor/laravel/framework/src/Illuminate/Database/Connection.php(528): Illuminate/Database/Connection->getReadPdo()
#8 D:/Eureka/EducatioWeb/EducatioWeb_PriSec-main/vendor/laravel/framework/src/Illuminate/Database/Connection.php(421): Illuminate/Database/Connection->getPdoForSelect(true)
#9 D:/Eureka/EducatioWeb/EducatioWeb_PriSec-main/vendor/laravel/framework/src/Illuminate/Database/Connection.php(830): Illuminate/Database/Connection->Illuminate/Database/{closure}('select * from `...', Array)
#10 D:/Eureka/EducatioWeb/EducatioWeb_PriSec-main/vendor/laravel/framework/src/Illuminate/Database/Connection.php(797): Illuminate/Database/Connection->runQueryCallback('select * from `...', Array, Object(Closure))
#11 D:/Eureka/EducatioWeb/EducatioWeb_PriSec-main/vendor/laravel/framework/src/Illuminate/Database/Connection.php(412): Illuminate/Database/Connection->run('select * from `...', Array, Object(Closure))
#12 D:/Eureka/EducatioWeb/EducatioWeb_PriSec-main/vendor/laravel/framework/src/Illuminate/Database/Query/Builder.php(3567): Illuminate/Database/Connection->select('select * from `...', Array, true, Array)
#13 D:/Eureka/EducatioWeb/EducatioWeb_PriSec-main/vendor/laravel/framework/src/Illuminate/Database/Query/Builder.php(3551): Illuminate/Database/Query/Builder->runSelect()
#14 D:/Eureka/EducatioWeb/EducatioWeb_PriSec-main/vendor/laravel/framework/src/Illuminate/Cache/DatabaseStore.php(142): Illuminate/Database/Query/Builder->get()
#15 D:/Eureka/EducatioWeb/EducatioWeb_PriSec-main/vendor/laravel/framework/src/Illuminate/Cache/Repository.php(160): Illuminate/Cache/DatabaseStore->many(Array)
#16 D:/Eureka/EducatioWeb/EducatioWeb_PriSec-main/vendor/laravel/framework/src/Illuminate/Queue/QueueManager.php(298): Illuminate/Cache/Repository->many(Array)
#17 D:/Eureka/EducatioWeb/EducatioWeb_PriSec-main/vendor/laravel/framework/src/Illuminate/Queue/Worker.php(483): Illuminate/Queue/QueueManager->getPausedQueues('database', Array)
#18 D:/Eureka/EducatioWeb/EducatioWeb_PriSec-main/vendor/laravel/framework/src/Illuminate/Queue/Worker.php(444): Illuminate/Queue/Worker->getPausedQueues('database', Array)
#19 D:/Eureka/EducatioWeb/EducatioWeb_PriSec-main/vendor/laravel/framework/src/Illuminate/Queue/Worker.php(404): Illuminate/Queue/Worker->getNextJob(Object(Illuminate/Queue/DatabaseQueue), 'default')
#20 D:/Eureka/EducatioWeb/EducatioWeb_PriSec-main/vendor/laravel/framework/src/Illuminate/Queue/Console/WorkCommand.php(149): Illuminate/Queue/Worker->runNextJob('database', 'default', Object(Illuminate/Queue/WorkerOptions))
#21 D:/Eureka/EducatioWeb/EducatioWeb_PriSec-main/vendor/laravel/framework/src/Illuminate/Queue/Console/WorkCommand.php(132): Illuminate/Queue/Console/WorkCommand->runWorker('database', 'default')
#22 D:/Eureka/EducatioWeb/EducatioWeb_PriSec-main/vendor/laravel/framework/src/Illuminate/Container/BoundMethod.php(36): Illuminate/Queue/Console/WorkCommand->handle()
#23 D:/Eureka/EducatioWeb/EducatioWeb_PriSec-main/vendor/laravel/framework/src/Illuminate/Container/Util.php(43): Illuminate/Container/BoundMethod::Illuminate/Container/{closure}()
#24 D:/Eureka/EducatioWeb/EducatioWeb_PriSec-main/vendor/laravel/framework/src/Illuminate/Container/BoundMethod.php(96): Illuminate/Container/Util::unwrapIfClosure(Object(Closure))
#25 D:/Eureka/EducatioWeb/EducatioWeb_PriSec-main/vendor/laravel/framework/src/Illuminate/Container/BoundMethod.php(35): Illuminate/Container/BoundMethod::callBoundMethod(Object(Illuminate/Foundation/Application), Array, Object(Closure))
#26 D:/Eureka/EducatioWeb/EducatioWeb_PriSec-main/vendor/laravel/framework/src/Illuminate/Container/Container.php(799): Illuminate/Container/BoundMethod::call(Object(Illuminate/Foundation/Application), Array, Array, NULL)
#27 D:/Eureka/EducatioWeb/EducatioWeb_PriSec-main/vendor/laravel/framework/src/Illuminate/Console/Command.php(280): Illuminate/Container/Container->call(Array)
#28 D:/Eureka/EducatioWeb/EducatioWeb_PriSec-main/vendor/symfony/console/Command/Command.php(341): Illuminate/Console/Command->execute(Object(Symfony/Component/Console/Input/ArgvInput), Object(Illuminate/Console/OutputStyle))
#29 D:/Eureka/EducatioWeb/EducatioWeb_PriSec-main/vendor/laravel/framework/src/Illuminate/Console/Command.php(249): Symfony/Component/Console/Command/Command->run(Object(Symfony/Component/Console/Input/ArgvInput), Object(Illuminate/Console/OutputStyle))
#30 D:/Eureka/EducatioWeb/EducatioWeb_PriSec-main/vendor/symfony/console/Application.php(1117): Illuminate/Console/Command->run(Object(Symfony/Component/Console/Input/ArgvInput), Object(Symfony/Component/Console/Output/ConsoleOutput))
#31 D:/Eureka/EducatioWeb/EducatioWeb_PriSec-main/vendor/symfony/console/Application.php(356): Symfony/Component/Console/Application->doRunCommand(Object(Illuminate/Queue/Console/WorkCommand), Object(Symfony/Component/Console/Input/ArgvInput), Object(Symfony/Component/Console/Output/ConsoleOutput))
#32 D:/Eureka/EducatioWeb/EducatioWeb_PriSec-main/vendor/symfony/console/Application.php(195): Symfony/Component/Console/Application->doRun(Object(Symfony/Component/Console/Input/ArgvInput), Object(Symfony/Component/Console/Output/ConsoleOutput))
#33 D:/Eureka/EducatioWeb/EducatioWeb_PriSec-main/vendor/laravel/framework/src/Illuminate/Foundation/Console/Kernel.php(198): Symfony/Component/Console/Application->run(Object(Symfony/Component/Console/Input/ArgvInput), Object(Symfony/Component/Console/Output/ConsoleOutput))
#34 D:/Eureka/EducatioWeb/EducatioWeb_PriSec-main/vendor/laravel/framework/src/Illuminate/Foundation/Application.php(1235): Illuminate/Foundation/Console/Kernel->handle(Object(Symfony/Component/Console/Input/ArgvInput), Object(Symfony/Component/Console/Output/ConsoleOutput))
#35 D:/Eureka/EducatioWeb/EducatioWeb_PriSec-main/artisan(16): Illuminate/Foundation/Application->handleCommand(Object(Symfony/Component/Console/Input/ArgvInput))
#36 {main}
"} 
[2026-07-29 08:44:34] local.ERROR: SQLSTATE[HY000] [2002] No se puede establecer una conexión ya que el equipo de destino denegó expresamente dicha conexión (Connection: mariadb, Host: 127.0.0.1, Port: 3306, Database: educatioweb01db, SQL: select * from `cache` where `key` in (eureframework-cache-illuminate:queue:paused:database:default)) {"exception":"[object] (Illuminate\\Database\\QueryException(code: 2002): SQLSTATE[HY000] [2002] No se puede establecer una conexión ya que el equipo de destino denegó expresamente dicha conexión (Connection: mariadb, Host: 127.0.0.1, Port: 3306, Database: educatioweb01db, SQL: select * from `cache` where `key` in (eureframework-cache-illuminate:queue:paused:database:default)) at D:/Eureka/EducatioWeb/EducatioWeb_PriSec-main/vendor/laravel/framework/src/Illuminate/Database/Connection.php:841)
[stacktrace]
#0 D:/Eureka/EducatioWeb/EducatioWeb_PriSec-main/vendor/laravel/framework/src/Illuminate/Database/Connection.php(797): Illuminate/Database/Connection->runQueryCallback('select * from `...', Array, Object(Closure))
#1 D:/Eureka/EducatioWeb/EducatioWeb_PriSec-main/vendor/laravel/framework/src/Illuminate/Database/Connection.php(412): Illuminate/Database/Connection->run('select * from `...', Array, Object(Closure))
#2 D:/Eureka/EducatioWeb/EducatioWeb_PriSec-main/vendor/laravel/framework/src/Illuminate/Database/Query/Builder.php(3567): Illuminate/Database/Connection->select('select * from `...', Array, true, Array)
#3 D:/Eureka/EducatioWeb/EducatioWeb_PriSec-main/vendor/laravel/framework/src/Illuminate/Database/Query/Builder.php(3551): Illuminate/Database/Query/Builder->runSelect()
#4 D:/Eureka/EducatioWeb/EducatioWeb_PriSec-main/vendor/laravel/framework/src/Illuminate/Cache/DatabaseStore.php(142): Illuminate/Database/Query/Builder->get()
#5 D:/Eureka/EducatioWeb/EducatioWeb_PriSec-main/vendor/laravel/framework/src/Illuminate/Cache/Repository.php(160): Illuminate/Cache/DatabaseStore->many(Array)
#6 D:/Eureka/EducatioWeb/EducatioWeb_PriSec-main/vendor/laravel/framework/src/Illuminate/Queue/QueueManager.php(298): Illuminate/Cache/Repository->many(Array)
#7 D:/Eureka/EducatioWeb/EducatioWeb_PriSec-main/vendor/laravel/framework/src/Illuminate/Queue/Worker.php(483): Illuminate/Queue/QueueManager->getPausedQueues('database', Array)
#8 D:/Eureka/EducatioWeb/EducatioWeb_PriSec-main/vendor/laravel/framework/src/Illuminate/Queue/Worker.php(444): Illuminate/Queue/Worker->getPausedQueues('database', Array)
#9 D:/Eureka/EducatioWeb/EducatioWeb_PriSec-main/vendor/laravel/framework/src/Illuminate/Queue/Worker.php(404): Illuminate/Queue/Worker->getNextJob(Object(Illuminate/Queue/DatabaseQueue), 'default')
#10 D:/Eureka/EducatioWeb/EducatioWeb_PriSec-main/vendor/laravel/framework/src/Illuminate/Queue/Console/WorkCommand.php(149): Illuminate/Queue/Worker->runNextJob('database', 'default', Object(Illuminate/Queue/WorkerOptions))
#11 D:/Eureka/EducatioWeb/EducatioWeb_PriSec-main/vendor/laravel/framework/src/Illuminate/Queue/Console/WorkCommand.php(132): Illuminate/Queue/Console/WorkCommand->runWorker('database', 'default')
#12 D:/Eureka/EducatioWeb/EducatioWeb_PriSec-main/vendor/laravel/framework/src/Illuminate/Container/BoundMethod.php(36): Illuminate/Queue/Console/WorkCommand->handle()
#13 D:/Eureka/EducatioWeb/EducatioWeb_PriSec-main/vendor/laravel/framework/src/Illuminate/Container/Util.php(43): Illuminate/Container/BoundMethod::Illuminate/Container/{closure}()
#14 D:/Eureka/EducatioWeb/EducatioWeb_PriSec-main/vendor/laravel/framework/src/Illuminate/Container/BoundMethod.php(96): Illuminate/Container/Util::unwrapIfClosure(Object(Closure))
#15 D:/Eureka/EducatioWeb/EducatioWeb_PriSec-main/vendor/laravel/framework/src/Illuminate/Container/BoundMethod.php(35): Illuminate/Container/BoundMethod::callBoundMethod(Object(Illuminate/Foundation/Application), Array, Object(Closure))
#16 D:/Eureka/EducatioWeb/EducatioWeb_PriSec-main/vendor/laravel/framework/src/Illuminate/Container/Container.php(799): Illuminate/Container/BoundMethod::call(Object(Illuminate/Foundation/Application), Array, Array, NULL)
#17 D:/Eureka/EducatioWeb/EducatioWeb_PriSec-main/vendor/laravel/framework/src/Illuminate/Console/Command.php(280): Illuminate/Container/Container->call(Array)
#18 D:/Eureka/EducatioWeb/EducatioWeb_PriSec-main/vendor/symfony/console/Command/Command.php(341): Illuminate/Console/Command->execute(Object(Symfony/Component/Console/Input/ArgvInput), Object(Illuminate/Console/OutputStyle))
#19 D:/Eureka/EducatioWeb/EducatioWeb_PriSec-main/vendor/laravel/framework/src/Illuminate/Console/Command.php(249): Symfony/Component/Console/Command/Command->run(Object(Symfony/Component/Console/Input/ArgvInput), Object(Illuminate/Console/OutputStyle))
#20 D:/Eureka/EducatioWeb/EducatioWeb_PriSec-main/vendor/symfony/console/Application.php(1117): Illuminate/Console/Command->run(Object(Symfony/Component/Console/Input/ArgvInput), Object(Symfony/Component/Console/Output/ConsoleOutput))
#21 D:/Eureka/EducatioWeb/EducatioWeb_PriSec-main/vendor/symfony/console/Application.php(356): Symfony/Component/Console/Application->doRunCommand(Object(Illuminate/Queue/Console/WorkCommand), Object(Symfony/Component/Console/Input/ArgvInput), Object(Symfony/Component/Console/Output/ConsoleOutput))
#22 D:/Eureka/EducatioWeb/EducatioWeb_PriSec-main/vendor/symfony/console/Application.php(195): Symfony/Component/Console/Application->doRun(Object(Symfony/Component/Console/Input/ArgvInput), Object(Symfony/Component/Console/Output/ConsoleOutput))
#23 D:/Eureka/EducatioWeb/EducatioWeb_PriSec-main/vendor/laravel/framework/src/Illuminate/Foundation/Console/Kernel.php(198): Symfony/Component/Console/Application->run(Object(Symfony/Component/Console/Input/ArgvInput), Object(Symfony/Component/Console/Output/ConsoleOutput))
#24 D:/Eureka/EducatioWeb/EducatioWeb_PriSec-main/vendor/laravel/framework/src/Illuminate/Foundation/Application.php(1235): Illuminate/Foundation/Console/Kernel->handle(Object(Symfony/Component/Console/Input/ArgvInput), Object(Symfony/Component/Console/Output/ConsoleOutput))
#25 D:/Eureka/EducatioWeb/EducatioWeb_PriSec-main/artisan(16): Illuminate/Foundation/Application->handleCommand(Object(Symfony/Component/Console/Input/ArgvInput))
#26 {main}

[previous exception] [object] (PDOException(code: 2002): SQLSTATE[HY000] [2002] No se puede establecer una conexión ya que el equipo de destino denegó expresamente dicha conexión at D:/Eureka/EducatioWeb/EducatioWeb_PriSec-main/vendor/laravel/framework/src/Illuminate/Database/Connectors/Connector.php:66)
[stacktrace]
#0 D:/Eureka/EducatioWeb/EducatioWeb_PriSec-main/vendor/laravel/framework/src/Illuminate/Database/Connectors/Connector.php(66): PDO->__construct('mysql:host=127....', 'root', Object(SensitiveParameterValue), Array)
#1 D:/Eureka/EducatioWeb/EducatioWeb_PriSec-main/vendor/laravel/framework/src/Illuminate/Database/Connectors/Connector.php(44): Illuminate/Database/Connectors/Connector->createPdoConnection('mysql:host=127....', 'root', Object(SensitiveParameterValue), Array)
#2 D:/Eureka/EducatioWeb/EducatioWeb_PriSec-main/vendor/laravel/framework/src/Illuminate/Database/Connectors/MySqlConnector.php(24): Illuminate/Database/Connectors/Connector->createConnection('mysql:host=127....', Array, Array)
#3 D:/Eureka/EducatioWeb/EducatioWeb_PriSec-main/vendor/laravel/framework/src/Illuminate/Database/Connectors/ConnectionFactory.php(188): Illuminate/Database/Connectors/MySqlConnector->connect(Array)
#4 [internal function]: Illuminate/Database/Connectors/ConnectionFactory->Illuminate/Database/Connectors/{closure}()
#5 D:/Eureka/EducatioWeb/EducatioWeb_PriSec-main/vendor/laravel/framework/src/Illuminate/Database/Connection.php(1279): call_user_func(Object(Closure))
#6 D:/Eureka/EducatioWeb/EducatioWeb_PriSec-main/vendor/laravel/framework/src/Illuminate/Database/Connection.php(1317): Illuminate/Database/Connection->getPdo()
#7 D:/Eureka/EducatioWeb/EducatioWeb_PriSec-main/vendor/laravel/framework/src/Illuminate/Database/Connection.php(528): Illuminate/Database/Connection->getReadPdo()
#8 D:/Eureka/EducatioWeb/EducatioWeb_PriSec-main/vendor/laravel/framework/src/Illuminate/Database/Connection.php(421): Illuminate/Database/Connection->getPdoForSelect(true)
#9 D:/Eureka/EducatioWeb/EducatioWeb_PriSec-main/vendor/laravel/framework/src/Illuminate/Database/Connection.php(830): Illuminate/Database/Connection->Illuminate/Database/{closure}('select * from `...', Array)
#10 D:/Eureka/EducatioWeb/EducatioWeb_PriSec-main/vendor/laravel/framework/src/Illuminate/Database/Connection.php(797): Illuminate/Database/Connection->runQueryCallback('select * from `...', Array, Object(Closure))
#11 D:/Eureka/EducatioWeb/EducatioWeb_PriSec-main/vendor/laravel/framework/src/Illuminate/Database/Connection.php(412): Illuminate/Database/Connection->run('select * from `...', Array, Object(Closure))
#12 D:/Eureka/EducatioWeb/EducatioWeb_PriSec-main/vendor/laravel/framework/src/Illuminate/Database/Query/Builder.php(3567): Illuminate/Database/Connection->select('select * from `...', Array, true, Array)
#13 D:/Eureka/EducatioWeb/EducatioWeb_PriSec-main/vendor/laravel/framework/src/Illuminate/Database/Query/Builder.php(3551): Illuminate/Database/Query/Builder->runSelect()
#14 D:/Eureka/EducatioWeb/EducatioWeb_PriSec-main/vendor/laravel/framework/src/Illuminate/Cache/DatabaseStore.php(142): Illuminate/Database/Query/Builder->get()
#15 D:/Eureka/EducatioWeb/EducatioWeb_PriSec-main/vendor/laravel/framework/src/Illuminate/Cache/Repository.php(160): Illuminate/Cache/DatabaseStore->many(Array)
#16 D:/Eureka/EducatioWeb/EducatioWeb_PriSec-main/vendor/laravel/framework/src/Illuminate/Queue/QueueManager.php(298): Illuminate/Cache/Repository->many(Array)
#17 D:/Eureka/EducatioWeb/EducatioWeb_PriSec-main/vendor/laravel/framework/src/Illuminate/Queue/Worker.php(483): Illuminate/Queue/QueueManager->getPausedQueues('database', Array)
#18 D:/Eureka/EducatioWeb/EducatioWeb_PriSec-main/vendor/laravel/framework/src/Illuminate/Queue/Worker.php(444): Illuminate/Queue/Worker->getPausedQueues('database', Array)
#19 D:/Eureka/EducatioWeb/EducatioWeb_PriSec-main/vendor/laravel/framework/src/Illuminate/Queue/Worker.php(404): Illuminate/Queue/Worker->getNextJob(Object(Illuminate/Queue/DatabaseQueue), 'default')
#20 D:/Eureka/EducatioWeb/EducatioWeb_PriSec-main/vendor/laravel/framework/src/Illuminate/Queue/Console/WorkCommand.php(149): Illuminate/Queue/Worker->runNextJob('database', 'default', Object(Illuminate/Queue/WorkerOptions))
#21 D:/Eureka/EducatioWeb/EducatioWeb_PriSec-main/vendor/laravel/framework/src/Illuminate/Queue/Console/WorkCommand.php(132): Illuminate/Queue/Console/WorkCommand->runWorker('database', 'default')
#22 D:/Eureka/EducatioWeb/EducatioWeb_PriSec-main/vendor/laravel/framework/src/Illuminate/Container/BoundMethod.php(36): Illuminate/Queue/Console/WorkCommand->handle()
#23 D:/Eureka/EducatioWeb/EducatioWeb_PriSec-main/vendor/laravel/framework/src/Illuminate/Container/Util.php(43): Illuminate/Container/BoundMethod::Illuminate/Container/{closure}()
#24 D:/Eureka/EducatioWeb/EducatioWeb_PriSec-main/vendor/laravel/framework/src/Illuminate/Container/BoundMethod.php(96): Illuminate/Container/Util::unwrapIfClosure(Object(Closure))
#25 D:/Eureka/EducatioWeb/EducatioWeb_PriSec-main/vendor/laravel/framework/src/Illuminate/Container/BoundMethod.php(35): Illuminate/Container/BoundMethod::callBoundMethod(Object(Illuminate/Foundation/Application), Array, Object(Closure))
#26 D:/Eureka/EducatioWeb/EducatioWeb_PriSec-main/vendor/laravel/framework/src/Illuminate/Container/Container.php(799): Illuminate/Container/BoundMethod::call(Object(Illuminate/Foundation/Application), Array, Array, NULL)
#27 D:/Eureka/EducatioWeb/EducatioWeb_PriSec-main/vendor/laravel/framework/src/Illuminate/Console/Command.php(280): Illuminate/Container/Container->call(Array)
#28 D:/Eureka/EducatioWeb/EducatioWeb_PriSec-main/vendor/symfony/console/Command/Command.php(341): Illuminate/Console/Command->execute(Object(Symfony/Component/Console/Input/ArgvInput), Object(Illuminate/Console/OutputStyle))
#29 D:/Eureka/EducatioWeb/EducatioWeb_PriSec-main/vendor/laravel/framework/src/Illuminate/Console/Command.php(249): Symfony/Component/Console/Command/Command->run(Object(Symfony/Component/Console/Input/ArgvInput), Object(Illuminate/Console/OutputStyle))
#30 D:/Eureka/EducatioWeb/EducatioWeb_PriSec-main/vendor/symfony/console/Application.php(1117): Illuminate/Console/Command->run(Object(Symfony/Component/Console/Input/ArgvInput), Object(Symfony/Component/Console/Output/ConsoleOutput))
#31 D:/Eureka/EducatioWeb/EducatioWeb_PriSec-main/vendor/symfony/console/Application.php(356): Symfony/Component/Console/Application->doRunCommand(Object(Illuminate/Queue/Console/WorkCommand), Object(Symfony/Component/Console/Input/ArgvInput), Object(Symfony/Component/Console/Output/ConsoleOutput))
#32 D:/Eureka/EducatioWeb/EducatioWeb_PriSec-main/vendor/symfony/console/Application.php(195): Symfony/Component/Console/Application->doRun(Object(Symfony/Component/Console/Input/ArgvInput), Object(Symfony/Component/Console/Output/ConsoleOutput))
#33 D:/Eureka/EducatioWeb/EducatioWeb_PriSec-main/vendor/laravel/framework/src/Illuminate/Foundation/Console/Kernel.php(198): Symfony/Component/Console/Application->run(Object(Symfony/Component/Console/Input/ArgvInput), Object(Symfony/Component/Console/Output/ConsoleOutput))
#34 D:/Eureka/EducatioWeb/EducatioWeb_PriSec-main/vendor/laravel/framework/src/Illuminate/Foundation/Application.php(1235): Illuminate/Foundation/Console/Kernel->handle(Object(Symfony/Component/Console/Input/ArgvInput), Object(Symfony/Component/Console/Output/ConsoleOutput))
#35 D:/Eureka/EducatioWeb/EducatioWeb_PriSec-main/artisan(16): Illuminate/Foundation/Application->handleCommand(Object(Symfony/Component/Console/Input/ArgvInput))
#36 {main}
"} 
[2026-07-29 08:44:41] local.ERROR: SQLSTATE[HY000] [2002] No se puede establecer una conexión ya que el equipo de destino denegó expresamente dicha conexión (Connection: mariadb, Host: 127.0.0.1, Port: 3306, Database: educatioweb01db, SQL: select * from `cache` where `key` in (eureframework-cache-illuminate:queue:paused:database:default)) {"exception":"[object] (Illuminate\\Database\\QueryException(code: 2002): SQLSTATE[HY000] [2002] No se puede establecer una conexión ya que el equipo de destino denegó expresamente dicha conexión (Connection: mariadb, Host: 127.0.0.1, Port: 3306, Database: educatioweb01db, SQL: select * from `cache` where `key` in (eureframework-cache-illuminate:queue:paused:database:default)) at D:/Eureka/EducatioWeb/EducatioWeb_PriSec-main/vendor/laravel/framework/src/Illuminate/Database/Connection.php:841)
[stacktrace]
#0 D:/Eureka/EducatioWeb/EducatioWeb_PriSec-main/vendor/laravel/framework/src/Illuminate/Database/Connection.php(797): Illuminate/Database/Connection->runQueryCallback('select * from `...', Array, Object(Closure))
#1 D:/Eureka/EducatioWeb/EducatioWeb_PriSec-main/vendor/laravel/framework/src/Illuminate/Database/Connection.php(412): Illuminate/Database/Connection->run('select * from `...', Array, Object(Closure))
#2 D:/Eureka/EducatioWeb/EducatioWeb_PriSec-main/vendor/laravel/framework/src/Illuminate/Database/Query/Builder.php(3567): Illuminate/Database/Connection->select('select * from `...', Array, true, Array)
#3 D:/Eureka/EducatioWeb/EducatioWeb_PriSec-main/vendor/laravel/framework/src/Illuminate/Database/Query/Builder.php(3551): Illuminate/Database/Query/Builder->runSelect()
#4 D:/Eureka/EducatioWeb/EducatioWeb_PriSec-main/vendor/laravel/framework/src/Illuminate/Cache/DatabaseStore.php(142): Illuminate/Database/Query/Builder->get()
#5 D:/Eureka/EducatioWeb/EducatioWeb_PriSec-main/vendor/laravel/framework/src/Illuminate/Cache/Repository.php(160): Illuminate/Cache/DatabaseStore->many(Array)
#6 D:/Eureka/EducatioWeb/EducatioWeb_PriSec-main/vendor/laravel/framework/src/Illuminate/Queue/QueueManager.php(298): Illuminate/Cache/Repository->many(Array)
#7 D:/Eureka/EducatioWeb/EducatioWeb_PriSec-main/vendor/laravel/framework/src/Illuminate/Queue/Worker.php(483): Illuminate/Queue/QueueManager->getPausedQueues('database', Array)
#8 D:/Eureka/EducatioWeb/EducatioWeb_PriSec-main/vendor/laravel/framework/src/Illuminate/Queue/Worker.php(444): Illuminate/Queue/Worker->getPausedQueues('database', Array)
#9 D:/Eureka/EducatioWeb/EducatioWeb_PriSec-main/vendor/laravel/framework/src/Illuminate/Queue/Worker.php(404): Illuminate/Queue/Worker->getNextJob(Object(Illuminate/Queue/DatabaseQueue), 'default')
#10 D:/Eureka/EducatioWeb/EducatioWeb_PriSec-main/vendor/laravel/framework/src/Illuminate/Queue/Console/WorkCommand.php(149): Illuminate/Queue/Worker->runNextJob('database', 'default', Object(Illuminate/Queue/WorkerOptions))
#11 D:/Eureka/EducatioWeb/EducatioWeb_PriSec-main/vendor/laravel/framework/src/Illuminate/Queue/Console/WorkCommand.php(132): Illuminate/Queue/Console/WorkCommand->runWorker('database', 'default')
#12 D:/Eureka/EducatioWeb/EducatioWeb_PriSec-main/vendor/laravel/framework/src/Illuminate/Container/BoundMethod.php(36): Illuminate/Queue/Console/WorkCommand->handle()
#13 D:/Eureka/EducatioWeb/EducatioWeb_PriSec-main/vendor/laravel/framework/src/Illuminate/Container/Util.php(43): Illuminate/Container/BoundMethod::Illuminate/Container/{closure}()
#14 D:/Eureka/EducatioWeb/EducatioWeb_PriSec-main/vendor/laravel/framework/src/Illuminate/Container/BoundMethod.php(96): Illuminate/Container/Util::unwrapIfClosure(Object(Closure))
#15 D:/Eureka/EducatioWeb/EducatioWeb_PriSec-main/vendor/laravel/framework/src/Illuminate/Container/BoundMethod.php(35): Illuminate/Container/BoundMethod::callBoundMethod(Object(Illuminate/Foundation/Application), Array, Object(Closure))
#16 D:/Eureka/EducatioWeb/EducatioWeb_PriSec-main/vendor/laravel/framework/src/Illuminate/Container/Container.php(799): Illuminate/Container/BoundMethod::call(Object(Illuminate/Foundation/Application), Array, Array, NULL)
#17 D:/Eureka/EducatioWeb/EducatioWeb_PriSec-main/vendor/laravel/framework/src/Illuminate/Console/Command.php(280): Illuminate/Container/Container->call(Array)
#18 D:/Eureka/EducatioWeb/EducatioWeb_PriSec-main/vendor/symfony/console/Command/Command.php(341): Illuminate/Console/Command->execute(Object(Symfony/Component/Console/Input/ArgvInput), Object(Illuminate/Console/OutputStyle))
#19 D:/Eureka/EducatioWeb/EducatioWeb_PriSec-main/vendor/laravel/framework/src/Illuminate/Console/Command.php(249): Symfony/Component/Console/Command/Command->run(Object(Symfony/Component/Console/Input/ArgvInput), Object(Illuminate/Console/OutputStyle))
#20 D:/Eureka/EducatioWeb/EducatioWeb_PriSec-main/vendor/symfony/console/Application.php(1117): Illuminate/Console/Command->run(Object(Symfony/Component/Console/Input/ArgvInput), Object(Symfony/Component/Console/Output/ConsoleOutput))
#21 D:/Eureka/EducatioWeb/EducatioWeb_PriSec-main/vendor/symfony/console/Application.php(356): Symfony/Component/Console/Application->doRunCommand(Object(Illuminate/Queue/Console/WorkCommand), Object(Symfony/Component/Console/Input/ArgvInput), Object(Symfony/Component/Console/Output/ConsoleOutput))
#22 D:/Eureka/EducatioWeb/EducatioWeb_PriSec-main/vendor/symfony/console/Application.php(195): Symfony/Component/Console/Application->doRun(Object(Symfony/Component/Console/Input/ArgvInput), Object(Symfony/Component/Console/Output/ConsoleOutput))
#23 D:/Eureka/EducatioWeb/EducatioWeb_PriSec-main/vendor/laravel/framework/src/Illuminate/Foundation/Console/Kernel.php(198): Symfony/Component/Console/Application->run(Object(Symfony/Component/Console/Input/ArgvInput), Object(Symfony/Component/Console/Output/ConsoleOutput))
#24 D:/Eureka/EducatioWeb/EducatioWeb_PriSec-main/vendor/laravel/framework/src/Illuminate/Foundation/Application.php(1235): Illuminate/Foundation/Console/Kernel->handle(Object(Symfony/Component/Console/Input/ArgvInput), Object(Symfony/Component/Console/Output/ConsoleOutput))
#25 D:/Eureka/EducatioWeb/EducatioWeb_PriSec-main/artisan(16): Illuminate/Foundation/Application->handleCommand(Object(Symfony/Component/Console/Input/ArgvInput))
#26 {main}

[previous exception] [object] (PDOException(code: 2002): SQLSTATE[HY000] [2002] No se puede establecer una conexión ya que el equipo de destino denegó expresamente dicha conexión at D:/Eureka/EducatioWeb/EducatioWeb_PriSec-main/vendor/laravel/framework/src/Illuminate/Database/Connectors/Connector.php:66)
[stacktrace]
#0 D:/Eureka/EducatioWeb/EducatioWeb_PriSec-main/vendor/laravel/framework/src/Illuminate/Database/Connectors/Connector.php(66): PDO->__construct('mysql:host=127....', 'root', Object(SensitiveParameterValue), Array)
#1 D:/Eureka/EducatioWeb/EducatioWeb_PriSec-main/vendor/laravel/framework/src/Illuminate/Database/Connectors/Connector.php(44): Illuminate/Database/Connectors/Connector->createPdoConnection('mysql:host=127....', 'root', Object(SensitiveParameterValue), Array)
#2 D:/Eureka/EducatioWeb/EducatioWeb_PriSec-main/vendor/laravel/framework/src/Illuminate/Database/Connectors/MySqlConnector.php(24): Illuminate/Database/Connectors/Connector->createConnection('mysql:host=127....', Array, Array)
#3 D:/Eureka/EducatioWeb/EducatioWeb_PriSec-main/vendor/laravel/framework/src/Illuminate/Database/Connectors/ConnectionFactory.php(188): Illuminate/Database/Connectors/MySqlConnector->connect(Array)
#4 [internal function]: Illuminate/Database/Connectors/ConnectionFactory->Illuminate/Database/Connectors/{closure}()
#5 D:/Eureka/EducatioWeb/EducatioWeb_PriSec-main/vendor/laravel/framework/src/Illuminate/Database/Connection.php(1279): call_user_func(Object(Closure))
#6 D:/Eureka/EducatioWeb/EducatioWeb_PriSec-main/vendor/laravel/framework/src/Illuminate/Database/Connection.php(1317): Illuminate/Database/Connection->getPdo()
#7 D:/Eureka/EducatioWeb/EducatioWeb_PriSec-main/vendor/laravel/framework/src/Illuminate/Database/Connection.php(528): Illuminate/Database/Connection->getReadPdo()
#8 D:/Eureka/EducatioWeb/EducatioWeb_PriSec-main/vendor/laravel/framework/src/Illuminate/Database/Connection.php(421): Illuminate/Database/Connection->getPdoForSelect(true)
#9 D:/Eureka/EducatioWeb/EducatioWeb_PriSec-main/vendor/laravel/framework/src/Illuminate/Database/Connection.php(830): Illuminate/Database/Connection->Illuminate/Database/{closure}('select * from `...', Array)
#10 D:/Eureka/EducatioWeb/EducatioWeb_PriSec-main/vendor/laravel/framework/src/Illuminate/Database/Connection.php(797): Illuminate/Database/Connection->runQueryCallback('select * from `...', Array, Object(Closure))
#11 D:/Eureka/EducatioWeb/EducatioWeb_PriSec-main/vendor/laravel/framework/src/Illuminate/Database/Connection.php(412): Illuminate/Database/Connection->run('select * from `...', Array, Object(Closure))
#12 D:/Eureka/EducatioWeb/EducatioWeb_PriSec-main/vendor/laravel/framework/src/Illuminate/Database/Query/Builder.php(3567): Illuminate/Database/Connection->select('select * from `...', Array, true, Array)
#13 D:/Eureka/EducatioWeb/EducatioWeb_PriSec-main/vendor/laravel/framework/src/Illuminate/Database/Query/Builder.php(3551): Illuminate/Database/Query/Builder->runSelect()
#14 D:/Eureka/EducatioWeb/EducatioWeb_PriSec-main/vendor/laravel/framework/src/Illuminate/Cache/DatabaseStore.php(142): Illuminate/Database/Query/Builder->get()
#15 D:/Eureka/EducatioWeb/EducatioWeb_PriSec-main/vendor/laravel/framework/src/Illuminate/Cache/Repository.php(160): Illuminate/Cache/DatabaseStore->many(Array)
#16 D:/Eureka/EducatioWeb/EducatioWeb_PriSec-main/vendor/laravel/framework/src/Illuminate/Queue/QueueManager.php(298): Illuminate/Cache/Repository->many(Array)
#17 D:/Eureka/EducatioWeb/EducatioWeb_PriSec-main/vendor/laravel/framework/src/Illuminate/Queue/Worker.php(483): Illuminate/Queue/QueueManager->getPausedQueues('database', Array)
#18 D:/Eureka/EducatioWeb/EducatioWeb_PriSec-main/vendor/laravel/framework/src/Illuminate/Queue/Worker.php(444): Illuminate/Queue/Worker->getPausedQueues('database', Array)
#19 D:/Eureka/EducatioWeb/EducatioWeb_PriSec-main/vendor/laravel/framework/src/Illuminate/Queue/Worker.php(404): Illuminate/Queue/Worker->getNextJob(Object(Illuminate/Queue/DatabaseQueue), 'default')
#20 D:/Eureka/EducatioWeb/EducatioWeb_PriSec-main/vendor/laravel/framework/src/Illuminate/Queue/Console/WorkCommand.php(149): Illuminate/Queue/Worker->runNextJob('database', 'default', Object(Illuminate/Queue/WorkerOptions))
#21 D:/Eureka/EducatioWeb/EducatioWeb_PriSec-main/vendor/laravel/framework/src/Illuminate/Queue/Console/WorkCommand.php(132): Illuminate/Queue/Console/WorkCommand->runWorker('database', 'default')
#22 D:/Eureka/EducatioWeb/EducatioWeb_PriSec-main/vendor/laravel/framework/src/Illuminate/Container/BoundMethod.php(36): Illuminate/Queue/Console/WorkCommand->handle()
#23 D:/Eureka/EducatioWeb/EducatioWeb_PriSec-main/vendor/laravel/framework/src/Illuminate/Container/Util.php(43): Illuminate/Container/BoundMethod::Illuminate/Container/{closure}()
#24 D:/Eureka/EducatioWeb/EducatioWeb_PriSec-main/vendor/laravel/framework/src/Illuminate/Container/BoundMethod.php(96): Illuminate/Container/Util::unwrapIfClosure(Object(Closure))
#25 D:/Eureka/EducatioWeb/EducatioWeb_PriSec-main/vendor/laravel/framework/src/Illuminate/Container/BoundMethod.php(35): Illuminate/Container/BoundMethod::callBoundMethod(Object(Illuminate/Foundation/Application), Array, Object(Closure))
#26 D:/Eureka/EducatioWeb/EducatioWeb_PriSec-main/vendor/laravel/framework/src/Illuminate/Container/Container.php(799): Illuminate/Container/BoundMethod::call(Object(Illuminate/Foundation/Application), Array, Array, NULL)
#27 D:/Eureka/EducatioWeb/EducatioWeb_PriSec-main/vendor/laravel/framework/src/Illuminate/Console/Command.php(280): Illuminate/Container/Container->call(Array)
#28 D:/Eureka/EducatioWeb/EducatioWeb_PriSec-main/vendor/symfony/console/Command/Command.php(341): Illuminate/Console/Command->execute(Object(Symfony/Component/Console/Input/ArgvInput), Object(Illuminate/Console/OutputStyle))
#29 D:/Eureka/EducatioWeb/EducatioWeb_PriSec-main/vendor/laravel/framework/src/Illuminate/Console/Command.php(249): Symfony/Component/Console/Command/Command->run(Object(Symfony/Component/Console/Input/ArgvInput), Object(Illuminate/Console/OutputStyle))
#30 D:/Eureka/EducatioWeb/EducatioWeb_PriSec-main/vendor/symfony/console/Application.php(1117): Illuminate/Console/Command->run(Object(Symfony/Component/Console/Input/ArgvInput), Object(Symfony/Component/Console/Output/ConsoleOutput))
#31 D:/Eureka/EducatioWeb/EducatioWeb_PriSec-main/vendor/symfony/console/Application.php(356): Symfony/Component/Console/Application->doRunCommand(Object(Illuminate/Queue/Console/WorkCommand), Object(Symfony/Component/Console/Input/ArgvInput), Object(Symfony/Component/Console/Output/ConsoleOutput))
#32 D:/Eureka/EducatioWeb/EducatioWeb_PriSec-main/vendor/symfony/console/Application.php(195): Symfony/Component/Console/Application->doRun(Object(Symfony/Component/Console/Input/ArgvInput), Object(Symfony/Component/Console/Output/ConsoleOutput))
#33 D:/Eureka/EducatioWeb/EducatioWeb_PriSec-main/vendor/laravel/framework/src/Illuminate/Foundation/Console/Kernel.php(198): Symfony/Component/Console/Application->run(Object(Symfony/Component/Console/Input/ArgvInput), Object(Symfony/Component/Console/Output/ConsoleOutput))
#34 D:/Eureka/EducatioWeb/EducatioWeb_PriSec-main/vendor/laravel/framework/src/Illuminate/Foundation/Application.php(1235): Illuminate/Foundation/Console/Kernel->handle(Object(Symfony/Component/Console/Input/ArgvInput), Object(Symfony/Component/Console/Output/ConsoleOutput))
#35 D:/Eureka/EducatioWeb/EducatioWeb_PriSec-main/artisan(16): Illuminate/Foundation/Application->handleCommand(Object(Symfony/Component/Console/Input/ArgvInput))
#36 {main}
"} 
[2026-07-29 08:44:47] local.ERROR: SQLSTATE[HY000] [2002] No se puede establecer una conexión ya que el equipo de destino denegó expresamente dicha conexión (Connection: mariadb, Host: 127.0.0.1, Port: 3306, Database: educatioweb01db, SQL: select * from `cache` where `key` in (eureframework-cache-illuminate:queue:paused:database:default)) {"exception":"[object] (Illuminate\\Database\\QueryException(code: 2002): SQLSTATE[HY000] [2002] No se puede establecer una conexión ya que el equipo de destino denegó expresamente dicha conexión (Connection: mariadb, Host: 127.0.0.1, Port: 3306, Database: educatioweb01db, SQL: select * from `cache` where `key` in (eureframework-cache-illuminate:queue:paused:database:default)) at D:/Eureka/EducatioWeb/EducatioWeb_PriSec-main/vendor/laravel/framework/src/Illuminate/Database/Connection.php:841)
[stacktrace]
#0 D:/Eureka/EducatioWeb/EducatioWeb_PriSec-main/vendor/laravel/framework/src/Illuminate/Database/Connection.php(797): Illuminate/Database/Connection->runQueryCallback('select * from `...', Array, Object(Closure))
#1 D:/Eureka/EducatioWeb/EducatioWeb_PriSec-main/vendor/laravel/framework/src/Illuminate/Database/Connection.php(412): Illuminate/Database/Connection->run('select * from `...', Array, Object(Closure))
#2 D:/Eureka/EducatioWeb/EducatioWeb_PriSec-main/vendor/laravel/framework/src/Illuminate/Database/Query/Builder.php(3567): Illuminate/Database/Connection->select('select * from `...', Array, true, Array)
#3 D:/Eureka/EducatioWeb/EducatioWeb_PriSec-main/vendor/laravel/framework/src/Illuminate/Database/Query/Builder.php(3551): Illuminate/Database/Query/Builder->runSelect()
#4 D:/Eureka/EducatioWeb/EducatioWeb_PriSec-main/vendor/laravel/framework/src/Illuminate/Cache/DatabaseStore.php(142): Illuminate/Database/Query/Builder->get()
#5 D:/Eureka/EducatioWeb/EducatioWeb_PriSec-main/vendor/laravel/framework/src/Illuminate/Cache/Repository.php(160): Illuminate/Cache/DatabaseStore->many(Array)
#6 D:/Eureka/EducatioWeb/EducatioWeb_PriSec-main/vendor/laravel/framework/src/Illuminate/Queue/QueueManager.php(298): Illuminate/Cache/Repository->many(Array)
#7 D:/Eureka/EducatioWeb/EducatioWeb_PriSec-main/vendor/laravel/framework/src/Illuminate/Queue/Worker.php(483): Illuminate/Queue/QueueManager->getPausedQueues('database', Array)
#8 D:/Eureka/EducatioWeb/EducatioWeb_PriSec-main/vendor/laravel/framework/src/Illuminate/Queue/Worker.php(444): Illuminate/Queue/Worker->getPausedQueues('database', Array)
#9 D:/Eureka/EducatioWeb/EducatioWeb_PriSec-main/vendor/laravel/framework/src/Illuminate/Queue/Worker.php(404): Illuminate/Queue/Worker->getNextJob(Object(Illuminate/Queue/DatabaseQueue), 'default')
#10 D:/Eureka/EducatioWeb/EducatioWeb_PriSec-main/vendor/laravel/framework/src/Illuminate/Queue/Console/WorkCommand.php(149): Illuminate/Queue/Worker->runNextJob('database', 'default', Object(Illuminate/Queue/WorkerOptions))
#11 D:/Eureka/EducatioWeb/EducatioWeb_PriSec-main/vendor/laravel/framework/src/Illuminate/Queue/Console/WorkCommand.php(132): Illuminate/Queue/Console/WorkCommand->runWorker('database', 'default')
#12 D:/Eureka/EducatioWeb/EducatioWeb_PriSec-main/vendor/laravel/framework/src/Illuminate/Container/BoundMethod.php(36): Illuminate/Queue/Console/WorkCommand->handle()
#13 D:/Eureka/EducatioWeb/EducatioWeb_PriSec-main/vendor/laravel/framework/src/Illuminate/Container/Util.php(43): Illuminate/Container/BoundMethod::Illuminate/Container/{closure}()
#14 D:/Eureka/EducatioWeb/EducatioWeb_PriSec-main/vendor/laravel/framework/src/Illuminate/Container/BoundMethod.php(96): Illuminate/Container/Util::unwrapIfClosure(Object(Closure))
#15 D:/Eureka/EducatioWeb/EducatioWeb_PriSec-main/vendor/laravel/framework/src/Illuminate/Container/BoundMethod.php(35): Illuminate/Container/BoundMethod::callBoundMethod(Object(Illuminate/Foundation/Application), Array, Object(Closure))
#16 D:/Eureka/EducatioWeb/EducatioWeb_PriSec-main/vendor/laravel/framework/src/Illuminate/Container/Container.php(799): Illuminate/Container/BoundMethod::call(Object(Illuminate/Foundation/Application), Array, Array, NULL)
#17 D:/Eureka/EducatioWeb/EducatioWeb_PriSec-main/vendor/laravel/framework/src/Illuminate/Console/Command.php(280): Illuminate/Container/Container->call(Array)
#18 D:/Eureka/EducatioWeb/EducatioWeb_PriSec-main/vendor/symfony/console/Command/Command.php(341): Illuminate/Console/Command->execute(Object(Symfony/Component/Console/Input/ArgvInput), Object(Illuminate/Console/OutputStyle))
#19 D:/Eureka/EducatioWeb/EducatioWeb_PriSec-main/vendor/laravel/framework/src/Illuminate/Console/Command.php(249): Symfony/Component/Console/Command/Command->run(Object(Symfony/Component/Console/Input/ArgvInput), Object(Illuminate/Console/OutputStyle))
#20 D:/Eureka/EducatioWeb/EducatioWeb_PriSec-main/vendor/symfony/console/Application.php(1117): Illuminate/Console/Command->run(Object(Symfony/Component/Console/Input/ArgvInput), Object(Symfony/Component/Console/Output/ConsoleOutput))
#21 D:/Eureka/EducatioWeb/EducatioWeb_PriSec-main/vendor/symfony/console/Application.php(356): Symfony/Component/Console/Application->doRunCommand(Object(Illuminate/Queue/Console/WorkCommand), Object(Symfony/Component/Console/Input/ArgvInput), Object(Symfony/Component/Console/Output/ConsoleOutput))
#22 D:/Eureka/EducatioWeb/EducatioWeb_PriSec-main/vendor/symfony/console/Application.php(195): Symfony/Component/Console/Application->doRun(Object(Symfony/Component/Console/Input/ArgvInput), Object(Symfony/Component/Console/Output/ConsoleOutput))
#23 D:/Eureka/EducatioWeb/EducatioWeb_PriSec-main/vendor/laravel/framework/src/Illuminate/Foundation/Console/Kernel.php(198): Symfony/Component/Console/Application->run(Object(Symfony/Component/Console/Input/ArgvInput), Object(Symfony/Component/Console/Output/ConsoleOutput))
#24 D:/Eureka/EducatioWeb/EducatioWeb_PriSec-main/vendor/laravel/framework/src/Illuminate/Foundation/Application.php(1235): Illuminate/Foundation/Console/Kernel->handle(Object(Symfony/Component/Console/Input/ArgvInput), Object(Symfony/Component/Console/Output/ConsoleOutput))
#25 D:/Eureka/EducatioWeb/EducatioWeb_PriSec-main/artisan(16): Illuminate/Foundation/Application->handleCommand(Object(Symfony/Component/Console/Input/ArgvInput))
#26 {main}

[previous exception] [object] (PDOException(code: 2002): SQLSTATE[HY000] [2002] No se puede establecer una conexión ya que el equipo de destino denegó expresamente dicha conexión at D:/Eureka/EducatioWeb/EducatioWeb_PriSec-main/vendor/laravel/framework/src/Illuminate/Database/Connectors/Connector.php:66)
[stacktrace]
#0 D:/Eureka/EducatioWeb/EducatioWeb_PriSec-main/vendor/laravel/framework/src/Illuminate/Database/Connectors/Connector.php(66): PDO->__construct('mysql:host=127....', 'root', Object(SensitiveParameterValue), Array)
#1 D:/Eureka/EducatioWeb/EducatioWeb_PriSec-main/vendor/laravel/framework/src/Illuminate/Database/Connectors/Connector.php(44): Illuminate/Database/Connectors/Connector->createPdoConnection('mysql:host=127....', 'root', Object(SensitiveParameterValue), Array)
#2 D:/Eureka/EducatioWeb/EducatioWeb_PriSec-main/vendor/laravel/framework/src/Illuminate/Database/Connectors/MySqlConnector.php(24): Illuminate/Database/Connectors/Connector->createConnection('mysql:host=127....', Array, Array)
#3 D:/Eureka/EducatioWeb/EducatioWeb_PriSec-main/vendor/laravel/framework/src/Illuminate/Database/Connectors/ConnectionFactory.php(188): Illuminate/Database/Connectors/MySqlConnector->connect(Array)
#4 [internal function]: Illuminate/Database/Connectors/ConnectionFactory->Illuminate/Database/Connectors/{closure}()
#5 D:/Eureka/EducatioWeb/EducatioWeb_PriSec-main/vendor/laravel/framework/src/Illuminate/Database/Connection.php(1279): call_user_func(Object(Closure))
#6 D:/Eureka/EducatioWeb/EducatioWeb_PriSec-main/vendor/laravel/framework/src/Illuminate/Database/Connection.php(1317): Illuminate/Database/Connection->getPdo()
#7 D:/Eureka/EducatioWeb/EducatioWeb_PriSec-main/vendor/laravel/framework/src/Illuminate/Database/Connection.php(528): Illuminate/Database/Connection->getReadPdo()
#8 D:/Eureka/EducatioWeb/EducatioWeb_PriSec-main/vendor/laravel/framework/src/Illuminate/Database/Connection.php(421): Illuminate/Database/Connection->getPdoForSelect(true)
#9 D:/Eureka/EducatioWeb/EducatioWeb_PriSec-main/vendor/laravel/framework/src/Illuminate/Database/Connection.php(830): Illuminate/Database/Connection->Illuminate/Database/{closure}('select * from `...', Array)
#10 D:/Eureka/EducatioWeb/EducatioWeb_PriSec-main/vendor/laravel/framework/src/Illuminate/Database/Connection.php(797): Illuminate/Database/Connection->runQueryCallback('select * from `...', Array, Object(Closure))
#11 D:/Eureka/EducatioWeb/EducatioWeb_PriSec-main/vendor/laravel/framework/src/Illuminate/Database/Connection.php(412): Illuminate/Database/Connection->run('select * from `...', Array, Object(Closure))
#12 D:/Eureka/EducatioWeb/EducatioWeb_PriSec-main/vendor/laravel/framework/src/Illuminate/Database/Query/Builder.php(3567): Illuminate/Database/Connection->select('select * from `...', Array, true, Array)
#13 D:/Eureka/EducatioWeb/EducatioWeb_PriSec-main/vendor/laravel/framework/src/Illuminate/Database/Query/Builder.php(3551): Illuminate/Database/Query/Builder->runSelect()
#14 D:/Eureka/EducatioWeb/EducatioWeb_PriSec-main/vendor/laravel/framework/src/Illuminate/Cache/DatabaseStore.php(142): Illuminate/Database/Query/Builder->get()
#15 D:/Eureka/EducatioWeb/EducatioWeb_PriSec-main/vendor/laravel/framework/src/Illuminate/Cache/Repository.php(160): Illuminate/Cache/DatabaseStore->many(Array)
#16 D:/Eureka/EducatioWeb/EducatioWeb_PriSec-main/vendor/laravel/framework/src/Illuminate/Queue/QueueManager.php(298): Illuminate/Cache/Repository->many(Array)
#17 D:/Eureka/EducatioWeb/EducatioWeb_PriSec-main/vendor/laravel/framework/src/Illuminate/Queue/Worker.php(483): Illuminate/Queue/QueueManager->getPausedQueues('database', Array)
#18 D:/Eureka/EducatioWeb/EducatioWeb_PriSec-main/vendor/laravel/framework/src/Illuminate/Queue/Worker.php(444): Illuminate/Queue/Worker->getPausedQueues('database', Array)
#19 D:/Eureka/EducatioWeb/EducatioWeb_PriSec-main/vendor/laravel/framework/src/Illuminate/Queue/Worker.php(404): Illuminate/Queue/Worker->getNextJob(Object(Illuminate/Queue/DatabaseQueue), 'default')
#20 D:/Eureka/EducatioWeb/EducatioWeb_PriSec-main/vendor/laravel/framework/src/Illuminate/Queue/Console/WorkCommand.php(149): Illuminate/Queue/Worker->runNextJob('database', 'default', Object(Illuminate/Queue/WorkerOptions))
#21 D:/Eureka/EducatioWeb/EducatioWeb_PriSec-main/vendor/laravel/framework/src/Illuminate/Queue/Console/WorkCommand.php(132): Illuminate/Queue/Console/WorkCommand->runWorker('database', 'default')
#22 D:/Eureka/EducatioWeb/EducatioWeb_PriSec-main/vendor/laravel/framework/src/Illuminate/Container/BoundMethod.php(36): Illuminate/Queue/Console/WorkCommand->handle()
#23 D:/Eureka/EducatioWeb/EducatioWeb_PriSec-main/vendor/laravel/framework/src/Illuminate/Container/Util.php(43): Illuminate/Container/BoundMethod::Illuminate/Container/{closure}()
#24 D:/Eureka/EducatioWeb/EducatioWeb_PriSec-main/vendor/laravel/framework/src/Illuminate/Container/BoundMethod.php(96): Illuminate/Container/Util::unwrapIfClosure(Object(Closure))
#25 D:/Eureka/EducatioWeb/EducatioWeb_PriSec-main/vendor/laravel/framework/src/Illuminate/Container/BoundMethod.php(35): Illuminate/Container/BoundMethod::callBoundMethod(Object(Illuminate/Foundation/Application), Array, Object(Closure))
#26 D:/Eureka/EducatioWeb/EducatioWeb_PriSec-main/vendor/laravel/framework/src/Illuminate/Container/Container.php(799): Illuminate/Container/BoundMethod::call(Object(Illuminate/Foundation/Application), Array, Array, NULL)
#27 D:/Eureka/EducatioWeb/EducatioWeb_PriSec-main/vendor/laravel/framework/src/Illuminate/Console/Command.php(280): Illuminate/Container/Container->call(Array)
#28 D:/Eureka/EducatioWeb/EducatioWeb_PriSec-main/vendor/symfony/console/Command/Command.php(341): Illuminate/Console/Command->execute(Object(Symfony/Component/Console/Input/ArgvInput), Object(Illuminate/Console/OutputStyle))
#29 D:/Eureka/EducatioWeb/EducatioWeb_PriSec-main/vendor/laravel/framework/src/Illuminate/Console/Command.php(249): Symfony/Component/Console/Command/Command->run(Object(Symfony/Component/Console/Input/ArgvInput), Object(Illuminate/Console/OutputStyle))
#30 D:/Eureka/EducatioWeb/EducatioWeb_PriSec-main/vendor/symfony/console/Application.php(1117): Illuminate/Console/Command->run(Object(Symfony/Component/Console/Input/ArgvInput), Object(Symfony/Component/Console/Output/ConsoleOutput))
#31 D:/Eureka/EducatioWeb/EducatioWeb_PriSec-main/vendor/symfony/console/Application.php(356): Symfony/Component/Console/Application->doRunCommand(Object(Illuminate/Queue/Console/WorkCommand), Object(Symfony/Component/Console/Input/ArgvInput), Object(Symfony/Component/Console/Output/ConsoleOutput))
#32 D:/Eureka/EducatioWeb/EducatioWeb_PriSec-main/vendor/symfony/console/Application.php(195): Symfony/Component/Console/Application->doRun(Object(Symfony/Component/Console/Input/ArgvInput), Object(Symfony/Component/Console/Output/ConsoleOutput))
#33 D:/Eureka/EducatioWeb/EducatioWeb_PriSec-main/vendor/laravel/framework/src/Illuminate/Foundation/Console/Kernel.php(198): Symfony/Component/Console/Application->run(Object(Symfony/Component/Console/Input/ArgvInput), Object(Symfony/Component/Console/Output/ConsoleOutput))
#34 D:/Eureka/EducatioWeb/EducatioWeb_PriSec-main/vendor/laravel/framework/src/Illuminate/Foundation/Application.php(1235): Illuminate/Foundation/Console/Kernel->handle(Object(Symfony/Component/Console/Input/ArgvInput), Object(Symfony/Component/Console/Output/ConsoleOutput))
#35 D:/Eureka/EducatioWeb/EducatioWeb_PriSec-main/artisan(16): Illuminate/Foundation/Application->handleCommand(Object(Symfony/Component/Console/Input/ArgvInput))
#36 {main}
"} 
[2026-07-29 08:44:53] local.ERROR: SQLSTATE[HY000] [2002] No se puede establecer una conexión ya que el equipo de destino denegó expresamente dicha conexión (Connection: mariadb, Host: 127.0.0.1, Port: 3306, Database: educatioweb01db, SQL: select * from `cache` where `key` in (eureframework-cache-illuminate:queue:paused:database:default)) {"exception":"[object] (Illuminate\\Database\\QueryException(code: 2002): SQLSTATE[HY000] [2002] No se puede establecer una conexión ya que el equipo de destino denegó expresamente dicha conexión (Connection: mariadb, Host: 127.0.0.1, Port: 3306, Database: educatioweb01db, SQL: select * from `cache` where `key` in (eureframework-cache-illuminate:queue:paused:database:default)) at D:/Eureka/EducatioWeb/EducatioWeb_PriSec-main/vendor/laravel/framework/src/Illuminate/Database/Connection.php:841)
[stacktrace]
#0 D:/Eureka/EducatioWeb/EducatioWeb_PriSec-main/vendor/laravel/framework/src/Illuminate/Database/Connection.php(797): Illuminate/Database/Connection->runQueryCallback('select * from `...', Array, Object(Closure))
#1 D:/Eureka/EducatioWeb/EducatioWeb_PriSec-main/vendor/laravel/framework/src/Illuminate/Database/Connection.php(412): Illuminate/Database/Connection->run('select * from `...', Array, Object(Closure))
#2 D:/Eureka/EducatioWeb/EducatioWeb_PriSec-main/vendor/laravel/framework/src/Illuminate/Database/Query/Builder.php(3567): Illuminate/Database/Connection->select('select * from `...', Array, true, Array)
#3 D:/Eureka/EducatioWeb/EducatioWeb_PriSec-main/vendor/laravel/framework/src/Illuminate/Database/Query/Builder.php(3551): Illuminate/Database/Query/Builder->runSelect()
#4 D:/Eureka/EducatioWeb/EducatioWeb_PriSec-main/vendor/laravel/framework/src/Illuminate/Cache/DatabaseStore.php(142): Illuminate/Database/Query/Builder->get()
#5 D:/Eureka/EducatioWeb/EducatioWeb_PriSec-main/vendor/laravel/framework/src/Illuminate/Cache/Repository.php(160): Illuminate/Cache/DatabaseStore->many(Array)
#6 D:/Eureka/EducatioWeb/EducatioWeb_PriSec-main/vendor/laravel/framework/src/Illuminate/Queue/QueueManager.php(298): Illuminate/Cache/Repository->many(Array)
#7 D:/Eureka/EducatioWeb/EducatioWeb_PriSec-main/vendor/laravel/framework/src/Illuminate/Queue/Worker.php(483): Illuminate/Queue/QueueManager->getPausedQueues('database', Array)
#8 D:/Eureka/EducatioWeb/EducatioWeb_PriSec-main/vendor/laravel/framework/src/Illuminate/Queue/Worker.php(444): Illuminate/Queue/Worker->getPausedQueues('database', Array)
#9 D:/Eureka/EducatioWeb/EducatioWeb_PriSec-main/vendor/laravel/framework/src/Illuminate/Queue/Worker.php(404): Illuminate/Queue/Worker->getNextJob(Object(Illuminate/Queue/DatabaseQueue), 'default')
#10 D:/Eureka/EducatioWeb/EducatioWeb_PriSec-main/vendor/laravel/framework/src/Illuminate/Queue/Console/WorkCommand.php(149): Illuminate/Queue/Worker->runNextJob('database', 'default', Object(Illuminate/Queue/WorkerOptions))
#11 D:/Eureka/EducatioWeb/EducatioWeb_PriSec-main/vendor/laravel/framework/src/Illuminate/Queue/Console/WorkCommand.php(132): Illuminate/Queue/Console/WorkCommand->runWorker('database', 'default')
#12 D:/Eureka/EducatioWeb/EducatioWeb_PriSec-main/vendor/laravel/framework/src/Illuminate/Container/BoundMethod.php(36): Illuminate/Queue/Console/WorkCommand->handle()
#13 D:/Eureka/EducatioWeb/EducatioWeb_PriSec-main/vendor/laravel/framework/src/Illuminate/Container/Util.php(43): Illuminate/Container/BoundMethod::Illuminate/Container/{closure}()
#14 D:/Eureka/EducatioWeb/EducatioWeb_PriSec-main/vendor/laravel/framework/src/Illuminate/Container/BoundMethod.php(96): Illuminate/Container/Util::unwrapIfClosure(Object(Closure))
#15 D:/Eureka/EducatioWeb/EducatioWeb_PriSec-main/vendor/laravel/framework/src/Illuminate/Container/BoundMethod.php(35): Illuminate/Container/BoundMethod::callBoundMethod(Object(Illuminate/Foundation/Application), Array, Object(Closure))
#16 D:/Eureka/EducatioWeb/EducatioWeb_PriSec-main/vendor/laravel/framework/src/Illuminate/Container/Container.php(799): Illuminate/Container/BoundMethod::call(Object(Illuminate/Foundation/Application), Array, Array, NULL)
#17 D:/Eureka/EducatioWeb/EducatioWeb_PriSec-main/vendor/laravel/framework/src/Illuminate/Console/Command.php(280): Illuminate/Container/Container->call(Array)
#18 D:/Eureka/EducatioWeb/EducatioWeb_PriSec-main/vendor/symfony/console/Command/Command.php(341): Illuminate/Console/Command->execute(Object(Symfony/Component/Console/Input/ArgvInput), Object(Illuminate/Console/OutputStyle))
#19 D:/Eureka/EducatioWeb/EducatioWeb_PriSec-main/vendor/laravel/framework/src/Illuminate/Console/Command.php(249): Symfony/Component/Console/Command/Command->run(Object(Symfony/Component/Console/Input/ArgvInput), Object(Illuminate/Console/OutputStyle))
#20 D:/Eureka/EducatioWeb/EducatioWeb_PriSec-main/vendor/symfony/console/Application.php(1117): Illuminate/Console/Command->run(Object(Symfony/Component/Console/Input/ArgvInput), Object(Symfony/Component/Console/Output/ConsoleOutput))
#21 D:/Eureka/EducatioWeb/EducatioWeb_PriSec-main/vendor/symfony/console/Application.php(356): Symfony/Component/Console/Application->doRunCommand(Object(Illuminate/Queue/Console/WorkCommand), Object(Symfony/Component/Console/Input/ArgvInput), Object(Symfony/Component/Console/Output/ConsoleOutput))
#22 D:/Eureka/EducatioWeb/EducatioWeb_PriSec-main/vendor/symfony/console/Application.php(195): Symfony/Component/Console/Application->doRun(Object(Symfony/Component/Console/Input/ArgvInput), Object(Symfony/Component/Console/Output/ConsoleOutput))
#23 D:/Eureka/EducatioWeb/EducatioWeb_PriSec-main/vendor/laravel/framework/src/Illuminate/Foundation/Console/Kernel.php(198): Symfony/Component/Console/Application->run(Object(Symfony/Component/Console/Input/ArgvInput), Object(Symfony/Component/Console/Output/ConsoleOutput))
#24 D:/Eureka/EducatioWeb/EducatioWeb_PriSec-main/vendor/laravel/framework/src/Illuminate/Foundation/Application.php(1235): Illuminate/Foundation/Console/Kernel->handle(Object(Symfony/Component/Console/Input/ArgvInput), Object(Symfony/Component/Console/Output/ConsoleOutput))
#25 D:/Eureka/EducatioWeb/EducatioWeb_PriSec-main/artisan(16): Illuminate/Foundation/Application->handleCommand(Object(Symfony/Component/Console/Input/ArgvInput))
#26 {main}

[previous exception] [object] (PDOException(code: 2002): SQLSTATE[HY000] [2002] No se puede establecer una conexión ya que el equipo de destino denegó expresamente dicha conexión at D:/Eureka/EducatioWeb/EducatioWeb_PriSec-main/vendor/laravel/framework/src/Illuminate/Database/Connectors/Connector.php:66)
[stacktrace]
#0 D:/Eureka/EducatioWeb/EducatioWeb_PriSec-main/vendor/laravel/framework/src/Illuminate/Database/Connectors/Connector.php(66): PDO->__construct('mysql:host=127....', 'root', Object(SensitiveParameterValue), Array)
#1 D:/Eureka/EducatioWeb/EducatioWeb_PriSec-main/vendor/laravel/framework/src/Illuminate/Database/Connectors/Connector.php(44): Illuminate/Database/Connectors/Connector->createPdoConnection('mysql:host=127....', 'root', Object(SensitiveParameterValue), Array)
#2 D:/Eureka/EducatioWeb/EducatioWeb_PriSec-main/vendor/laravel/framework/src/Illuminate/Database/Connectors/MySqlConnector.php(24): Illuminate/Database/Connectors/Connector->createConnection('mysql:host=127....', Array, Array)
#3 D:/Eureka/EducatioWeb/EducatioWeb_PriSec-main/vendor/laravel/framework/src/Illuminate/Database/Connectors/ConnectionFactory.php(188): Illuminate/Database/Connectors/MySqlConnector->connect(Array)
#4 [internal function]: Illuminate/Database/Connectors/ConnectionFactory->Illuminate/Database/Connectors/{closure}()
#5 D:/Eureka/EducatioWeb/EducatioWeb_PriSec-main/vendor/laravel/framework/src/Illuminate/Database/Connection.php(1279): call_user_func(Object(Closure))
#6 D:/Eureka/EducatioWeb/EducatioWeb_PriSec-main/vendor/laravel/framework/src/Illuminate/Database/Connection.php(1317): Illuminate/Database/Connection->getPdo()
#7 D:/Eureka/EducatioWeb/EducatioWeb_PriSec-main/vendor/laravel/framework/src/Illuminate/Database/Connection.php(528): Illuminate/Database/Connection->getReadPdo()
#8 D:/Eureka/EducatioWeb/EducatioWeb_PriSec-main/vendor/laravel/framework/src/Illuminate/Database/Connection.php(421): Illuminate/Database/Connection->getPdoForSelect(true)
#9 D:/Eureka/EducatioWeb/EducatioWeb_PriSec-main/vendor/laravel/framework/src/Illuminate/Database/Connection.php(830): Illuminate/Database/Connection->Illuminate/Database/{closure}('select * from `...', Array)
#10 D:/Eureka/EducatioWeb/EducatioWeb_PriSec-main/vendor/laravel/framework/src/Illuminate/Database/Connection.php(797): Illuminate/Database/Connection->runQueryCallback('select * from `...', Array, Object(Closure))
#11 D:/Eureka/EducatioWeb/EducatioWeb_PriSec-main/vendor/laravel/framework/src/Illuminate/Database/Connection.php(412): Illuminate/Database/Connection->run('select * from `...', Array, Object(Closure))
#12 D:/Eureka/EducatioWeb/EducatioWeb_PriSec-main/vendor/laravel/framework/src/Illuminate/Database/Query/Builder.php(3567): Illuminate/Database/Connection->select('select * from `...', Array, true, Array)
#13 D:/Eureka/EducatioWeb/EducatioWeb_PriSec-main/vendor/laravel/framework/src/Illuminate/Database/Query/Builder.php(3551): Illuminate/Database/Query/Builder->runSelect()
#14 D:/Eureka/EducatioWeb/EducatioWeb_PriSec-main/vendor/laravel/framework/src/Illuminate/Cache/DatabaseStore.php(142): Illuminate/Database/Query/Builder->get()
#15 D:/Eureka/EducatioWeb/EducatioWeb_PriSec-main/vendor/laravel/framework/src/Illuminate/Cache/Repository.php(160): Illuminate/Cache/DatabaseStore->many(Array)
#16 D:/Eureka/EducatioWeb/EducatioWeb_PriSec-main/vendor/laravel/framework/src/Illuminate/Queue/QueueManager.php(298): Illuminate/Cache/Repository->many(Array)
#17 D:/Eureka/EducatioWeb/EducatioWeb_PriSec-main/vendor/laravel/framework/src/Illuminate/Queue/Worker.php(483): Illuminate/Queue/QueueManager->getPausedQueues('database', Array)
#18 D:/Eureka/EducatioWeb/EducatioWeb_PriSec-main/vendor/laravel/framework/src/Illuminate/Queue/Worker.php(444): Illuminate/Queue/Worker->getPausedQueues('database', Array)
#19 D:/Eureka/EducatioWeb/EducatioWeb_PriSec-main/vendor/laravel/framework/src/Illuminate/Queue/Worker.php(404): Illuminate/Queue/Worker->getNextJob(Object(Illuminate/Queue/DatabaseQueue), 'default')
#20 D:/Eureka/EducatioWeb/EducatioWeb_PriSec-main/vendor/laravel/framework/src/Illuminate/Queue/Console/WorkCommand.php(149): Illuminate/Queue/Worker->runNextJob('database', 'default', Object(Illuminate/Queue/WorkerOptions))
#21 D:/Eureka/EducatioWeb/EducatioWeb_PriSec-main/vendor/laravel/framework/src/Illuminate/Queue/Console/WorkCommand.php(132): Illuminate/Queue/Console/WorkCommand->runWorker('database', 'default')
#22 D:/Eureka/EducatioWeb/EducatioWeb_PriSec-main/vendor/laravel/framework/src/Illuminate/Container/BoundMethod.php(36): Illuminate/Queue/Console/WorkCommand->handle()
#23 D:/Eureka/EducatioWeb/EducatioWeb_PriSec-main/vendor/laravel/framework/src/Illuminate/Container/Util.php(43): Illuminate/Container/BoundMethod::Illuminate/Container/{closure}()
#24 D:/Eureka/EducatioWeb/EducatioWeb_PriSec-main/vendor/laravel/framework/src/Illuminate/Container/BoundMethod.php(96): Illuminate/Container/Util::unwrapIfClosure(Object(Closure))
#25 D:/Eureka/EducatioWeb/EducatioWeb_PriSec-main/vendor/laravel/framework/src/Illuminate/Container/BoundMethod.php(35): Illuminate/Container/BoundMethod::callBoundMethod(Object(Illuminate/Foundation/Application), Array, Object(Closure))
#26 D:/Eureka/EducatioWeb/EducatioWeb_PriSec-main/vendor/laravel/framework/src/Illuminate/Container/Container.php(799): Illuminate/Container/BoundMethod::call(Object(Illuminate/Foundation/Application), Array, Array, NULL)
#27 D:/Eureka/EducatioWeb/EducatioWeb_PriSec-main/vendor/laravel/framework/src/Illuminate/Console/Command.php(280): Illuminate/Container/Container->call(Array)
#28 D:/Eureka/EducatioWeb/EducatioWeb_PriSec-main/vendor/symfony/console/Command/Command.php(341): Illuminate/Console/Command->execute(Object(Symfony/Component/Console/Input/ArgvInput), Object(Illuminate/Console/OutputStyle))
#29 D:/Eureka/EducatioWeb/EducatioWeb_PriSec-main/vendor/laravel/framework/src/Illuminate/Console/Command.php(249): Symfony/Component/Console/Command/Command->run(Object(Symfony/Component/Console/Input/ArgvInput), Object(Illuminate/Console/OutputStyle))
#30 D:/Eureka/EducatioWeb/EducatioWeb_PriSec-main/vendor/symfony/console/Application.php(1117): Illuminate/Console/Command->run(Object(Symfony/Component/Console/Input/ArgvInput), Object(Symfony/Component/Console/Output/ConsoleOutput))
#31 D:/Eureka/EducatioWeb/EducatioWeb_PriSec-main/vendor/symfony/console/Application.php(356): Symfony/Component/Console/Application->doRunCommand(Object(Illuminate/Queue/Console/WorkCommand), Object(Symfony/Component/Console/Input/ArgvInput), Object(Symfony/Component/Console/Output/ConsoleOutput))
#32 D:/Eureka/EducatioWeb/EducatioWeb_PriSec-main/vendor/symfony/console/Application.php(195): Symfony/Component/Console/Application->doRun(Object(Symfony/Component/Console/Input/ArgvInput), Object(Symfony/Component/Console/Output/ConsoleOutput))
#33 D:/Eureka/EducatioWeb/EducatioWeb_PriSec-main/vendor/laravel/framework/src/Illuminate/Foundation/Console/Kernel.php(198): Symfony/Component/Console/Application->run(Object(Symfony/Component/Console/Input/ArgvInput), Object(Symfony/Component/Console/Output/ConsoleOutput))
#34 D:/Eureka/EducatioWeb/EducatioWeb_PriSec-main/vendor/laravel/framework/src/Illuminate/Foundation/Application.php(1235): Illuminate/Foundation/Console/Kernel->handle(Object(Symfony/Component/Console/Input/ArgvInput), Object(Symfony/Component/Console/Output/ConsoleOutput))
#35 D:/Eureka/EducatioWeb/EducatioWeb_PriSec-main/artisan(16): Illuminate/Foundation/Application->handleCommand(Object(Symfony/Component/Console/Input/ArgvInput))
#36 {main}
"} 
[2026-07-29 08:45:00] local.ERROR: SQLSTATE[HY000] [2002] No se puede establecer una conexión ya que el equipo de destino denegó expresamente dicha conexión (Connection: mariadb, Host: 127.0.0.1, Port: 3306, Database: educatioweb01db, SQL: select * from `cache` where `key` in (eureframework-cache-illuminate:queue:paused:database:default)) {"exception":"[object] (Illuminate\\Database\\QueryException(code: 2002): SQLSTATE[HY000] [2002] No se puede establecer una conexión ya que el equipo de destino denegó expresamente dicha conexión (Connection: mariadb, Host: 127.0.0.1, Port: 3306, Database: educatioweb01db, SQL: select * from `cache` where `key` in (eureframework-cache-illuminate:queue:paused:database:default)) at D:/Eureka/EducatioWeb/EducatioWeb_PriSec-main/vendor/laravel/framework/src/Illuminate/Database/Connection.php:841)
[stacktrace]
#0 D:/Eureka/EducatioWeb/EducatioWeb_PriSec-main/vendor/laravel/framework/src/Illuminate/Database/Connection.php(797): Illuminate/Database/Connection->runQueryCallback('select * from `...', Array, Object(Closure))
#1 D:/Eureka/EducatioWeb/EducatioWeb_PriSec-main/vendor/laravel/framework/src/Illuminate/Database/Connection.php(412): Illuminate/Database/Connection->run('select * from `...', Array, Object(Closure))
#2 D:/Eureka/EducatioWeb/EducatioWeb_PriSec-main/vendor/laravel/framework/src/Illuminate/Database/Query/Builder.php(3567): Illuminate/Database/Connection->select('select * from `...', Array, true, Array)
#3 D:/Eureka/EducatioWeb/EducatioWeb_PriSec-main/vendor/laravel/framework/src/Illuminate/Database/Query/Builder.php(3551): Illuminate/Database/Query/Builder->runSelect()
#4 D:/Eureka/EducatioWeb/EducatioWeb_PriSec-main/vendor/laravel/framework/src/Illuminate/Cache/DatabaseStore.php(142): Illuminate/Database/Query/Builder->get()
#5 D:/Eureka/EducatioWeb/EducatioWeb_PriSec-main/vendor/laravel/framework/src/Illuminate/Cache/Repository.php(160): Illuminate/Cache/DatabaseStore->many(Array)
#6 D:/Eureka/EducatioWeb/EducatioWeb_PriSec-main/vendor/laravel/framework/src/Illuminate/Queue/QueueManager.php(298): Illuminate/Cache/Repository->many(Array)
#7 D:/Eureka/EducatioWeb/EducatioWeb_PriSec-main/vendor/laravel/framework/src/Illuminate/Queue/Worker.php(483): Illuminate/Queue/QueueManager->getPausedQueues('database', Array)
#8 D:/Eureka/EducatioWeb/EducatioWeb_PriSec-main/vendor/laravel/framework/src/Illuminate/Queue/Worker.php(444): Illuminate/Queue/Worker->getPausedQueues('database', Array)
#9 D:/Eureka/EducatioWeb/EducatioWeb_PriSec-main/vendor/laravel/framework/src/Illuminate/Queue/Worker.php(404): Illuminate/Queue/Worker->getNextJob(Object(Illuminate/Queue/DatabaseQueue), 'default')
#10 D:/Eureka/EducatioWeb/EducatioWeb_PriSec-main/vendor/laravel/framework/src/Illuminate/Queue/Console/WorkCommand.php(149): Illuminate/Queue/Worker->runNextJob('database', 'default', Object(Illuminate/Queue/WorkerOptions))
#11 D:/Eureka/EducatioWeb/EducatioWeb_PriSec-main/vendor/laravel/framework/src/Illuminate/Queue/Console/WorkCommand.php(132): Illuminate/Queue/Console/WorkCommand->runWorker('database', 'default')
#12 D:/Eureka/EducatioWeb/EducatioWeb_PriSec-main/vendor/laravel/framework/src/Illuminate/Container/BoundMethod.php(36): Illuminate/Queue/Console/WorkCommand->handle()
#13 D:/Eureka/EducatioWeb/EducatioWeb_PriSec-main/vendor/laravel/framework/src/Illuminate/Container/Util.php(43): Illuminate/Container/BoundMethod::Illuminate/Container/{closure}()
#14 D:/Eureka/EducatioWeb/EducatioWeb_PriSec-main/vendor/laravel/framework/src/Illuminate/Container/BoundMethod.php(96): Illuminate/Container/Util::unwrapIfClosure(Object(Closure))
#15 D:/Eureka/EducatioWeb/EducatioWeb_PriSec-main/vendor/laravel/framework/src/Illuminate/Container/BoundMethod.php(35): Illuminate/Container/BoundMethod::callBoundMethod(Object(Illuminate/Foundation/Application), Array, Object(Closure))
#16 D:/Eureka/EducatioWeb/EducatioWeb_PriSec-main/vendor/laravel/framework/src/Illuminate/Container/Container.php(799): Illuminate/Container/BoundMethod::call(Object(Illuminate/Foundation/Application), Array, Array, NULL)
#17 D:/Eureka/EducatioWeb/EducatioWeb_PriSec-main/vendor/laravel/framework/src/Illuminate/Console/Command.php(280): Illuminate/Container/Container->call(Array)
#18 D:/Eureka/EducatioWeb/EducatioWeb_PriSec-main/vendor/symfony/console/Command/Command.php(341): Illuminate/Console/Command->execute(Object(Symfony/Component/Console/Input/ArgvInput), Object(Illuminate/Console/OutputStyle))
#19 D:/Eureka/EducatioWeb/EducatioWeb_PriSec-main/vendor/laravel/framework/src/Illuminate/Console/Command.php(249): Symfony/Component/Console/Command/Command->run(Object(Symfony/Component/Console/Input/ArgvInput), Object(Illuminate/Console/OutputStyle))
#20 D:/Eureka/EducatioWeb/EducatioWeb_PriSec-main/vendor/symfony/console/Application.php(1117): Illuminate/Console/Command->run(Object(Symfony/Component/Console/Input/ArgvInput), Object(Symfony/Component/Console/Output/ConsoleOutput))
#21 D:/Eureka/EducatioWeb/EducatioWeb_PriSec-main/vendor/symfony/console/Application.php(356): Symfony/Component/Console/Application->doRunCommand(Object(Illuminate/Queue/Console/WorkCommand), Object(Symfony/Component/Console/Input/ArgvInput), Object(Symfony/Component/Console/Output/ConsoleOutput))
#22 D:/Eureka/EducatioWeb/EducatioWeb_PriSec-main/vendor/symfony/console/Application.php(195): Symfony/Component/Console/Application->doRun(Object(Symfony/Component/Console/Input/ArgvInput), Object(Symfony/Component/Console/Output/ConsoleOutput))
#23 D:/Eureka/EducatioWeb/EducatioWeb_PriSec-main/vendor/laravel/framework/src/Illuminate/Foundation/Console/Kernel.php(198): Symfony/Component/Console/Application->run(Object(Symfony/Component/Console/Input/ArgvInput), Object(Symfony/Component/Console/Output/ConsoleOutput))
#24 D:/Eureka/EducatioWeb/EducatioWeb_PriSec-main/vendor/laravel/framework/src/Illuminate/Foundation/Application.php(1235): Illuminate/Foundation/Console/Kernel->handle(Object(Symfony/Component/Console/Input/ArgvInput), Object(Symfony/Component/Console/Output/ConsoleOutput))
#25 D:/Eureka/EducatioWeb/EducatioWeb_PriSec-main/artisan(16): Illuminate/Foundation/Application->handleCommand(Object(Symfony/Component/Console/Input/ArgvInput))
#26 {main}

[previous exception] [object] (PDOException(code: 2002): SQLSTATE[HY000] [2002] No se puede establecer una conexión ya que el equipo de destino denegó expresamente dicha conexión at D:/Eureka/EducatioWeb/EducatioWeb_PriSec-main/vendor/laravel/framework/src/Illuminate/Database/Connectors/Connector.php:66)
[stacktrace]
#0 D:/Eureka/EducatioWeb/EducatioWeb_PriSec-main/vendor/laravel/framework/src/Illuminate/Database/Connectors/Connector.php(66): PDO->__construct('mysql:host=127....', 'root', Object(SensitiveParameterValue), Array)
#1 D:/Eureka/EducatioWeb/EducatioWeb_PriSec-main/vendor/laravel/framework/src/Illuminate/Database/Connectors/Connector.php(44): Illuminate/Database/Connectors/Connector->createPdoConnection('mysql:host=127....', 'root', Object(SensitiveParameterValue), Array)
#2 D:/Eureka/EducatioWeb/EducatioWeb_PriSec-main/vendor/laravel/framework/src/Illuminate/Database/Connectors/MySqlConnector.php(24): Illuminate/Database/Connectors/Connector->createConnection('mysql:host=127....', Array, Array)
#3 D:/Eureka/EducatioWeb/EducatioWeb_PriSec-main/vendor/laravel/framework/src/Illuminate/Database/Connectors/ConnectionFactory.php(188): Illuminate/Database/Connectors/MySqlConnector->connect(Array)
#4 [internal function]: Illuminate/Database/Connectors/ConnectionFactory->Illuminate/Database/Connectors/{closure}()
#5 D:/Eureka/EducatioWeb/EducatioWeb_PriSec-main/vendor/laravel/framework/src/Illuminate/Database/Connection.php(1279): call_user_func(Object(Closure))
#6 D:/Eureka/EducatioWeb/EducatioWeb_PriSec-main/vendor/laravel/framework/src/Illuminate/Database/Connection.php(1317): Illuminate/Database/Connection->getPdo()
#7 D:/Eureka/EducatioWeb/EducatioWeb_PriSec-main/vendor/laravel/framework/src/Illuminate/Database/Connection.php(528): Illuminate/Database/Connection->getReadPdo()
#8 D:/Eureka/EducatioWeb/EducatioWeb_PriSec-main/vendor/laravel/framework/src/Illuminate/Database/Connection.php(421): Illuminate/Database/Connection->getPdoForSelect(true)
#9 D:/Eureka/EducatioWeb/EducatioWeb_PriSec-main/vendor/laravel/framework/src/Illuminate/Database/Connection.php(830): Illuminate/Database/Connection->Illuminate/Database/{closure}('select * from `...', Array)
#10 D:/Eureka/EducatioWeb/EducatioWeb_PriSec-main/vendor/laravel/framework/src/Illuminate/Database/Connection.php(797): Illuminate/Database/Connection->runQueryCallback('select * from `...', Array, Object(Closure))
#11 D:/Eureka/EducatioWeb/EducatioWeb_PriSec-main/vendor/laravel/framework/src/Illuminate/Database/Connection.php(412): Illuminate/Database/Connection->run('select * from `...', Array, Object(Closure))
#12 D:/Eureka/EducatioWeb/EducatioWeb_PriSec-main/vendor/laravel/framework/src/Illuminate/Database/Query/Builder.php(3567): Illuminate/Database/Connection->select('select * from `...', Array, true, Array)
#13 D:/Eureka/EducatioWeb/EducatioWeb_PriSec-main/vendor/laravel/framework/src/Illuminate/Database/Query/Builder.php(3551): Illuminate/Database/Query/Builder->runSelect()
#14 D:/Eureka/EducatioWeb/EducatioWeb_PriSec-main/vendor/laravel/framework/src/Illuminate/Cache/DatabaseStore.php(142): Illuminate/Database/Query/Builder->get()
#15 D:/Eureka/EducatioWeb/EducatioWeb_PriSec-main/vendor/laravel/framework/src/Illuminate/Cache/Repository.php(160): Illuminate/Cache/DatabaseStore->many(Array)
#16 D:/Eureka/EducatioWeb/EducatioWeb_PriSec-main/vendor/laravel/framework/src/Illuminate/Queue/QueueManager.php(298): Illuminate/Cache/Repository->many(Array)
#17 D:/Eureka/EducatioWeb/EducatioWeb_PriSec-main/vendor/laravel/framework/src/Illuminate/Queue/Worker.php(483): Illuminate/Queue/QueueManager->getPausedQueues('database', Array)
#18 D:/Eureka/EducatioWeb/EducatioWeb_PriSec-main/vendor/laravel/framework/src/Illuminate/Queue/Worker.php(444): Illuminate/Queue/Worker->getPausedQueues('database', Array)
#19 D:/Eureka/EducatioWeb/EducatioWeb_PriSec-main/vendor/laravel/framework/src/Illuminate/Queue/Worker.php(404): Illuminate/Queue/Worker->getNextJob(Object(Illuminate/Queue/DatabaseQueue), 'default')
#20 D:/Eureka/EducatioWeb/EducatioWeb_PriSec-main/vendor/laravel/framework/src/Illuminate/Queue/Console/WorkCommand.php(149): Illuminate/Queue/Worker->runNextJob('database', 'default', Object(Illuminate/Queue/WorkerOptions))
#21 D:/Eureka/EducatioWeb/EducatioWeb_PriSec-main/vendor/laravel/framework/src/Illuminate/Queue/Console/WorkCommand.php(132): Illuminate/Queue/Console/WorkCommand->runWorker('database', 'default')
#22 D:/Eureka/EducatioWeb/EducatioWeb_PriSec-main/vendor/laravel/framework/src/Illuminate/Container/BoundMethod.php(36): Illuminate/Queue/Console/WorkCommand->handle()
#23 D:/Eureka/EducatioWeb/EducatioWeb_PriSec-main/vendor/laravel/framework/src/Illuminate/Container/Util.php(43): Illuminate/Container/BoundMethod::Illuminate/Container/{closure}()
#24 D:/Eureka/EducatioWeb/EducatioWeb_PriSec-main/vendor/laravel/framework/src/Illuminate/Container/BoundMethod.php(96): Illuminate/Container/Util::unwrapIfClosure(Object(Closure))
#25 D:/Eureka/EducatioWeb/EducatioWeb_PriSec-main/vendor/laravel/framework/src/Illuminate/Container/BoundMethod.php(35): Illuminate/Container/BoundMethod::callBoundMethod(Object(Illuminate/Foundation/Application), Array, Object(Closure))
#26 D:/Eureka/EducatioWeb/EducatioWeb_PriSec-main/vendor/laravel/framework/src/Illuminate/Container/Container.php(799): Illuminate/Container/BoundMethod::call(Object(Illuminate/Foundation/Application), Array, Array, NULL)
#27 D:/Eureka/EducatioWeb/EducatioWeb_PriSec-main/vendor/laravel/framework/src/Illuminate/Console/Command.php(280): Illuminate/Container/Container->call(Array)
#28 D:/Eureka/EducatioWeb/EducatioWeb_PriSec-main/vendor/symfony/console/Command/Command.php(341): Illuminate/Console/Command->execute(Object(Symfony/Component/Console/Input/ArgvInput), Object(Illuminate/Console/OutputStyle))
#29 D:/Eureka/EducatioWeb/EducatioWeb_PriSec-main/vendor/laravel/framework/src/Illuminate/Console/Command.php(249): Symfony/Component/Console/Command/Command->run(Object(Symfony/Component/Console/Input/ArgvInput), Object(Illuminate/Console/OutputStyle))
#30 D:/Eureka/EducatioWeb/EducatioWeb_PriSec-main/vendor/symfony/console/Application.php(1117): Illuminate/Console/Command->run(Object(Symfony/Component/Console/Input/ArgvInput), Object(Symfony/Component/Console/Output/ConsoleOutput))
#31 D:/Eureka/EducatioWeb/EducatioWeb_PriSec-main/vendor/symfony/console/Application.php(356): Symfony/Component/Console/Application->doRunCommand(Object(Illuminate/Queue/Console/WorkCommand), Object(Symfony/Component/Console/Input/ArgvInput), Object(Symfony/Component/Console/Output/ConsoleOutput))
#32 D:/Eureka/EducatioWeb/EducatioWeb_PriSec-main/vendor/symfony/console/Application.php(195): Symfony/Component/Console/Application->doRun(Object(Symfony/Component/Console/Input/ArgvInput), Object(Symfony/Component/Console/Output/ConsoleOutput))
#33 D:/Eureka/EducatioWeb/EducatioWeb_PriSec-main/vendor/laravel/framework/src/Illuminate/Foundation/Console/Kernel.php(198): Symfony/Component/Console/Application->run(Object(Symfony/Component/Console/Input/ArgvInput), Object(Symfony/Component/Console/Output/ConsoleOutput))
#34 D:/Eureka/EducatioWeb/EducatioWeb_PriSec-main/vendor/laravel/framework/src/Illuminate/Foundation/Application.php(1235): Illuminate/Foundation/Console/Kernel->handle(Object(Symfony/Component/Console/Input/ArgvInput), Object(Symfony/Component/Console/Output/ConsoleOutput))
#35 D:/Eureka/EducatioWeb/EducatioWeb_PriSec-main/artisan(16): Illuminate/Foundation/Application->handleCommand(Object(Symfony/Component/Console/Input/ArgvInput))
#36 {main}
"} 
[2026-07-29 08:45:06] local.ERROR: SQLSTATE[HY000] [2002] No se puede establecer una conexión ya que el equipo de destino denegó expresamente dicha conexión (Connection: mariadb, Host: 127.0.0.1, Port: 3306, Database: educatioweb01db, SQL: select * from `cache` where `key` in (eureframework-cache-illuminate:queue:paused:database:default)) {"exception":"[object] (Illuminate\\Database\\QueryException(code: 2002): SQLSTATE[HY000] [2002] No se puede establecer una conexión ya que el equipo de destino denegó expresamente dicha conexión (Connection: mariadb, Host: 127.0.0.1, Port: 3306, Database: educatioweb01db, SQL: select * from `cache` where `key` in (eureframework-cache-illuminate:queue:paused:database:default)) at D:/Eureka/EducatioWeb/EducatioWeb_PriSec-main/vendor/laravel/framework/src/Illuminate/Database/Connection.php:841)
[stacktrace]
#0 D:/Eureka/EducatioWeb/EducatioWeb_PriSec-main/vendor/laravel/framework/src/Illuminate/Database/Connection.php(797): Illuminate/Database/Connection->runQueryCallback('select * from `...', Array, Object(Closure))
#1 D:/Eureka/EducatioWeb/EducatioWeb_PriSec-main/vendor/laravel/framework/src/Illuminate/Database/Connection.php(412): Illuminate/Database/Connection->run('select * from `...', Array, Object(Closure))
#2 D:/Eureka/EducatioWeb/EducatioWeb_PriSec-main/vendor/laravel/framework/src/Illuminate/Database/Query/Builder.php(3567): Illuminate/Database/Connection->select('select * from `...', Array, true, Array)
#3 D:/Eureka/EducatioWeb/EducatioWeb_PriSec-main/vendor/laravel/framework/src/Illuminate/Database/Query/Builder.php(3551): Illuminate/Database/Query/Builder->runSelect()
#4 D:/Eureka/EducatioWeb/EducatioWeb_PriSec-main/vendor/laravel/framework/src/Illuminate/Cache/DatabaseStore.php(142): Illuminate/Database/Query/Builder->get()
#5 D:/Eureka/EducatioWeb/EducatioWeb_PriSec-main/vendor/laravel/framework/src/Illuminate/Cache/Repository.php(160): Illuminate/Cache/DatabaseStore->many(Array)
#6 D:/Eureka/EducatioWeb/EducatioWeb_PriSec-main/vendor/laravel/framework/src/Illuminate/Queue/QueueManager.php(298): Illuminate/Cache/Repository->many(Array)
#7 D:/Eureka/EducatioWeb/EducatioWeb_PriSec-main/vendor/laravel/framework/src/Illuminate/Queue/Worker.php(483): Illuminate/Queue/QueueManager->getPausedQueues('database', Array)
#8 D:/Eureka/EducatioWeb/EducatioWeb_PriSec-main/vendor/laravel/framework/src/Illuminate/Queue/Worker.php(444): Illuminate/Queue/Worker->getPausedQueues('database', Array)
#9 D:/Eureka/EducatioWeb/EducatioWeb_PriSec-main/vendor/laravel/framework/src/Illuminate/Queue/Worker.php(404): Illuminate/Queue/Worker->getNextJob(Object(Illuminate/Queue/DatabaseQueue), 'default')
#10 D:/Eureka/EducatioWeb/EducatioWeb_PriSec-main/vendor/laravel/framework/src/Illuminate/Queue/Console/WorkCommand.php(149): Illuminate/Queue/Worker->runNextJob('database', 'default', Object(Illuminate/Queue/WorkerOptions))
#11 D:/Eureka/EducatioWeb/EducatioWeb_PriSec-main/vendor/laravel/framework/src/Illuminate/Queue/Console/WorkCommand.php(132): Illuminate/Queue/Console/WorkCommand->runWorker('database', 'default')
#12 D:/Eureka/EducatioWeb/EducatioWeb_PriSec-main/vendor/laravel/framework/src/Illuminate/Container/BoundMethod.php(36): Illuminate/Queue/Console/WorkCommand->handle()
#13 D:/Eureka/EducatioWeb/EducatioWeb_PriSec-main/vendor/laravel/framework/src/Illuminate/Container/Util.php(43): Illuminate/Container/BoundMethod::Illuminate/Container/{closure}()
#14 D:/Eureka/EducatioWeb/EducatioWeb_PriSec-main/vendor/laravel/framework/src/Illuminate/Container/BoundMethod.php(96): Illuminate/Container/Util::unwrapIfClosure(Object(Closure))
#15 D:/Eureka/EducatioWeb/EducatioWeb_PriSec-main/vendor/laravel/framework/src/Illuminate/Container/BoundMethod.php(35): Illuminate/Container/BoundMethod::callBoundMethod(Object(Illuminate/Foundation/Application), Array, Object(Closure))
#16 D:/Eureka/EducatioWeb/EducatioWeb_PriSec-main/vendor/laravel/framework/src/Illuminate/Container/Container.php(799): Illuminate/Container/BoundMethod::call(Object(Illuminate/Foundation/Application), Array, Array, NULL)
#17 D:/Eureka/EducatioWeb/EducatioWeb_PriSec-main/vendor/laravel/framework/src/Illuminate/Console/Command.php(280): Illuminate/Container/Container->call(Array)
#18 D:/Eureka/EducatioWeb/EducatioWeb_PriSec-main/vendor/symfony/console/Command/Command.php(341): Illuminate/Console/Command->execute(Object(Symfony/Component/Console/Input/ArgvInput), Object(Illuminate/Console/OutputStyle))
#19 D:/Eureka/EducatioWeb/EducatioWeb_PriSec-main/vendor/laravel/framework/src/Illuminate/Console/Command.php(249): Symfony/Component/Console/Command/Command->run(Object(Symfony/Component/Console/Input/ArgvInput), Object(Illuminate/Console/OutputStyle))
#20 D:/Eureka/EducatioWeb/EducatioWeb_PriSec-main/vendor/symfony/console/Application.php(1117): Illuminate/Console/Command->run(Object(Symfony/Component/Console/Input/ArgvInput), Object(Symfony/Component/Console/Output/ConsoleOutput))
#21 D:/Eureka/EducatioWeb/EducatioWeb_PriSec-main/vendor/symfony/console/Application.php(356): Symfony/Component/Console/Application->doRunCommand(Object(Illuminate/Queue/Console/WorkCommand), Object(Symfony/Component/Console/Input/ArgvInput), Object(Symfony/Component/Console/Output/ConsoleOutput))
#22 D:/Eureka/EducatioWeb/EducatioWeb_PriSec-main/vendor/symfony/console/Application.php(195): Symfony/Component/Console/Application->doRun(Object(Symfony/Component/Console/Input/ArgvInput), Object(Symfony/Component/Console/Output/ConsoleOutput))
#23 D:/Eureka/EducatioWeb/EducatioWeb_PriSec-main/vendor/laravel/framework/src/Illuminate/Foundation/Console/Kernel.php(198): Symfony/Component/Console/Application->run(Object(Symfony/Component/Console/Input/ArgvInput), Object(Symfony/Component/Console/Output/ConsoleOutput))
#24 D:/Eureka/EducatioWeb/EducatioWeb_PriSec-main/vendor/laravel/framework/src/Illuminate/Foundation/Application.php(1235): Illuminate/Foundation/Console/Kernel->handle(Object(Symfony/Component/Console/Input/ArgvInput), Object(Symfony/Component/Console/Output/ConsoleOutput))
#25 D:/Eureka/EducatioWeb/EducatioWeb_PriSec-main/artisan(16): Illuminate/Foundation/Application->handleCommand(Object(Symfony/Component/Console/Input/ArgvInput))
#26 {main}

[previous exception] [object] (PDOException(code: 2002): SQLSTATE[HY000] [2002] No se puede establecer una conexión ya que el equipo de destino denegó expresamente dicha conexión at D:/Eureka/EducatioWeb/EducatioWeb_PriSec-main/vendor/laravel/framework/src/Illuminate/Database/Connectors/Connector.php:66)
[stacktrace]
#0 D:/Eureka/EducatioWeb/EducatioWeb_PriSec-main/vendor/laravel/framework/src/Illuminate/Database/Connectors/Connector.php(66): PDO->__construct('mysql:host=127....', 'root', Object(SensitiveParameterValue), Array)
#1 D:/Eureka/EducatioWeb/EducatioWeb_PriSec-main/vendor/laravel/framework/src/Illuminate/Database/Connectors/Connector.php(44): Illuminate/Database/Connectors/Connector->createPdoConnection('mysql:host=127....', 'root', Object(SensitiveParameterValue), Array)
#2 D:/Eureka/EducatioWeb/EducatioWeb_PriSec-main/vendor/laravel/framework/src/Illuminate/Database/Connectors/MySqlConnector.php(24): Illuminate/Database/Connectors/Connector->createConnection('mysql:host=127....', Array, Array)
#3 D:/Eureka/EducatioWeb/EducatioWeb_PriSec-main/vendor/laravel/framework/src/Illuminate/Database/Connectors/ConnectionFactory.php(188): Illuminate/Database/Connectors/MySqlConnector->connect(Array)
#4 [internal function]: Illuminate/Database/Connectors/ConnectionFactory->Illuminate/Database/Connectors/{closure}()
#5 D:/Eureka/EducatioWeb/EducatioWeb_PriSec-main/vendor/laravel/framework/src/Illuminate/Database/Connection.php(1279): call_user_func(Object(Closure))
#6 D:/Eureka/EducatioWeb/EducatioWeb_PriSec-main/vendor/laravel/framework/src/Illuminate/Database/Connection.php(1317): Illuminate/Database/Connection->getPdo()
#7 D:/Eureka/EducatioWeb/EducatioWeb_PriSec-main/vendor/laravel/framework/src/Illuminate/Database/Connection.php(528): Illuminate/Database/Connection->getReadPdo()
#8 D:/Eureka/EducatioWeb/EducatioWeb_PriSec-main/vendor/laravel/framework/src/Illuminate/Database/Connection.php(421): Illuminate/Database/Connection->getPdoForSelect(true)
#9 D:/Eureka/EducatioWeb/EducatioWeb_PriSec-main/vendor/laravel/framework/src/Illuminate/Database/Connection.php(830): Illuminate/Database/Connection->Illuminate/Database/{closure}('select * from `...', Array)
#10 D:/Eureka/EducatioWeb/EducatioWeb_PriSec-main/vendor/laravel/framework/src/Illuminate/Database/Connection.php(797): Illuminate/Database/Connection->runQueryCallback('select * from `...', Array, Object(Closure))
#11 D:/Eureka/EducatioWeb/EducatioWeb_PriSec-main/vendor/laravel/framework/src/Illuminate/Database/Connection.php(412): Illuminate/Database/Connection->run('select * from `...', Array, Object(Closure))
#12 D:/Eureka/EducatioWeb/EducatioWeb_PriSec-main/vendor/laravel/framework/src/Illuminate/Database/Query/Builder.php(3567): Illuminate/Database/Connection->select('select * from `...', Array, true, Array)
#13 D:/Eureka/EducatioWeb/EducatioWeb_PriSec-main/vendor/laravel/framework/src/Illuminate/Database/Query/Builder.php(3551): Illuminate/Database/Query/Builder->runSelect()
#14 D:/Eureka/EducatioWeb/EducatioWeb_PriSec-main/vendor/laravel/framework/src/Illuminate/Cache/DatabaseStore.php(142): Illuminate/Database/Query/Builder->get()
#15 D:/Eureka/EducatioWeb/EducatioWeb_PriSec-main/vendor/laravel/framework/src/Illuminate/Cache/Repository.php(160): Illuminate/Cache/DatabaseStore->many(Array)
#16 D:/Eureka/EducatioWeb/EducatioWeb_PriSec-main/vendor/laravel/framework/src/Illuminate/Queue/QueueManager.php(298): Illuminate/Cache/Repository->many(Array)
#17 D:/Eureka/EducatioWeb/EducatioWeb_PriSec-main/vendor/laravel/framework/src/Illuminate/Queue/Worker.php(483): Illuminate/Queue/QueueManager->getPausedQueues('database', Array)
#18 D:/Eureka/EducatioWeb/EducatioWeb_PriSec-main/vendor/laravel/framework/src/Illuminate/Queue/Worker.php(444): Illuminate/Queue/Worker->getPausedQueues('database', Array)
#19 D:/Eureka/EducatioWeb/EducatioWeb_PriSec-main/vendor/laravel/framework/src/Illuminate/Queue/Worker.php(404): Illuminate/Queue/Worker->getNextJob(Object(Illuminate/Queue/DatabaseQueue), 'default')
#20 D:/Eureka/EducatioWeb/EducatioWeb_PriSec-main/vendor/laravel/framework/src/Illuminate/Queue/Console/WorkCommand.php(149): Illuminate/Queue/Worker->runNextJob('database', 'default', Object(Illuminate/Queue/WorkerOptions))
#21 D:/Eureka/EducatioWeb/EducatioWeb_PriSec-main/vendor/laravel/framework/src/Illuminate/Queue/Console/WorkCommand.php(132): Illuminate/Queue/Console/WorkCommand->runWorker('database', 'default')
#22 D:/Eureka/EducatioWeb/EducatioWeb_PriSec-main/vendor/laravel/framework/src/Illuminate/Container/BoundMethod.php(36): Illuminate/Queue/Console/WorkCommand->handle()
#23 D:/Eureka/EducatioWeb/EducatioWeb_PriSec-main/vendor/laravel/framework/src/Illuminate/Container/Util.php(43): Illuminate/Container/BoundMethod::Illuminate/Container/{closure}()
#24 D:/Eureka/EducatioWeb/EducatioWeb_PriSec-main/vendor/laravel/framework/src/Illuminate/Container/BoundMethod.php(96): Illuminate/Container/Util::unwrapIfClosure(Object(Closure))
#25 D:/Eureka/EducatioWeb/EducatioWeb_PriSec-main/vendor/laravel/framework/src/Illuminate/Container/BoundMethod.php(35): Illuminate/Container/BoundMethod::callBoundMethod(Object(Illuminate/Foundation/Application), Array, Object(Closure))
#26 D:/Eureka/EducatioWeb/EducatioWeb_PriSec-main/vendor/laravel/framework/src/Illuminate/Container/Container.php(799): Illuminate/Container/BoundMethod::call(Object(Illuminate/Foundation/Application), Array, Array, NULL)
#27 D:/Eureka/EducatioWeb/EducatioWeb_PriSec-main/vendor/laravel/framework/src/Illuminate/Console/Command.php(280): Illuminate/Container/Container->call(Array)
#28 D:/Eureka/EducatioWeb/EducatioWeb_PriSec-main/vendor/symfony/console/Command/Command.php(341): Illuminate/Console/Command->execute(Object(Symfony/Component/Console/Input/ArgvInput), Object(Illuminate/Console/OutputStyle))
#29 D:/Eureka/EducatioWeb/EducatioWeb_PriSec-main/vendor/laravel/framework/src/Illuminate/Console/Command.php(249): Symfony/Component/Console/Command/Command->run(Object(Symfony/Component/Console/Input/ArgvInput), Object(Illuminate/Console/OutputStyle))
#30 D:/Eureka/EducatioWeb/EducatioWeb_PriSec-main/vendor/symfony/console/Application.php(1117): Illuminate/Console/Command->run(Object(Symfony/Component/Console/Input/ArgvInput), Object(Symfony/Component/Console/Output/ConsoleOutput))
#31 D:/Eureka/EducatioWeb/EducatioWeb_PriSec-main/vendor/symfony/console/Application.php(356): Symfony/Component/Console/Application->doRunCommand(Object(Illuminate/Queue/Console/WorkCommand), Object(Symfony/Component/Console/Input/ArgvInput), Object(Symfony/Component/Console/Output/ConsoleOutput))
#32 D:/Eureka/EducatioWeb/EducatioWeb_PriSec-main/vendor/symfony/console/Application.php(195): Symfony/Component/Console/Application->doRun(Object(Symfony/Component/Console/Input/ArgvInput), Object(Symfony/Component/Console/Output/ConsoleOutput))
#33 D:/Eureka/EducatioWeb/EducatioWeb_PriSec-main/vendor/laravel/framework/src/Illuminate/Foundation/Console/Kernel.php(198): Symfony/Component/Console/Application->run(Object(Symfony/Component/Console/Input/ArgvInput), Object(Symfony/Component/Console/Output/ConsoleOutput))
#34 D:/Eureka/EducatioWeb/EducatioWeb_PriSec-main/vendor/laravel/framework/src/Illuminate/Foundation/Application.php(1235): Illuminate/Foundation/Console/Kernel->handle(Object(Symfony/Component/Console/Input/ArgvInput), Object(Symfony/Component/Console/Output/ConsoleOutput))
#35 D:/Eureka/EducatioWeb/EducatioWeb_PriSec-main/artisan(16): Illuminate/Foundation/Application->handleCommand(Object(Symfony/Component/Console/Input/ArgvInput))
#36 {main}
"} 
[2026-07-29 08:45:13] local.ERROR: SQLSTATE[HY000] [2002] No se puede establecer una conexión ya que el equipo de destino denegó expresamente dicha conexión (Connection: mariadb, Host: 127.0.0.1, Port: 3306, Database: educatioweb01db, SQL: select * from `cache` where `key` in (eureframework-cache-illuminate:queue:paused:database:default)) {"exception":"[object] (Illuminate\\Database\\QueryException(code: 2002): SQLSTATE[HY000] [2002] No se puede establecer una conexión ya que el equipo de destino denegó expresamente dicha conexión (Connection: mariadb, Host: 127.0.0.1, Port: 3306, Database: educatioweb01db, SQL: select * from `cache` where `key` in (eureframework-cache-illuminate:queue:paused:database:default)) at D:/Eureka/EducatioWeb/EducatioWeb_PriSec-main/vendor/laravel/framework/src/Illuminate/Database/Connection.php:841)
[stacktrace]
#0 D:/Eureka/EducatioWeb/EducatioWeb_PriSec-main/vendor/laravel/framework/src/Illuminate/Database/Connection.php(797): Illuminate/Database/Connection->runQueryCallback('select * from `...', Array, Object(Closure))
#1 D:/Eureka/EducatioWeb/EducatioWeb_PriSec-main/vendor/laravel/framework/src/Illuminate/Database/Connection.php(412): Illuminate/Database/Connection->run('select * from `...', Array, Object(Closure))
#2 D:/Eureka/EducatioWeb/EducatioWeb_PriSec-main/vendor/laravel/framework/src/Illuminate/Database/Query/Builder.php(3567): Illuminate/Database/Connection->select('select * from `...', Array, true, Array)
#3 D:/Eureka/EducatioWeb/EducatioWeb_PriSec-main/vendor/laravel/framework/src/Illuminate/Database/Query/Builder.php(3551): Illuminate/Database/Query/Builder->runSelect()
#4 D:/Eureka/EducatioWeb/EducatioWeb_PriSec-main/vendor/laravel/framework/src/Illuminate/Cache/DatabaseStore.php(142): Illuminate/Database/Query/Builder->get()
#5 D:/Eureka/EducatioWeb/EducatioWeb_PriSec-main/vendor/laravel/framework/src/Illuminate/Cache/Repository.php(160): Illuminate/Cache/DatabaseStore->many(Array)
#6 D:/Eureka/EducatioWeb/EducatioWeb_PriSec-main/vendor/laravel/framework/src/Illuminate/Queue/QueueManager.php(298): Illuminate/Cache/Repository->many(Array)
#7 D:/Eureka/EducatioWeb/EducatioWeb_PriSec-main/vendor/laravel/framework/src/Illuminate/Queue/Worker.php(483): Illuminate/Queue/QueueManager->getPausedQueues('database', Array)
#8 D:/Eureka/EducatioWeb/EducatioWeb_PriSec-main/vendor/laravel/framework/src/Illuminate/Queue/Worker.php(444): Illuminate/Queue/Worker->getPausedQueues('database', Array)
#9 D:/Eureka/EducatioWeb/EducatioWeb_PriSec-main/vendor/laravel/framework/src/Illuminate/Queue/Worker.php(404): Illuminate/Queue/Worker->getNextJob(Object(Illuminate/Queue/DatabaseQueue), 'default')
#10 D:/Eureka/EducatioWeb/EducatioWeb_PriSec-main/vendor/laravel/framework/src/Illuminate/Queue/Console/WorkCommand.php(149): Illuminate/Queue/Worker->runNextJob('database', 'default', Object(Illuminate/Queue/WorkerOptions))
#11 D:/Eureka/EducatioWeb/EducatioWeb_PriSec-main/vendor/laravel/framework/src/Illuminate/Queue/Console/WorkCommand.php(132): Illuminate/Queue/Console/WorkCommand->runWorker('database', 'default')
#12 D:/Eureka/EducatioWeb/EducatioWeb_PriSec-main/vendor/laravel/framework/src/Illuminate/Container/BoundMethod.php(36): Illuminate/Queue/Console/WorkCommand->handle()
#13 D:/Eureka/EducatioWeb/EducatioWeb_PriSec-main/vendor/laravel/framework/src/Illuminate/Container/Util.php(43): Illuminate/Container/BoundMethod::Illuminate/Container/{closure}()
#14 D:/Eureka/EducatioWeb/EducatioWeb_PriSec-main/vendor/laravel/framework/src/Illuminate/Container/BoundMethod.php(96): Illuminate/Container/Util::unwrapIfClosure(Object(Closure))
#15 D:/Eureka/EducatioWeb/EducatioWeb_PriSec-main/vendor/laravel/framework/src/Illuminate/Container/BoundMethod.php(35): Illuminate/Container/BoundMethod::callBoundMethod(Object(Illuminate/Foundation/Application), Array, Object(Closure))
#16 D:/Eureka/EducatioWeb/EducatioWeb_PriSec-main/vendor/laravel/framework/src/Illuminate/Container/Container.php(799): Illuminate/Container/BoundMethod::call(Object(Illuminate/Foundation/Application), Array, Array, NULL)
#17 D:/Eureka/EducatioWeb/EducatioWeb_PriSec-main/vendor/laravel/framework/src/Illuminate/Console/Command.php(280): Illuminate/Container/Container->call(Array)
#18 D:/Eureka/EducatioWeb/EducatioWeb_PriSec-main/vendor/symfony/console/Command/Command.php(341): Illuminate/Console/Command->execute(Object(Symfony/Component/Console/Input/ArgvInput), Object(Illuminate/Console/OutputStyle))
#19 D:/Eureka/EducatioWeb/EducatioWeb_PriSec-main/vendor/laravel/framework/src/Illuminate/Console/Command.php(249): Symfony/Component/Console/Command/Command->run(Object(Symfony/Component/Console/Input/ArgvInput), Object(Illuminate/Console/OutputStyle))
#20 D:/Eureka/EducatioWeb/EducatioWeb_PriSec-main/vendor/symfony/console/Application.php(1117): Illuminate/Console/Command->run(Object(Symfony/Component/Console/Input/ArgvInput), Object(Symfony/Component/Console/Output/ConsoleOutput))
#21 D:/Eureka/EducatioWeb/EducatioWeb_PriSec-main/vendor/symfony/console/Application.php(356): Symfony/Component/Console/Application->doRunCommand(Object(Illuminate/Queue/Console/WorkCommand), Object(Symfony/Component/Console/Input/ArgvInput), Object(Symfony/Component/Console/Output/ConsoleOutput))
#22 D:/Eureka/EducatioWeb/EducatioWeb_PriSec-main/vendor/symfony/console/Application.php(195): Symfony/Component/Console/Application->doRun(Object(Symfony/Component/Console/Input/ArgvInput), Object(Symfony/Component/Console/Output/ConsoleOutput))
#23 D:/Eureka/EducatioWeb/EducatioWeb_PriSec-main/vendor/laravel/framework/src/Illuminate/Foundation/Console/Kernel.php(198): Symfony/Component/Console/Application->run(Object(Symfony/Component/Console/Input/ArgvInput), Object(Symfony/Component/Console/Output/ConsoleOutput))
#24 D:/Eureka/EducatioWeb/EducatioWeb_PriSec-main/vendor/laravel/framework/src/Illuminate/Foundation/Application.php(1235): Illuminate/Foundation/Console/Kernel->handle(Object(Symfony/Component/Console/Input/ArgvInput), Object(Symfony/Component/Console/Output/ConsoleOutput))
#25 D:/Eureka/EducatioWeb/EducatioWeb_PriSec-main/artisan(16): Illuminate/Foundation/Application->handleCommand(Object(Symfony/Component/Console/Input/ArgvInput))
#26 {main}

[previous exception] [object] (PDOException(code: 2002): SQLSTATE[HY000] [2002] No se puede establecer una conexión ya que el equipo de destino denegó expresamente dicha conexión at D:/Eureka/EducatioWeb/EducatioWeb_PriSec-main/vendor/laravel/framework/src/Illuminate/Database/Connectors/Connector.php:66)
[stacktrace]
#0 D:/Eureka/EducatioWeb/EducatioWeb_PriSec-main/vendor/laravel/framework/src/Illuminate/Database/Connectors/Connector.php(66): PDO->__construct('mysql:host=127....', 'root', Object(SensitiveParameterValue), Array)
#1 D:/Eureka/EducatioWeb/EducatioWeb_PriSec-main/vendor/laravel/framework/src/Illuminate/Database/Connectors/Connector.php(44): Illuminate/Database/Connectors/Connector->createPdoConnection('mysql:host=127....', 'root', Object(SensitiveParameterValue), Array)
#2 D:/Eureka/EducatioWeb/EducatioWeb_PriSec-main/vendor/laravel/framework/src/Illuminate/Database/Connectors/MySqlConnector.php(24): Illuminate/Database/Connectors/Connector->createConnection('mysql:host=127....', Array, Array)
#3 D:/Eureka/EducatioWeb/EducatioWeb_PriSec-main/vendor/laravel/framework/src/Illuminate/Database/Connectors/ConnectionFactory.php(188): Illuminate/Database/Connectors/MySqlConnector->connect(Array)
#4 [internal function]: Illuminate/Database/Connectors/ConnectionFactory->Illuminate/Database/Connectors/{closure}()
#5 D:/Eureka/EducatioWeb/EducatioWeb_PriSec-main/vendor/laravel/framework/src/Illuminate/Database/Connection.php(1279): call_user_func(Object(Closure))
#6 D:/Eureka/EducatioWeb/EducatioWeb_PriSec-main/vendor/laravel/framework/src/Illuminate/Database/Connection.php(1317): Illuminate/Database/Connection->getPdo()
#7 D:/Eureka/EducatioWeb/EducatioWeb_PriSec-main/vendor/laravel/framework/src/Illuminate/Database/Connection.php(528): Illuminate/Database/Connection->getReadPdo()
#8 D:/Eureka/EducatioWeb/EducatioWeb_PriSec-main/vendor/laravel/framework/src/Illuminate/Database/Connection.php(421): Illuminate/Database/Connection->getPdoForSelect(true)
#9 D:/Eureka/EducatioWeb/EducatioWeb_PriSec-main/vendor/laravel/framework/src/Illuminate/Database/Connection.php(830): Illuminate/Database/Connection->Illuminate/Database/{closure}('select * from `...', Array)
#10 D:/Eureka/EducatioWeb/EducatioWeb_PriSec-main/vendor/laravel/framework/src/Illuminate/Database/Connection.php(797): Illuminate/Database/Connection->runQueryCallback('select * from `...', Array, Object(Closure))
#11 D:/Eureka/EducatioWeb/EducatioWeb_PriSec-main/vendor/laravel/framework/src/Illuminate/Database/Connection.php(412): Illuminate/Database/Connection->run('select * from `...', Array, Object(Closure))
#12 D:/Eureka/EducatioWeb/EducatioWeb_PriSec-main/vendor/laravel/framework/src/Illuminate/Database/Query/Builder.php(3567): Illuminate/Database/Connection->select('select * from `...', Array, true, Array)
#13 D:/Eureka/EducatioWeb/EducatioWeb_PriSec-main/vendor/laravel/framework/src/Illuminate/Database/Query/Builder.php(3551): Illuminate/Database/Query/Builder->runSelect()
#14 D:/Eureka/EducatioWeb/EducatioWeb_PriSec-main/vendor/laravel/framework/src/Illuminate/Cache/DatabaseStore.php(142): Illuminate/Database/Query/Builder->get()
#15 D:/Eureka/EducatioWeb/EducatioWeb_PriSec-main/vendor/laravel/framework/src/Illuminate/Cache/Repository.php(160): Illuminate/Cache/DatabaseStore->many(Array)
#16 D:/Eureka/EducatioWeb/EducatioWeb_PriSec-main/vendor/laravel/framework/src/Illuminate/Queue/QueueManager.php(298): Illuminate/Cache/Repository->many(Array)
#17 D:/Eureka/EducatioWeb/EducatioWeb_PriSec-main/vendor/laravel/framework/src/Illuminate/Queue/Worker.php(483): Illuminate/Queue/QueueManager->getPausedQueues('database', Array)
#18 D:/Eureka/EducatioWeb/EducatioWeb_PriSec-main/vendor/laravel/framework/src/Illuminate/Queue/Worker.php(444): Illuminate/Queue/Worker->getPausedQueues('database', Array)
#19 D:/Eureka/EducatioWeb/EducatioWeb_PriSec-main/vendor/laravel/framework/src/Illuminate/Queue/Worker.php(404): Illuminate/Queue/Worker->getNextJob(Object(Illuminate/Queue/DatabaseQueue), 'default')
#20 D:/Eureka/EducatioWeb/EducatioWeb_PriSec-main/vendor/laravel/framework/src/Illuminate/Queue/Console/WorkCommand.php(149): Illuminate/Queue/Worker->runNextJob('database', 'default', Object(Illuminate/Queue/WorkerOptions))
#21 D:/Eureka/EducatioWeb/EducatioWeb_PriSec-main/vendor/laravel/framework/src/Illuminate/Queue/Console/WorkCommand.php(132): Illuminate/Queue/Console/WorkCommand->runWorker('database', 'default')
#22 D:/Eureka/EducatioWeb/EducatioWeb_PriSec-main/vendor/laravel/framework/src/Illuminate/Container/BoundMethod.php(36): Illuminate/Queue/Console/WorkCommand->handle()
#23 D:/Eureka/EducatioWeb/EducatioWeb_PriSec-main/vendor/laravel/framework/src/Illuminate/Container/Util.php(43): Illuminate/Container/BoundMethod::Illuminate/Container/{closure}()
#24 D:/Eureka/EducatioWeb/EducatioWeb_PriSec-main/vendor/laravel/framework/src/Illuminate/Container/BoundMethod.php(96): Illuminate/Container/Util::unwrapIfClosure(Object(Closure))
#25 D:/Eureka/EducatioWeb/EducatioWeb_PriSec-main/vendor/laravel/framework/src/Illuminate/Container/BoundMethod.php(35): Illuminate/Container/BoundMethod::callBoundMethod(Object(Illuminate/Foundation/Application), Array, Object(Closure))
#26 D:/Eureka/EducatioWeb/EducatioWeb_PriSec-main/vendor/laravel/framework/src/Illuminate/Container/Container.php(799): Illuminate/Container/BoundMethod::call(Object(Illuminate/Foundation/Application), Array, Array, NULL)
#27 D:/Eureka/EducatioWeb/EducatioWeb_PriSec-main/vendor/laravel/framework/src/Illuminate/Console/Command.php(280): Illuminate/Container/Container->call(Array)
#28 D:/Eureka/EducatioWeb/EducatioWeb_PriSec-main/vendor/symfony/console/Command/Command.php(341): Illuminate/Console/Command->execute(Object(Symfony/Component/Console/Input/ArgvInput), Object(Illuminate/Console/OutputStyle))
#29 D:/Eureka/EducatioWeb/EducatioWeb_PriSec-main/vendor/laravel/framework/src/Illuminate/Console/Command.php(249): Symfony/Component/Console/Command/Command->run(Object(Symfony/Component/Console/Input/ArgvInput), Object(Illuminate/Console/OutputStyle))
#30 D:/Eureka/EducatioWeb/EducatioWeb_PriSec-main/vendor/symfony/console/Application.php(1117): Illuminate/Console/Command->run(Object(Symfony/Component/Console/Input/ArgvInput), Object(Symfony/Component/Console/Output/ConsoleOutput))
#31 D:/Eureka/EducatioWeb/EducatioWeb_PriSec-main/vendor/symfony/console/Application.php(356): Symfony/Component/Console/Application->doRunCommand(Object(Illuminate/Queue/Console/WorkCommand), Object(Symfony/Component/Console/Input/ArgvInput), Object(Symfony/Component/Console/Output/ConsoleOutput))
#32 D:/Eureka/EducatioWeb/EducatioWeb_PriSec-main/vendor/symfony/console/Application.php(195): Symfony/Component/Console/Application->doRun(Object(Symfony/Component/Console/Input/ArgvInput), Object(Symfony/Component/Console/Output/ConsoleOutput))
#33 D:/Eureka/EducatioWeb/EducatioWeb_PriSec-main/vendor/laravel/framework/src/Illuminate/Foundation/Console/Kernel.php(198): Symfony/Component/Console/Application->run(Object(Symfony/Component/Console/Input/ArgvInput), Object(Symfony/Component/Console/Output/ConsoleOutput))
#34 D:/Eureka/EducatioWeb/EducatioWeb_PriSec-main/vendor/laravel/framework/src/Illuminate/Foundation/Application.php(1235): Illuminate/Foundation/Console/Kernel->handle(Object(Symfony/Component/Console/Input/ArgvInput), Object(Symfony/Component/Console/Output/ConsoleOutput))
#35 D:/Eureka/EducatioWeb/EducatioWeb_PriSec-main/artisan(16): Illuminate/Foundation/Application->handleCommand(Object(Symfony/Component/Console/Input/ArgvInput))
#36 {main}
"} 
[2026-07-29 08:45:19] local.ERROR: SQLSTATE[HY000] [2002] No se puede establecer una conexión ya que el equipo de destino denegó expresamente dicha conexión (Connection: mariadb, Host: 127.0.0.1, Port: 3306, Database: educatioweb01db, SQL: select * from `cache` where `key` in (eureframework-cache-illuminate:queue:paused:database:default)) {"exception":"[object] (Illuminate\\Database\\QueryException(code: 2002): SQLSTATE[HY000] [2002] No se puede establecer una conexión ya que el equipo de destino denegó expresamente dicha conexión (Connection: mariadb, Host: 127.0.0.1, Port: 3306, Database: educatioweb01db, SQL: select * from `cache` where `key` in (eureframework-cache-illuminate:queue:paused:database:default)) at D:/Eureka/EducatioWeb/EducatioWeb_PriSec-main/vendor/laravel/framework/src/Illuminate/Database/Connection.php:841)
[stacktrace]
#0 D:/Eureka/EducatioWeb/EducatioWeb_PriSec-main/vendor/laravel/framework/src/Illuminate/Database/Connection.php(797): Illuminate/Database/Connection->runQueryCallback('select * from `...', Array, Object(Closure))
#1 D:/Eureka/EducatioWeb/EducatioWeb_PriSec-main/vendor/laravel/framework/src/Illuminate/Database/Connection.php(412): Illuminate/Database/Connection->run('select * from `...', Array, Object(Closure))
#2 D:/Eureka/EducatioWeb/EducatioWeb_PriSec-main/vendor/laravel/framework/src/Illuminate/Database/Query/Builder.php(3567): Illuminate/Database/Connection->select('select * from `...', Array, true, Array)
#3 D:/Eureka/EducatioWeb/EducatioWeb_PriSec-main/vendor/laravel/framework/src/Illuminate/Database/Query/Builder.php(3551): Illuminate/Database/Query/Builder->runSelect()
#4 D:/Eureka/EducatioWeb/EducatioWeb_PriSec-main/vendor/laravel/framework/src/Illuminate/Cache/DatabaseStore.php(142): Illuminate/Database/Query/Builder->get()
#5 D:/Eureka/EducatioWeb/EducatioWeb_PriSec-main/vendor/laravel/framework/src/Illuminate/Cache/Repository.php(160): Illuminate/Cache/DatabaseStore->many(Array)
#6 D:/Eureka/EducatioWeb/EducatioWeb_PriSec-main/vendor/laravel/framework/src/Illuminate/Queue/QueueManager.php(298): Illuminate/Cache/Repository->many(Array)
#7 D:/Eureka/EducatioWeb/EducatioWeb_PriSec-main/vendor/laravel/framework/src/Illuminate/Queue/Worker.php(483): Illuminate/Queue/QueueManager->getPausedQueues('database', Array)
#8 D:/Eureka/EducatioWeb/EducatioWeb_PriSec-main/vendor/laravel/framework/src/Illuminate/Queue/Worker.php(444): Illuminate/Queue/Worker->getPausedQueues('database', Array)
#9 D:/Eureka/EducatioWeb/EducatioWeb_PriSec-main/vendor/laravel/framework/src/Illuminate/Queue/Worker.php(404): Illuminate/Queue/Worker->getNextJob(Object(Illuminate/Queue/DatabaseQueue), 'default')
#10 D:/Eureka/EducatioWeb/EducatioWeb_PriSec-main/vendor/laravel/framework/src/Illuminate/Queue/Console/WorkCommand.php(149): Illuminate/Queue/Worker->runNextJob('database', 'default', Object(Illuminate/Queue/WorkerOptions))
#11 D:/Eureka/EducatioWeb/EducatioWeb_PriSec-main/vendor/laravel/framework/src/Illuminate/Queue/Console/WorkCommand.php(132): Illuminate/Queue/Console/WorkCommand->runWorker('database', 'default')
#12 D:/Eureka/EducatioWeb/EducatioWeb_PriSec-main/vendor/laravel/framework/src/Illuminate/Container/BoundMethod.php(36): Illuminate/Queue/Console/WorkCommand->handle()
#13 D:/Eureka/EducatioWeb/EducatioWeb_PriSec-main/vendor/laravel/framework/src/Illuminate/Container/Util.php(43): Illuminate/Container/BoundMethod::Illuminate/Container/{closure}()
#14 D:/Eureka/EducatioWeb/EducatioWeb_PriSec-main/vendor/laravel/framework/src/Illuminate/Container/BoundMethod.php(96): Illuminate/Container/Util::unwrapIfClosure(Object(Closure))
#15 D:/Eureka/EducatioWeb/EducatioWeb_PriSec-main/vendor/laravel/framework/src/Illuminate/Container/BoundMethod.php(35): Illuminate/Container/BoundMethod::callBoundMethod(Object(Illuminate/Foundation/Application), Array, Object(Closure))
#16 D:/Eureka/EducatioWeb/EducatioWeb_PriSec-main/vendor/laravel/framework/src/Illuminate/Container/Container.php(799): Illuminate/Container/BoundMethod::call(Object(Illuminate/Foundation/Application), Array, Array, NULL)
#17 D:/Eureka/EducatioWeb/EducatioWeb_PriSec-main/vendor/laravel/framework/src/Illuminate/Console/Command.php(280): Illuminate/Container/Container->call(Array)
#18 D:/Eureka/EducatioWeb/EducatioWeb_PriSec-main/vendor/symfony/console/Command/Command.php(341): Illuminate/Console/Command->execute(Object(Symfony/Component/Console/Input/ArgvInput), Object(Illuminate/Console/OutputStyle))
#19 D:/Eureka/EducatioWeb/EducatioWeb_PriSec-main/vendor/laravel/framework/src/Illuminate/Console/Command.php(249): Symfony/Component/Console/Command/Command->run(Object(Symfony/Component/Console/Input/ArgvInput), Object(Illuminate/Console/OutputStyle))
#20 D:/Eureka/EducatioWeb/EducatioWeb_PriSec-main/vendor/symfony/console/Application.php(1117): Illuminate/Console/Command->run(Object(Symfony/Component/Console/Input/ArgvInput), Object(Symfony/Component/Console/Output/ConsoleOutput))
#21 D:/Eureka/EducatioWeb/EducatioWeb_PriSec-main/vendor/symfony/console/Application.php(356): Symfony/Component/Console/Application->doRunCommand(Object(Illuminate/Queue/Console/WorkCommand), Object(Symfony/Component/Console/Input/ArgvInput), Object(Symfony/Component/Console/Output/ConsoleOutput))
#22 D:/Eureka/EducatioWeb/EducatioWeb_PriSec-main/vendor/symfony/console/Application.php(195): Symfony/Component/Console/Application->doRun(Object(Symfony/Component/Console/Input/ArgvInput), Object(Symfony/Component/Console/Output/ConsoleOutput))
#23 D:/Eureka/EducatioWeb/EducatioWeb_PriSec-main/vendor/laravel/framework/src/Illuminate/Foundation/Console/Kernel.php(198): Symfony/Component/Console/Application->run(Object(Symfony/Component/Console/Input/ArgvInput), Object(Symfony/Component/Console/Output/ConsoleOutput))
#24 D:/Eureka/EducatioWeb/EducatioWeb_PriSec-main/vendor/laravel/framework/src/Illuminate/Foundation/Application.php(1235): Illuminate/Foundation/Console/Kernel->handle(Object(Symfony/Component/Console/Input/ArgvInput), Object(Symfony/Component/Console/Output/ConsoleOutput))
#25 D:/Eureka/EducatioWeb/EducatioWeb_PriSec-main/artisan(16): Illuminate/Foundation/Application->handleCommand(Object(Symfony/Component/Console/Input/ArgvInput))
#26 {main}

[previous exception] [object] (PDOException(code: 2002): SQLSTATE[HY000] [2002] No se puede establecer una conexión ya que el equipo de destino denegó expresamente dicha conexión at D:/Eureka/EducatioWeb/EducatioWeb_PriSec-main/vendor/laravel/framework/src/Illuminate/Database/Connectors/Connector.php:66)
[stacktrace]
#0 D:/Eureka/EducatioWeb/EducatioWeb_PriSec-main/vendor/laravel/framework/src/Illuminate/Database/Connectors/Connector.php(66): PDO->__construct('mysql:host=127....', 'root', Object(SensitiveParameterValue), Array)
#1 D:/Eureka/EducatioWeb/EducatioWeb_PriSec-main/vendor/laravel/framework/src/Illuminate/Database/Connectors/Connector.php(44): Illuminate/Database/Connectors/Connector->createPdoConnection('mysql:host=127....', 'root', Object(SensitiveParameterValue), Array)
#2 D:/Eureka/EducatioWeb/EducatioWeb_PriSec-main/vendor/laravel/framework/src/Illuminate/Database/Connectors/MySqlConnector.php(24): Illuminate/Database/Connectors/Connector->createConnection('mysql:host=127....', Array, Array)
#3 D:/Eureka/EducatioWeb/EducatioWeb_PriSec-main/vendor/laravel/framework/src/Illuminate/Database/Connectors/ConnectionFactory.php(188): Illuminate/Database/Connectors/MySqlConnector->connect(Array)
#4 [internal function]: Illuminate/Database/Connectors/ConnectionFactory->Illuminate/Database/Connectors/{closure}()
#5 D:/Eureka/EducatioWeb/EducatioWeb_PriSec-main/vendor/laravel/framework/src/Illuminate/Database/Connection.php(1279): call_user_func(Object(Closure))
#6 D:/Eureka/EducatioWeb/EducatioWeb_PriSec-main/vendor/laravel/framework/src/Illuminate/Database/Connection.php(1317): Illuminate/Database/Connection->getPdo()
#7 D:/Eureka/EducatioWeb/EducatioWeb_PriSec-main/vendor/laravel/framework/src/Illuminate/Database/Connection.php(528): Illuminate/Database/Connection->getReadPdo()
#8 D:/Eureka/EducatioWeb/EducatioWeb_PriSec-main/vendor/laravel/framework/src/Illuminate/Database/Connection.php(421): Illuminate/Database/Connection->getPdoForSelect(true)
#9 D:/Eureka/EducatioWeb/EducatioWeb_PriSec-main/vendor/laravel/framework/src/Illuminate/Database/Connection.php(830): Illuminate/Database/Connection->Illuminate/Database/{closure}('select * from `...', Array)
#10 D:/Eureka/EducatioWeb/EducatioWeb_PriSec-main/vendor/laravel/framework/src/Illuminate/Database/Connection.php(797): Illuminate/Database/Connection->runQueryCallback('select * from `...', Array, Object(Closure))
#11 D:/Eureka/EducatioWeb/EducatioWeb_PriSec-main/vendor/laravel/framework/src/Illuminate/Database/Connection.php(412): Illuminate/Database/Connection->run('select * from `...', Array, Object(Closure))
#12 D:/Eureka/EducatioWeb/EducatioWeb_PriSec-main/vendor/laravel/framework/src/Illuminate/Database/Query/Builder.php(3567): Illuminate/Database/Connection->select('select * from `...', Array, true, Array)
#13 D:/Eureka/EducatioWeb/EducatioWeb_PriSec-main/vendor/laravel/framework/src/Illuminate/Database/Query/Builder.php(3551): Illuminate/Database/Query/Builder->runSelect()
#14 D:/Eureka/EducatioWeb/EducatioWeb_PriSec-main/vendor/laravel/framework/src/Illuminate/Cache/DatabaseStore.php(142): Illuminate/Database/Query/Builder->get()
#15 D:/Eureka/EducatioWeb/EducatioWeb_PriSec-main/vendor/laravel/framework/src/Illuminate/Cache/Repository.php(160): Illuminate/Cache/DatabaseStore->many(Array)
#16 D:/Eureka/EducatioWeb/EducatioWeb_PriSec-main/vendor/laravel/framework/src/Illuminate/Queue/QueueManager.php(298): Illuminate/Cache/Repository->many(Array)
#17 D:/Eureka/EducatioWeb/EducatioWeb_PriSec-main/vendor/laravel/framework/src/Illuminate/Queue/Worker.php(483): Illuminate/Queue/QueueManager->getPausedQueues('database', Array)
#18 D:/Eureka/EducatioWeb/EducatioWeb_PriSec-main/vendor/laravel/framework/src/Illuminate/Queue/Worker.php(444): Illuminate/Queue/Worker->getPausedQueues('database', Array)
#19 D:/Eureka/EducatioWeb/EducatioWeb_PriSec-main/vendor/laravel/framework/src/Illuminate/Queue/Worker.php(404): Illuminate/Queue/Worker->getNextJob(Object(Illuminate/Queue/DatabaseQueue), 'default')
#20 D:/Eureka/EducatioWeb/EducatioWeb_PriSec-main/vendor/laravel/framework/src/Illuminate/Queue/Console/WorkCommand.php(149): Illuminate/Queue/Worker->runNextJob('database', 'default', Object(Illuminate/Queue/WorkerOptions))
#21 D:/Eureka/EducatioWeb/EducatioWeb_PriSec-main/vendor/laravel/framework/src/Illuminate/Queue/Console/WorkCommand.php(132): Illuminate/Queue/Console/WorkCommand->runWorker('database', 'default')
#22 D:/Eureka/EducatioWeb/EducatioWeb_PriSec-main/vendor/laravel/framework/src/Illuminate/Container/BoundMethod.php(36): Illuminate/Queue/Console/WorkCommand->handle()
#23 D:/Eureka/EducatioWeb/EducatioWeb_PriSec-main/vendor/laravel/framework/src/Illuminate/Container/Util.php(43): Illuminate/Container/BoundMethod::Illuminate/Container/{closure}()
#24 D:/Eureka/EducatioWeb/EducatioWeb_PriSec-main/vendor/laravel/framework/src/Illuminate/Container/BoundMethod.php(96): Illuminate/Container/Util::unwrapIfClosure(Object(Closure))
#25 D:/Eureka/EducatioWeb/EducatioWeb_PriSec-main/vendor/laravel/framework/src/Illuminate/Container/BoundMethod.php(35): Illuminate/Container/BoundMethod::callBoundMethod(Object(Illuminate/Foundation/Application), Array, Object(Closure))
#26 D:/Eureka/EducatioWeb/EducatioWeb_PriSec-main/vendor/laravel/framework/src/Illuminate/Container/Container.php(799): Illuminate/Container/BoundMethod::call(Object(Illuminate/Foundation/Application), Array, Array, NULL)
#27 D:/Eureka/EducatioWeb/EducatioWeb_PriSec-main/vendor/laravel/framework/src/Illuminate/Console/Command.php(280): Illuminate/Container/Container->call(Array)
#28 D:/Eureka/EducatioWeb/EducatioWeb_PriSec-main/vendor/symfony/console/Command/Command.php(341): Illuminate/Console/Command->execute(Object(Symfony/Component/Console/Input/ArgvInput), Object(Illuminate/Console/OutputStyle))
#29 D:/Eureka/EducatioWeb/EducatioWeb_PriSec-main/vendor/laravel/framework/src/Illuminate/Console/Command.php(249): Symfony/Component/Console/Command/Command->run(Object(Symfony/Component/Console/Input/ArgvInput), Object(Illuminate/Console/OutputStyle))
#30 D:/Eureka/EducatioWeb/EducatioWeb_PriSec-main/vendor/symfony/console/Application.php(1117): Illuminate/Console/Command->run(Object(Symfony/Component/Console/Input/ArgvInput), Object(Symfony/Component/Console/Output/ConsoleOutput))
#31 D:/Eureka/EducatioWeb/EducatioWeb_PriSec-main/vendor/symfony/console/Application.php(356): Symfony/Component/Console/Application->doRunCommand(Object(Illuminate/Queue/Console/WorkCommand), Object(Symfony/Component/Console/Input/ArgvInput), Object(Symfony/Component/Console/Output/ConsoleOutput))
#32 D:/Eureka/EducatioWeb/EducatioWeb_PriSec-main/vendor/symfony/console/Application.php(195): Symfony/Component/Console/Application->doRun(Object(Symfony/Component/Console/Input/ArgvInput), Object(Symfony/Component/Console/Output/ConsoleOutput))
#33 D:/Eureka/EducatioWeb/EducatioWeb_PriSec-main/vendor/laravel/framework/src/Illuminate/Foundation/Console/Kernel.php(198): Symfony/Component/Console/Application->run(Object(Symfony/Component/Console/Input/ArgvInput), Object(Symfony/Component/Console/Output/ConsoleOutput))
#34 D:/Eureka/EducatioWeb/EducatioWeb_PriSec-main/vendor/laravel/framework/src/Illuminate/Foundation/Application.php(1235): Illuminate/Foundation/Console/Kernel->handle(Object(Symfony/Component/Console/Input/ArgvInput), Object(Symfony/Component/Console/Output/ConsoleOutput))
#35 D:/Eureka/EducatioWeb/EducatioWeb_PriSec-main/artisan(16): Illuminate/Foundation/Application->handleCommand(Object(Symfony/Component/Console/Input/ArgvInput))
#36 {main}
"} 
[2026-07-29 08:45:25] local.ERROR: SQLSTATE[HY000] [2002] No se puede establecer una conexión ya que el equipo de destino denegó expresamente dicha conexión (Connection: mariadb, Host: 127.0.0.1, Port: 3306, Database: educatioweb01db, SQL: select * from `cache` where `key` in (eureframework-cache-illuminate:queue:paused:database:default)) {"exception":"[object] (Illuminate\\Database\\QueryException(code: 2002): SQLSTATE[HY000] [2002] No se puede establecer una conexión ya que el equipo de destino denegó expresamente dicha conexión (Connection: mariadb, Host: 127.0.0.1, Port: 3306, Database: educatioweb01db, SQL: select * from `cache` where `key` in (eureframework-cache-illuminate:queue:paused:database:default)) at D:/Eureka/EducatioWeb/EducatioWeb_PriSec-main/vendor/laravel/framework/src/Illuminate/Database/Connection.php:841)
[stacktrace]
#0 D:/Eureka/EducatioWeb/EducatioWeb_PriSec-main/vendor/laravel/framework/src/Illuminate/Database/Connection.php(797): Illuminate/Database/Connection->runQueryCallback('select * from `...', Array, Object(Closure))
#1 D:/Eureka/EducatioWeb/EducatioWeb_PriSec-main/vendor/laravel/framework/src/Illuminate/Database/Connection.php(412): Illuminate/Database/Connection->run('select * from `...', Array, Object(Closure))
#2 D:/Eureka/EducatioWeb/EducatioWeb_PriSec-main/vendor/laravel/framework/src/Illuminate/Database/Query/Builder.php(3567): Illuminate/Database/Connection->select('select * from `...', Array, true, Array)
#3 D:/Eureka/EducatioWeb/EducatioWeb_PriSec-main/vendor/laravel/framework/src/Illuminate/Database/Query/Builder.php(3551): Illuminate/Database/Query/Builder->runSelect()
#4 D:/Eureka/EducatioWeb/EducatioWeb_PriSec-main/vendor/laravel/framework/src/Illuminate/Cache/DatabaseStore.php(142): Illuminate/Database/Query/Builder->get()
#5 D:/Eureka/EducatioWeb/EducatioWeb_PriSec-main/vendor/laravel/framework/src/Illuminate/Cache/Repository.php(160): Illuminate/Cache/DatabaseStore->many(Array)
#6 D:/Eureka/EducatioWeb/EducatioWeb_PriSec-main/vendor/laravel/framework/src/Illuminate/Queue/QueueManager.php(298): Illuminate/Cache/Repository->many(Array)
#7 D:/Eureka/EducatioWeb/EducatioWeb_PriSec-main/vendor/laravel/framework/src/Illuminate/Queue/Worker.php(483): Illuminate/Queue/QueueManager->getPausedQueues('database', Array)
#8 D:/Eureka/EducatioWeb/EducatioWeb_PriSec-main/vendor/laravel/framework/src/Illuminate/Queue/Worker.php(444): Illuminate/Queue/Worker->getPausedQueues('database', Array)
#9 D:/Eureka/EducatioWeb/EducatioWeb_PriSec-main/vendor/laravel/framework/src/Illuminate/Queue/Worker.php(404): Illuminate/Queue/Worker->getNextJob(Object(Illuminate/Queue/DatabaseQueue), 'default')
#10 D:/Eureka/EducatioWeb/EducatioWeb_PriSec-main/vendor/laravel/framework/src/Illuminate/Queue/Console/WorkCommand.php(149): Illuminate/Queue/Worker->runNextJob('database', 'default', Object(Illuminate/Queue/WorkerOptions))
#11 D:/Eureka/EducatioWeb/EducatioWeb_PriSec-main/vendor/laravel/framework/src/Illuminate/Queue/Console/WorkCommand.php(132): Illuminate/Queue/Console/WorkCommand->runWorker('database', 'default')
#12 D:/Eureka/EducatioWeb/EducatioWeb_PriSec-main/vendor/laravel/framework/src/Illuminate/Container/BoundMethod.php(36): Illuminate/Queue/Console/WorkCommand->handle()
#13 D:/Eureka/EducatioWeb/EducatioWeb_PriSec-main/vendor/laravel/framework/src/Illuminate/Container/Util.php(43): Illuminate/Container/BoundMethod::Illuminate/Container/{closure}()
#14 D:/Eureka/EducatioWeb/EducatioWeb_PriSec-main/vendor/laravel/framework/src/Illuminate/Container/BoundMethod.php(96): Illuminate/Container/Util::unwrapIfClosure(Object(Closure))
#15 D:/Eureka/EducatioWeb/EducatioWeb_PriSec-main/vendor/laravel/framework/src/Illuminate/Container/BoundMethod.php(35): Illuminate/Container/BoundMethod::callBoundMethod(Object(Illuminate/Foundation/Application), Array, Object(Closure))
#16 D:/Eureka/EducatioWeb/EducatioWeb_PriSec-main/vendor/laravel/framework/src/Illuminate/Container/Container.php(799): Illuminate/Container/BoundMethod::call(Object(Illuminate/Foundation/Application), Array, Array, NULL)
#17 D:/Eureka/EducatioWeb/EducatioWeb_PriSec-main/vendor/laravel/framework/src/Illuminate/Console/Command.php(280): Illuminate/Container/Container->call(Array)
#18 D:/Eureka/EducatioWeb/EducatioWeb_PriSec-main/vendor/symfony/console/Command/Command.php(341): Illuminate/Console/Command->execute(Object(Symfony/Component/Console/Input/ArgvInput), Object(Illuminate/Console/OutputStyle))
#19 D:/Eureka/EducatioWeb/EducatioWeb_PriSec-main/vendor/laravel/framework/src/Illuminate/Console/Command.php(249): Symfony/Component/Console/Command/Command->run(Object(Symfony/Component/Console/Input/ArgvInput), Object(Illuminate/Console/OutputStyle))
#20 D:/Eureka/EducatioWeb/EducatioWeb_PriSec-main/vendor/symfony/console/Application.php(1117): Illuminate/Console/Command->run(Object(Symfony/Component/Console/Input/ArgvInput), Object(Symfony/Component/Console/Output/ConsoleOutput))
#21 D:/Eureka/EducatioWeb/EducatioWeb_PriSec-main/vendor/symfony/console/Application.php(356): Symfony/Component/Console/Application->doRunCommand(Object(Illuminate/Queue/Console/WorkCommand), Object(Symfony/Component/Console/Input/ArgvInput), Object(Symfony/Component/Console/Output/ConsoleOutput))
#22 D:/Eureka/EducatioWeb/EducatioWeb_PriSec-main/vendor/symfony/console/Application.php(195): Symfony/Component/Console/Application->doRun(Object(Symfony/Component/Console/Input/ArgvInput), Object(Symfony/Component/Console/Output/ConsoleOutput))
#23 D:/Eureka/EducatioWeb/EducatioWeb_PriSec-main/vendor/laravel/framework/src/Illuminate/Foundation/Console/Kernel.php(198): Symfony/Component/Console/Application->run(Object(Symfony/Component/Console/Input/ArgvInput), Object(Symfony/Component/Console/Output/ConsoleOutput))
#24 D:/Eureka/EducatioWeb/EducatioWeb_PriSec-main/vendor/laravel/framework/src/Illuminate/Foundation/Application.php(1235): Illuminate/Foundation/Console/Kernel->handle(Object(Symfony/Component/Console/Input/ArgvInput), Object(Symfony/Component/Console/Output/ConsoleOutput))
#25 D:/Eureka/EducatioWeb/EducatioWeb_PriSec-main/artisan(16): Illuminate/Foundation/Application->handleCommand(Object(Symfony/Component/Console/Input/ArgvInput))
#26 {main}

[previous exception] [object] (PDOException(code: 2002): SQLSTATE[HY000] [2002] No se puede establecer una conexión ya que el equipo de destino denegó expresamente dicha conexión at D:/Eureka/EducatioWeb/EducatioWeb_PriSec-main/vendor/laravel/framework/src/Illuminate/Database/Connectors/Connector.php:66)
[stacktrace]
#0 D:/Eureka/EducatioWeb/EducatioWeb_PriSec-main/vendor/laravel/framework/src/Illuminate/Database/Connectors/Connector.php(66): PDO->__construct('mysql:host=127....', 'root', Object(SensitiveParameterValue), Array)
#1 D:/Eureka/EducatioWeb/EducatioWeb_PriSec-main/vendor/laravel/framework/src/Illuminate/Database/Connectors/Connector.php(44): Illuminate/Database/Connectors/Connector->createPdoConnection('mysql:host=127....', 'root', Object(SensitiveParameterValue), Array)
#2 D:/Eureka/EducatioWeb/EducatioWeb_PriSec-main/vendor/laravel/framework/src/Illuminate/Database/Connectors/MySqlConnector.php(24): Illuminate/Database/Connectors/Connector->createConnection('mysql:host=127....', Array, Array)
#3 D:/Eureka/EducatioWeb/EducatioWeb_PriSec-main/vendor/laravel/framework/src/Illuminate/Database/Connectors/ConnectionFactory.php(188): Illuminate/Database/Connectors/MySqlConnector->connect(Array)
#4 [internal function]: Illuminate/Database/Connectors/ConnectionFactory->Illuminate/Database/Connectors/{closure}()
#5 D:/Eureka/EducatioWeb/EducatioWeb_PriSec-main/vendor/laravel/framework/src/Illuminate/Database/Connection.php(1279): call_user_func(Object(Closure))
#6 D:/Eureka/EducatioWeb/EducatioWeb_PriSec-main/vendor/laravel/framework/src/Illuminate/Database/Connection.php(1317): Illuminate/Database/Connection->getPdo()
#7 D:/Eureka/EducatioWeb/EducatioWeb_PriSec-main/vendor/laravel/framework/src/Illuminate/Database/Connection.php(528): Illuminate/Database/Connection->getReadPdo()
#8 D:/Eureka/EducatioWeb/EducatioWeb_PriSec-main/vendor/laravel/framework/src/Illuminate/Database/Connection.php(421): Illuminate/Database/Connection->getPdoForSelect(true)
#9 D:/Eureka/EducatioWeb/EducatioWeb_PriSec-main/vendor/laravel/framework/src/Illuminate/Database/Connection.php(830): Illuminate/Database/Connection->Illuminate/Database/{closure}('select * from `...', Array)
#10 D:/Eureka/EducatioWeb/EducatioWeb_PriSec-main/vendor/laravel/framework/src/Illuminate/Database/Connection.php(797): Illuminate/Database/Connection->runQueryCallback('select * from `...', Array, Object(Closure))
#11 D:/Eureka/EducatioWeb/EducatioWeb_PriSec-main/vendor/laravel/framework/src/Illuminate/Database/Connection.php(412): Illuminate/Database/Connection->run('select * from `...', Array, Object(Closure))
#12 D:/Eureka/EducatioWeb/EducatioWeb_PriSec-main/vendor/laravel/framework/src/Illuminate/Database/Query/Builder.php(3567): Illuminate/Database/Connection->select('select * from `...', Array, true, Array)
#13 D:/Eureka/EducatioWeb/EducatioWeb_PriSec-main/vendor/laravel/framework/src/Illuminate/Database/Query/Builder.php(3551): Illuminate/Database/Query/Builder->runSelect()
#14 D:/Eureka/EducatioWeb/EducatioWeb_PriSec-main/vendor/laravel/framework/src/Illuminate/Cache/DatabaseStore.php(142): Illuminate/Database/Query/Builder->get()
#15 D:/Eureka/EducatioWeb/EducatioWeb_PriSec-main/vendor/laravel/framework/src/Illuminate/Cache/Repository.php(160): Illuminate/Cache/DatabaseStore->many(Array)
#16 D:/Eureka/EducatioWeb/EducatioWeb_PriSec-main/vendor/laravel/framework/src/Illuminate/Queue/QueueManager.php(298): Illuminate/Cache/Repository->many(Array)
#17 D:/Eureka/EducatioWeb/EducatioWeb_PriSec-main/vendor/laravel/framework/src/Illuminate/Queue/Worker.php(483): Illuminate/Queue/QueueManager->getPausedQueues('database', Array)
#18 D:/Eureka/EducatioWeb/EducatioWeb_PriSec-main/vendor/laravel/framework/src/Illuminate/Queue/Worker.php(444): Illuminate/Queue/Worker->getPausedQueues('database', Array)
#19 D:/Eureka/EducatioWeb/EducatioWeb_PriSec-main/vendor/laravel/framework/src/Illuminate/Queue/Worker.php(404): Illuminate/Queue/Worker->getNextJob(Object(Illuminate/Queue/DatabaseQueue), 'default')
#20 D:/Eureka/EducatioWeb/EducatioWeb_PriSec-main/vendor/laravel/framework/src/Illuminate/Queue/Console/WorkCommand.php(149): Illuminate/Queue/Worker->runNextJob('database', 'default', Object(Illuminate/Queue/WorkerOptions))
#21 D:/Eureka/EducatioWeb/EducatioWeb_PriSec-main/vendor/laravel/framework/src/Illuminate/Queue/Console/WorkCommand.php(132): Illuminate/Queue/Console/WorkCommand->runWorker('database', 'default')
#22 D:/Eureka/EducatioWeb/EducatioWeb_PriSec-main/vendor/laravel/framework/src/Illuminate/Container/BoundMethod.php(36): Illuminate/Queue/Console/WorkCommand->handle()
#23 D:/Eureka/EducatioWeb/EducatioWeb_PriSec-main/vendor/laravel/framework/src/Illuminate/Container/Util.php(43): Illuminate/Container/BoundMethod::Illuminate/Container/{closure}()
#24 D:/Eureka/EducatioWeb/EducatioWeb_PriSec-main/vendor/laravel/framework/src/Illuminate/Container/BoundMethod.php(96): Illuminate/Container/Util::unwrapIfClosure(Object(Closure))
#25 D:/Eureka/EducatioWeb/EducatioWeb_PriSec-main/vendor/laravel/framework/src/Illuminate/Container/BoundMethod.php(35): Illuminate/Container/BoundMethod::callBoundMethod(Object(Illuminate/Foundation/Application), Array, Object(Closure))
#26 D:/Eureka/EducatioWeb/EducatioWeb_PriSec-main/vendor/laravel/framework/src/Illuminate/Container/Container.php(799): Illuminate/Container/BoundMethod::call(Object(Illuminate/Foundation/Application), Array, Array, NULL)
#27 D:/Eureka/EducatioWeb/EducatioWeb_PriSec-main/vendor/laravel/framework/src/Illuminate/Console/Command.php(280): Illuminate/Container/Container->call(Array)
#28 D:/Eureka/EducatioWeb/EducatioWeb_PriSec-main/vendor/symfony/console/Command/Command.php(341): Illuminate/Console/Command->execute(Object(Symfony/Component/Console/Input/ArgvInput), Object(Illuminate/Console/OutputStyle))
#29 D:/Eureka/EducatioWeb/EducatioWeb_PriSec-main/vendor/laravel/framework/src/Illuminate/Console/Command.php(249): Symfony/Component/Console/Command/Command->run(Object(Symfony/Component/Console/Input/ArgvInput), Object(Illuminate/Console/OutputStyle))
#30 D:/Eureka/EducatioWeb/EducatioWeb_PriSec-main/vendor/symfony/console/Application.php(1117): Illuminate/Console/Command->run(Object(Symfony/Component/Console/Input/ArgvInput), Object(Symfony/Component/Console/Output/ConsoleOutput))
#31 D:/Eureka/EducatioWeb/EducatioWeb_PriSec-main/vendor/symfony/console/Application.php(356): Symfony/Component/Console/Application->doRunCommand(Object(Illuminate/Queue/Console/WorkCommand), Object(Symfony/Component/Console/Input/ArgvInput), Object(Symfony/Component/Console/Output/ConsoleOutput))
#32 D:/Eureka/EducatioWeb/EducatioWeb_PriSec-main/vendor/symfony/console/Application.php(195): Symfony/Component/Console/Application->doRun(Object(Symfony/Component/Console/Input/ArgvInput), Object(Symfony/Component/Console/Output/ConsoleOutput))
#33 D:/Eureka/EducatioWeb/EducatioWeb_PriSec-main/vendor/laravel/framework/src/Illuminate/Foundation/Console/Kernel.php(198): Symfony/Component/Console/Application->run(Object(Symfony/Component/Console/Input/ArgvInput), Object(Symfony/Component/Console/Output/ConsoleOutput))
#34 D:/Eureka/EducatioWeb/EducatioWeb_PriSec-main/vendor/laravel/framework/src/Illuminate/Foundation/Application.php(1235): Illuminate/Foundation/Console/Kernel->handle(Object(Symfony/Component/Console/Input/ArgvInput), Object(Symfony/Component/Console/Output/ConsoleOutput))
#35 D:/Eureka/EducatioWeb/EducatioWeb_PriSec-main/artisan(16): Illuminate/Foundation/Application->handleCommand(Object(Symfony/Component/Console/Input/ArgvInput))
#36 {main}
"} 
[2026-07-29 08:45:32] local.ERROR: SQLSTATE[HY000] [2002] No se puede establecer una conexión ya que el equipo de destino denegó expresamente dicha conexión (Connection: mariadb, Host: 127.0.0.1, Port: 3306, Database: educatioweb01db, SQL: select * from `cache` where `key` in (eureframework-cache-illuminate:queue:paused:database:default)) {"exception":"[object] (Illuminate\\Database\\QueryException(code: 2002): SQLSTATE[HY000] [2002] No se puede establecer una conexión ya que el equipo de destino denegó expresamente dicha conexión (Connection: mariadb, Host: 127.0.0.1, Port: 3306, Database: educatioweb01db, SQL: select * from `cache` where `key` in (eureframework-cache-illuminate:queue:paused:database:default)) at D:/Eureka/EducatioWeb/EducatioWeb_PriSec-main/vendor/laravel/framework/src/Illuminate/Database/Connection.php:841)
[stacktrace]
#0 D:/Eureka/EducatioWeb/EducatioWeb_PriSec-main/vendor/laravel/framework/src/Illuminate/Database/Connection.php(797): Illuminate/Database/Connection->runQueryCallback('select * from `...', Array, Object(Closure))
#1 D:/Eureka/EducatioWeb/EducatioWeb_PriSec-main/vendor/laravel/framework/src/Illuminate/Database/Connection.php(412): Illuminate/Database/Connection->run('select * from `...', Array, Object(Closure))
#2 D:/Eureka/EducatioWeb/EducatioWeb_PriSec-main/vendor/laravel/framework/src/Illuminate/Database/Query/Builder.php(3567): Illuminate/Database/Connection->select('select * from `...', Array, true, Array)
#3 D:/Eureka/EducatioWeb/EducatioWeb_PriSec-main/vendor/laravel/framework/src/Illuminate/Database/Query/Builder.php(3551): Illuminate/Database/Query/Builder->runSelect()
#4 D:/Eureka/EducatioWeb/EducatioWeb_PriSec-main/vendor/laravel/framework/src/Illuminate/Cache/DatabaseStore.php(142): Illuminate/Database/Query/Builder->get()
#5 D:/Eureka/EducatioWeb/EducatioWeb_PriSec-main/vendor/laravel/framework/src/Illuminate/Cache/Repository.php(160): Illuminate/Cache/DatabaseStore->many(Array)
#6 D:/Eureka/EducatioWeb/EducatioWeb_PriSec-main/vendor/laravel/framework/src/Illuminate/Queue/QueueManager.php(298): Illuminate/Cache/Repository->many(Array)
#7 D:/Eureka/EducatioWeb/EducatioWeb_PriSec-main/vendor/laravel/framework/src/Illuminate/Queue/Worker.php(483): Illuminate/Queue/QueueManager->getPausedQueues('database', Array)
#8 D:/Eureka/EducatioWeb/EducatioWeb_PriSec-main/vendor/laravel/framework/src/Illuminate/Queue/Worker.php(444): Illuminate/Queue/Worker->getPausedQueues('database', Array)
#9 D:/Eureka/EducatioWeb/EducatioWeb_PriSec-main/vendor/laravel/framework/src/Illuminate/Queue/Worker.php(404): Illuminate/Queue/Worker->getNextJob(Object(Illuminate/Queue/DatabaseQueue), 'default')
#10 D:/Eureka/EducatioWeb/EducatioWeb_PriSec-main/vendor/laravel/framework/src/Illuminate/Queue/Console/WorkCommand.php(149): Illuminate/Queue/Worker->runNextJob('database', 'default', Object(Illuminate/Queue/WorkerOptions))
#11 D:/Eureka/EducatioWeb/EducatioWeb_PriSec-main/vendor/laravel/framework/src/Illuminate/Queue/Console/WorkCommand.php(132): Illuminate/Queue/Console/WorkCommand->runWorker('database', 'default')
#12 D:/Eureka/EducatioWeb/EducatioWeb_PriSec-main/vendor/laravel/framework/src/Illuminate/Container/BoundMethod.php(36): Illuminate/Queue/Console/WorkCommand->handle()
#13 D:/Eureka/EducatioWeb/EducatioWeb_PriSec-main/vendor/laravel/framework/src/Illuminate/Container/Util.php(43): Illuminate/Container/BoundMethod::Illuminate/Container/{closure}()
#14 D:/Eureka/EducatioWeb/EducatioWeb_PriSec-main/vendor/laravel/framework/src/Illuminate/Container/BoundMethod.php(96): Illuminate/Container/Util::unwrapIfClosure(Object(Closure))
#15 D:/Eureka/EducatioWeb/EducatioWeb_PriSec-main/vendor/laravel/framework/src/Illuminate/Container/BoundMethod.php(35): Illuminate/Container/BoundMethod::callBoundMethod(Object(Illuminate/Foundation/Application), Array, Object(Closure))
#16 D:/Eureka/EducatioWeb/EducatioWeb_PriSec-main/vendor/laravel/framework/src/Illuminate/Container/Container.php(799): Illuminate/Container/BoundMethod::call(Object(Illuminate/Foundation/Application), Array, Array, NULL)
#17 D:/Eureka/EducatioWeb/EducatioWeb_PriSec-main/vendor/laravel/framework/src/Illuminate/Console/Command.php(280): Illuminate/Container/Container->call(Array)
#18 D:/Eureka/EducatioWeb/EducatioWeb_PriSec-main/vendor/symfony/console/Command/Command.php(341): Illuminate/Console/Command->execute(Object(Symfony/Component/Console/Input/ArgvInput), Object(Illuminate/Console/OutputStyle))
#19 D:/Eureka/EducatioWeb/EducatioWeb_PriSec-main/vendor/laravel/framework/src/Illuminate/Console/Command.php(249): Symfony/Component/Console/Command/Command->run(Object(Symfony/Component/Console/Input/ArgvInput), Object(Illuminate/Console/OutputStyle))
#20 D:/Eureka/EducatioWeb/EducatioWeb_PriSec-main/vendor/symfony/console/Application.php(1117): Illuminate/Console/Command->run(Object(Symfony/Component/Console/Input/ArgvInput), Object(Symfony/Component/Console/Output/ConsoleOutput))
#21 D:/Eureka/EducatioWeb/EducatioWeb_PriSec-main/vendor/symfony/console/Application.php(356): Symfony/Component/Console/Application->doRunCommand(Object(Illuminate/Queue/Console/WorkCommand), Object(Symfony/Component/Console/Input/ArgvInput), Object(Symfony/Component/Console/Output/ConsoleOutput))
#22 D:/Eureka/EducatioWeb/EducatioWeb_PriSec-main/vendor/symfony/console/Application.php(195): Symfony/Component/Console/Application->doRun(Object(Symfony/Component/Console/Input/ArgvInput), Object(Symfony/Component/Console/Output/ConsoleOutput))
#23 D:/Eureka/EducatioWeb/EducatioWeb_PriSec-main/vendor/laravel/framework/src/Illuminate/Foundation/Console/Kernel.php(198): Symfony/Component/Console/Application->run(Object(Symfony/Component/Console/Input/ArgvInput), Object(Symfony/Component/Console/Output/ConsoleOutput))
#24 D:/Eureka/EducatioWeb/EducatioWeb_PriSec-main/vendor/laravel/framework/src/Illuminate/Foundation/Application.php(1235): Illuminate/Foundation/Console/Kernel->handle(Object(Symfony/Component/Console/Input/ArgvInput), Object(Symfony/Component/Console/Output/ConsoleOutput))
#25 D:/Eureka/EducatioWeb/EducatioWeb_PriSec-main/artisan(16): Illuminate/Foundation/Application->handleCommand(Object(Symfony/Component/Console/Input/ArgvInput))
#26 {main}

[previous exception] [object] (PDOException(code: 2002): SQLSTATE[HY000] [2002] No se puede establecer una conexión ya que el equipo de destino denegó expresamente dicha conexión at D:/Eureka/EducatioWeb/EducatioWeb_PriSec-main/vendor/laravel/framework/src/Illuminate/Database/Connectors/Connector.php:66)
[stacktrace]
#0 D:/Eureka/EducatioWeb/EducatioWeb_PriSec-main/vendor/laravel/framework/src/Illuminate/Database/Connectors/Connector.php(66): PDO->__construct('mysql:host=127....', 'root', Object(SensitiveParameterValue), Array)
#1 D:/Eureka/EducatioWeb/EducatioWeb_PriSec-main/vendor/laravel/framework/src/Illuminate/Database/Connectors/Connector.php(44): Illuminate/Database/Connectors/Connector->createPdoConnection('mysql:host=127....', 'root', Object(SensitiveParameterValue), Array)
#2 D:/Eureka/EducatioWeb/EducatioWeb_PriSec-main/vendor/laravel/framework/src/Illuminate/Database/Connectors/MySqlConnector.php(24): Illuminate/Database/Connectors/Connector->createConnection('mysql:host=127....', Array, Array)
#3 D:/Eureka/EducatioWeb/EducatioWeb_PriSec-main/vendor/laravel/framework/src/Illuminate/Database/Connectors/ConnectionFactory.php(188): Illuminate/Database/Connectors/MySqlConnector->connect(Array)
#4 [internal function]: Illuminate/Database/Connectors/ConnectionFactory->Illuminate/Database/Connectors/{closure}()
#5 D:/Eureka/EducatioWeb/EducatioWeb_PriSec-main/vendor/laravel/framework/src/Illuminate/Database/Connection.php(1279): call_user_func(Object(Closure))
#6 D:/Eureka/EducatioWeb/EducatioWeb_PriSec-main/vendor/laravel/framework/src/Illuminate/Database/Connection.php(1317): Illuminate/Database/Connection->getPdo()
#7 D:/Eureka/EducatioWeb/EducatioWeb_PriSec-main/vendor/laravel/framework/src/Illuminate/Database/Connection.php(528): Illuminate/Database/Connection->getReadPdo()
#8 D:/Eureka/EducatioWeb/EducatioWeb_PriSec-main/vendor/laravel/framework/src/Illuminate/Database/Connection.php(421): Illuminate/Database/Connection->getPdoForSelect(true)
#9 D:/Eureka/EducatioWeb/EducatioWeb_PriSec-main/vendor/laravel/framework/src/Illuminate/Database/Connection.php(830): Illuminate/Database/Connection->Illuminate/Database/{closure}('select * from `...', Array)
#10 D:/Eureka/EducatioWeb/EducatioWeb_PriSec-main/vendor/laravel/framework/src/Illuminate/Database/Connection.php(797): Illuminate/Database/Connection->runQueryCallback('select * from `...', Array, Object(Closure))
#11 D:/Eureka/EducatioWeb/EducatioWeb_PriSec-main/vendor/laravel/framework/src/Illuminate/Database/Connection.php(412): Illuminate/Database/Connection->run('select * from `...', Array, Object(Closure))
#12 D:/Eureka/EducatioWeb/EducatioWeb_PriSec-main/vendor/laravel/framework/src/Illuminate/Database/Query/Builder.php(3567): Illuminate/Database/Connection->select('select * from `...', Array, true, Array)
#13 D:/Eureka/EducatioWeb/EducatioWeb_PriSec-main/vendor/laravel/framework/src/Illuminate/Database/Query/Builder.php(3551): Illuminate/Database/Query/Builder->runSelect()
#14 D:/Eureka/EducatioWeb/EducatioWeb_PriSec-main/vendor/laravel/framework/src/Illuminate/Cache/DatabaseStore.php(142): Illuminate/Database/Query/Builder->get()
#15 D:/Eureka/EducatioWeb/EducatioWeb_PriSec-main/vendor/laravel/framework/src/Illuminate/Cache/Repository.php(160): Illuminate/Cache/DatabaseStore->many(Array)
#16 D:/Eureka/EducatioWeb/EducatioWeb_PriSec-main/vendor/laravel/framework/src/Illuminate/Queue/QueueManager.php(298): Illuminate/Cache/Repository->many(Array)
#17 D:/Eureka/EducatioWeb/EducatioWeb_PriSec-main/vendor/laravel/framework/src/Illuminate/Queue/Worker.php(483): Illuminate/Queue/QueueManager->getPausedQueues('database', Array)
#18 D:/Eureka/EducatioWeb/EducatioWeb_PriSec-main/vendor/laravel/framework/src/Illuminate/Queue/Worker.php(444): Illuminate/Queue/Worker->getPausedQueues('database', Array)
#19 D:/Eureka/EducatioWeb/EducatioWeb_PriSec-main/vendor/laravel/framework/src/Illuminate/Queue/Worker.php(404): Illuminate/Queue/Worker->getNextJob(Object(Illuminate/Queue/DatabaseQueue), 'default')
#20 D:/Eureka/EducatioWeb/EducatioWeb_PriSec-main/vendor/laravel/framework/src/Illuminate/Queue/Console/WorkCommand.php(149): Illuminate/Queue/Worker->runNextJob('database', 'default', Object(Illuminate/Queue/WorkerOptions))
#21 D:/Eureka/EducatioWeb/EducatioWeb_PriSec-main/vendor/laravel/framework/src/Illuminate/Queue/Console/WorkCommand.php(132): Illuminate/Queue/Console/WorkCommand->runWorker('database', 'default')
#22 D:/Eureka/EducatioWeb/EducatioWeb_PriSec-main/vendor/laravel/framework/src/Illuminate/Container/BoundMethod.php(36): Illuminate/Queue/Console/WorkCommand->handle()
#23 D:/Eureka/EducatioWeb/EducatioWeb_PriSec-main/vendor/laravel/framework/src/Illuminate/Container/Util.php(43): Illuminate/Container/BoundMethod::Illuminate/Container/{closure}()
#24 D:/Eureka/EducatioWeb/EducatioWeb_PriSec-main/vendor/laravel/framework/src/Illuminate/Container/BoundMethod.php(96): Illuminate/Container/Util::unwrapIfClosure(Object(Closure))
#25 D:/Eureka/EducatioWeb/EducatioWeb_PriSec-main/vendor/laravel/framework/src/Illuminate/Container/BoundMethod.php(35): Illuminate/Container/BoundMethod::callBoundMethod(Object(Illuminate/Foundation/Application), Array, Object(Closure))
#26 D:/Eureka/EducatioWeb/EducatioWeb_PriSec-main/vendor/laravel/framework/src/Illuminate/Container/Container.php(799): Illuminate/Container/BoundMethod::call(Object(Illuminate/Foundation/Application), Array, Array, NULL)
#27 D:/Eureka/EducatioWeb/EducatioWeb_PriSec-main/vendor/laravel/framework/src/Illuminate/Console/Command.php(280): Illuminate/Container/Container->call(Array)
#28 D:/Eureka/EducatioWeb/EducatioWeb_PriSec-main/vendor/symfony/console/Command/Command.php(341): Illuminate/Console/Command->execute(Object(Symfony/Component/Console/Input/ArgvInput), Object(Illuminate/Console/OutputStyle))
#29 D:/Eureka/EducatioWeb/EducatioWeb_PriSec-main/vendor/laravel/framework/src/Illuminate/Console/Command.php(249): Symfony/Component/Console/Command/Command->run(Object(Symfony/Component/Console/Input/ArgvInput), Object(Illuminate/Console/OutputStyle))
#30 D:/Eureka/EducatioWeb/EducatioWeb_PriSec-main/vendor/symfony/console/Application.php(1117): Illuminate/Console/Command->run(Object(Symfony/Component/Console/Input/ArgvInput), Object(Symfony/Component/Console/Output/ConsoleOutput))
#31 D:/Eureka/EducatioWeb/EducatioWeb_PriSec-main/vendor/symfony/console/Application.php(356): Symfony/Component/Console/Application->doRunCommand(Object(Illuminate/Queue/Console/WorkCommand), Object(Symfony/Component/Console/Input/ArgvInput), Object(Symfony/Component/Console/Output/ConsoleOutput))
#32 D:/Eureka/EducatioWeb/EducatioWeb_PriSec-main/vendor/symfony/console/Application.php(195): Symfony/Component/Console/Application->doRun(Object(Symfony/Component/Console/Input/ArgvInput), Object(Symfony/Component/Console/Output/ConsoleOutput))
#33 D:/Eureka/EducatioWeb/EducatioWeb_PriSec-main/vendor/laravel/framework/src/Illuminate/Foundation/Console/Kernel.php(198): Symfony/Component/Console/Application->run(Object(Symfony/Component/Console/Input/ArgvInput), Object(Symfony/Component/Console/Output/ConsoleOutput))
#34 D:/Eureka/EducatioWeb/EducatioWeb_PriSec-main/vendor/laravel/framework/src/Illuminate/Foundation/Application.php(1235): Illuminate/Foundation/Console/Kernel->handle(Object(Symfony/Component/Console/Input/ArgvInput), Object(Symfony/Component/Console/Output/ConsoleOutput))
#35 D:/Eureka/EducatioWeb/EducatioWeb_PriSec-main/artisan(16): Illuminate/Foundation/Application->handleCommand(Object(Symfony/Component/Console/Input/ArgvInput))
#36 {main}
"} 
[2026-07-29 08:45:38] local.ERROR: SQLSTATE[HY000] [2002] No se puede establecer una conexión ya que el equipo de destino denegó expresamente dicha conexión (Connection: mariadb, Host: 127.0.0.1, Port: 3306, Database: educatioweb01db, SQL: select * from `cache` where `key` in (eureframework-cache-illuminate:queue:paused:database:default)) {"exception":"[object] (Illuminate\\Database\\QueryException(code: 2002): SQLSTATE[HY000] [2002] No se puede establecer una conexión ya que el equipo de destino denegó expresamente dicha conexión (Connection: mariadb, Host: 127.0.0.1, Port: 3306, Database: educatioweb01db, SQL: select * from `cache` where `key` in (eureframework-cache-illuminate:queue:paused:database:default)) at D:/Eureka/EducatioWeb/EducatioWeb_PriSec-main/vendor/laravel/framework/src/Illuminate/Database/Connection.php:841)
[stacktrace]
#0 D:/Eureka/EducatioWeb/EducatioWeb_PriSec-main/vendor/laravel/framework/src/Illuminate/Database/Connection.php(797): Illuminate/Database/Connection->runQueryCallback('select * from `...', Array, Object(Closure))
#1 D:/Eureka/EducatioWeb/EducatioWeb_PriSec-main/vendor/laravel/framework/src/Illuminate/Database/Connection.php(412): Illuminate/Database/Connection->run('select * from `...', Array, Object(Closure))
#2 D:/Eureka/EducatioWeb/EducatioWeb_PriSec-main/vendor/laravel/framework/src/Illuminate/Database/Query/Builder.php(3567): Illuminate/Database/Connection->select('select * from `...', Array, true, Array)
#3 D:/Eureka/EducatioWeb/EducatioWeb_PriSec-main/vendor/laravel/framework/src/Illuminate/Database/Query/Builder.php(3551): Illuminate/Database/Query/Builder->runSelect()
#4 D:/Eureka/EducatioWeb/EducatioWeb_PriSec-main/vendor/laravel/framework/src/Illuminate/Cache/DatabaseStore.php(142): Illuminate/Database/Query/Builder->get()
#5 D:/Eureka/EducatioWeb/EducatioWeb_PriSec-main/vendor/laravel/framework/src/Illuminate/Cache/Repository.php(160): Illuminate/Cache/DatabaseStore->many(Array)
#6 D:/Eureka/EducatioWeb/EducatioWeb_PriSec-main/vendor/laravel/framework/src/Illuminate/Queue/QueueManager.php(298): Illuminate/Cache/Repository->many(Array)
#7 D:/Eureka/EducatioWeb/EducatioWeb_PriSec-main/vendor/laravel/framework/src/Illuminate/Queue/Worker.php(483): Illuminate/Queue/QueueManager->getPausedQueues('database', Array)
#8 D:/Eureka/EducatioWeb/EducatioWeb_PriSec-main/vendor/laravel/framework/src/Illuminate/Queue/Worker.php(444): Illuminate/Queue/Worker->getPausedQueues('database', Array)
#9 D:/Eureka/EducatioWeb/EducatioWeb_PriSec-main/vendor/laravel/framework/src/Illuminate/Queue/Worker.php(404): Illuminate/Queue/Worker->getNextJob(Object(Illuminate/Queue/DatabaseQueue), 'default')
#10 D:/Eureka/EducatioWeb/EducatioWeb_PriSec-main/vendor/laravel/framework/src/Illuminate/Queue/Console/WorkCommand.php(149): Illuminate/Queue/Worker->runNextJob('database', 'default', Object(Illuminate/Queue/WorkerOptions))
#11 D:/Eureka/EducatioWeb/EducatioWeb_PriSec-main/vendor/laravel/framework/src/Illuminate/Queue/Console/WorkCommand.php(132): Illuminate/Queue/Console/WorkCommand->runWorker('database', 'default')
#12 D:/Eureka/EducatioWeb/EducatioWeb_PriSec-main/vendor/laravel/framework/src/Illuminate/Container/BoundMethod.php(36): Illuminate/Queue/Console/WorkCommand->handle()
#13 D:/Eureka/EducatioWeb/EducatioWeb_PriSec-main/vendor/laravel/framework/src/Illuminate/Container/Util.php(43): Illuminate/Container/BoundMethod::Illuminate/Container/{closure}()
#14 D:/Eureka/EducatioWeb/EducatioWeb_PriSec-main/vendor/laravel/framework/src/Illuminate/Container/BoundMethod.php(96): Illuminate/Container/Util::unwrapIfClosure(Object(Closure))
#15 D:/Eureka/EducatioWeb/EducatioWeb_PriSec-main/vendor/laravel/framework/src/Illuminate/Container/BoundMethod.php(35): Illuminate/Container/BoundMethod::callBoundMethod(Object(Illuminate/Foundation/Application), Array, Object(Closure))
#16 D:/Eureka/EducatioWeb/EducatioWeb_PriSec-main/vendor/laravel/framework/src/Illuminate/Container/Container.php(799): Illuminate/Container/BoundMethod::call(Object(Illuminate/Foundation/Application), Array, Array, NULL)
#17 D:/Eureka/EducatioWeb/EducatioWeb_PriSec-main/vendor/laravel/framework/src/Illuminate/Console/Command.php(280): Illuminate/Container/Container->call(Array)
#18 D:/Eureka/EducatioWeb/EducatioWeb_PriSec-main/vendor/symfony/console/Command/Command.php(341): Illuminate/Console/Command->execute(Object(Symfony/Component/Console/Input/ArgvInput), Object(Illuminate/Console/OutputStyle))
#19 D:/Eureka/EducatioWeb/EducatioWeb_PriSec-main/vendor/laravel/framework/src/Illuminate/Console/Command.php(249): Symfony/Component/Console/Command/Command->run(Object(Symfony/Component/Console/Input/ArgvInput), Object(Illuminate/Console/OutputStyle))
#20 D:/Eureka/EducatioWeb/EducatioWeb_PriSec-main/vendor/symfony/console/Application.php(1117): Illuminate/Console/Command->run(Object(Symfony/Component/Console/Input/ArgvInput), Object(Symfony/Component/Console/Output/ConsoleOutput))
#21 D:/Eureka/EducatioWeb/EducatioWeb_PriSec-main/vendor/symfony/console/Application.php(356): Symfony/Component/Console/Application->doRunCommand(Object(Illuminate/Queue/Console/WorkCommand), Object(Symfony/Component/Console/Input/ArgvInput), Object(Symfony/Component/Console/Output/ConsoleOutput))
#22 D:/Eureka/EducatioWeb/EducatioWeb_PriSec-main/vendor/symfony/console/Application.php(195): Symfony/Component/Console/Application->doRun(Object(Symfony/Component/Console/Input/ArgvInput), Object(Symfony/Component/Console/Output/ConsoleOutput))
#23 D:/Eureka/EducatioWeb/EducatioWeb_PriSec-main/vendor/laravel/framework/src/Illuminate/Foundation/Console/Kernel.php(198): Symfony/Component/Console/Application->run(Object(Symfony/Component/Console/Input/ArgvInput), Object(Symfony/Component/Console/Output/ConsoleOutput))
#24 D:/Eureka/EducatioWeb/EducatioWeb_PriSec-main/vendor/laravel/framework/src/Illuminate/Foundation/Application.php(1235): Illuminate/Foundation/Console/Kernel->handle(Object(Symfony/Component/Console/Input/ArgvInput), Object(Symfony/Component/Console/Output/ConsoleOutput))
#25 D:/Eureka/EducatioWeb/EducatioWeb_PriSec-main/artisan(16): Illuminate/Foundation/Application->handleCommand(Object(Symfony/Component/Console/Input/ArgvInput))
#26 {main}

[previous exception] [object] (PDOException(code: 2002): SQLSTATE[HY000] [2002] No se puede establecer una conexión ya que el equipo de destino denegó expresamente dicha conexión at D:/Eureka/EducatioWeb/EducatioWeb_PriSec-main/vendor/laravel/framework/src/Illuminate/Database/Connectors/Connector.php:66)
[stacktrace]
#0 D:/Eureka/EducatioWeb/EducatioWeb_PriSec-main/vendor/laravel/framework/src/Illuminate/Database/Connectors/Connector.php(66): PDO->__construct('mysql:host=127....', 'root', Object(SensitiveParameterValue), Array)
#1 D:/Eureka/EducatioWeb/EducatioWeb_PriSec-main/vendor/laravel/framework/src/Illuminate/Database/Connectors/Connector.php(44): Illuminate/Database/Connectors/Connector->createPdoConnection('mysql:host=127....', 'root', Object(SensitiveParameterValue), Array)
#2 D:/Eureka/EducatioWeb/EducatioWeb_PriSec-main/vendor/laravel/framework/src/Illuminate/Database/Connectors/MySqlConnector.php(24): Illuminate/Database/Connectors/Connector->createConnection('mysql:host=127....', Array, Array)
#3 D:/Eureka/EducatioWeb/EducatioWeb_PriSec-main/vendor/laravel/framework/src/Illuminate/Database/Connectors/ConnectionFactory.php(188): Illuminate/Database/Connectors/MySqlConnector->connect(Array)
#4 [internal function]: Illuminate/Database/Connectors/ConnectionFactory->Illuminate/Database/Connectors/{closure}()
#5 D:/Eureka/EducatioWeb/EducatioWeb_PriSec-main/vendor/laravel/framework/src/Illuminate/Database/Connection.php(1279): call_user_func(Object(Closure))
#6 D:/Eureka/EducatioWeb/EducatioWeb_PriSec-main/vendor/laravel/framework/src/Illuminate/Database/Connection.php(1317): Illuminate/Database/Connection->getPdo()
#7 D:/Eureka/EducatioWeb/EducatioWeb_PriSec-main/vendor/laravel/framework/src/Illuminate/Database/Connection.php(528): Illuminate/Database/Connection->getReadPdo()
#8 D:/Eureka/EducatioWeb/EducatioWeb_PriSec-main/vendor/laravel/framework/src/Illuminate/Database/Connection.php(421): Illuminate/Database/Connection->getPdoForSelect(true)
#9 D:/Eureka/EducatioWeb/EducatioWeb_PriSec-main/vendor/laravel/framework/src/Illuminate/Database/Connection.php(830): Illuminate/Database/Connection->Illuminate/Database/{closure}('select * from `...', Array)
#10 D:/Eureka/EducatioWeb/EducatioWeb_PriSec-main/vendor/laravel/framework/src/Illuminate/Database/Connection.php(797): Illuminate/Database/Connection->runQueryCallback('select * from `...', Array, Object(Closure))
#11 D:/Eureka/EducatioWeb/EducatioWeb_PriSec-main/vendor/laravel/framework/src/Illuminate/Database/Connection.php(412): Illuminate/Database/Connection->run('select * from `...', Array, Object(Closure))
#12 D:/Eureka/EducatioWeb/EducatioWeb_PriSec-main/vendor/laravel/framework/src/Illuminate/Database/Query/Builder.php(3567): Illuminate/Database/Connection->select('select * from `...', Array, true, Array)
#13 D:/Eureka/EducatioWeb/EducatioWeb_PriSec-main/vendor/laravel/framework/src/Illuminate/Database/Query/Builder.php(3551): Illuminate/Database/Query/Builder->runSelect()
#14 D:/Eureka/EducatioWeb/EducatioWeb_PriSec-main/vendor/laravel/framework/src/Illuminate/Cache/DatabaseStore.php(142): Illuminate/Database/Query/Builder->get()
#15 D:/Eureka/EducatioWeb/EducatioWeb_PriSec-main/vendor/laravel/framework/src/Illuminate/Cache/Repository.php(160): Illuminate/Cache/DatabaseStore->many(Array)
#16 D:/Eureka/EducatioWeb/EducatioWeb_PriSec-main/vendor/laravel/framework/src/Illuminate/Queue/QueueManager.php(298): Illuminate/Cache/Repository->many(Array)
#17 D:/Eureka/EducatioWeb/EducatioWeb_PriSec-main/vendor/laravel/framework/src/Illuminate/Queue/Worker.php(483): Illuminate/Queue/QueueManager->getPausedQueues('database', Array)
#18 D:/Eureka/EducatioWeb/EducatioWeb_PriSec-main/vendor/laravel/framework/src/Illuminate/Queue/Worker.php(444): Illuminate/Queue/Worker->getPausedQueues('database', Array)
#19 D:/Eureka/EducatioWeb/EducatioWeb_PriSec-main/vendor/laravel/framework/src/Illuminate/Queue/Worker.php(404): Illuminate/Queue/Worker->getNextJob(Object(Illuminate/Queue/DatabaseQueue), 'default')
#20 D:/Eureka/EducatioWeb/EducatioWeb_PriSec-main/vendor/laravel/framework/src/Illuminate/Queue/Console/WorkCommand.php(149): Illuminate/Queue/Worker->runNextJob('database', 'default', Object(Illuminate/Queue/WorkerOptions))
#21 D:/Eureka/EducatioWeb/EducatioWeb_PriSec-main/vendor/laravel/framework/src/Illuminate/Queue/Console/WorkCommand.php(132): Illuminate/Queue/Console/WorkCommand->runWorker('database', 'default')
#22 D:/Eureka/EducatioWeb/EducatioWeb_PriSec-main/vendor/laravel/framework/src/Illuminate/Container/BoundMethod.php(36): Illuminate/Queue/Console/WorkCommand->handle()
#23 D:/Eureka/EducatioWeb/EducatioWeb_PriSec-main/vendor/laravel/framework/src/Illuminate/Container/Util.php(43): Illuminate/Container/BoundMethod::Illuminate/Container/{closure}()
#24 D:/Eureka/EducatioWeb/EducatioWeb_PriSec-main/vendor/laravel/framework/src/Illuminate/Container/BoundMethod.php(96): Illuminate/Container/Util::unwrapIfClosure(Object(Closure))
#25 D:/Eureka/EducatioWeb/EducatioWeb_PriSec-main/vendor/laravel/framework/src/Illuminate/Container/BoundMethod.php(35): Illuminate/Container/BoundMethod::callBoundMethod(Object(Illuminate/Foundation/Application), Array, Object(Closure))
#26 D:/Eureka/EducatioWeb/EducatioWeb_PriSec-main/vendor/laravel/framework/src/Illuminate/Container/Container.php(799): Illuminate/Container/BoundMethod::call(Object(Illuminate/Foundation/Application), Array, Array, NULL)
#27 D:/Eureka/EducatioWeb/EducatioWeb_PriSec-main/vendor/laravel/framework/src/Illuminate/Console/Command.php(280): Illuminate/Container/Container->call(Array)
#28 D:/Eureka/EducatioWeb/EducatioWeb_PriSec-main/vendor/symfony/console/Command/Command.php(341): Illuminate/Console/Command->execute(Object(Symfony/Component/Console/Input/ArgvInput), Object(Illuminate/Console/OutputStyle))
#29 D:/Eureka/EducatioWeb/EducatioWeb_PriSec-main/vendor/laravel/framework/src/Illuminate/Console/Command.php(249): Symfony/Component/Console/Command/Command->run(Object(Symfony/Component/Console/Input/ArgvInput), Object(Illuminate/Console/OutputStyle))
#30 D:/Eureka/EducatioWeb/EducatioWeb_PriSec-main/vendor/symfony/console/Application.php(1117): Illuminate/Console/Command->run(Object(Symfony/Component/Console/Input/ArgvInput), Object(Symfony/Component/Console/Output/ConsoleOutput))
#31 D:/Eureka/EducatioWeb/EducatioWeb_PriSec-main/vendor/symfony/console/Application.php(356): Symfony/Component/Console/Application->doRunCommand(Object(Illuminate/Queue/Console/WorkCommand), Object(Symfony/Component/Console/Input/ArgvInput), Object(Symfony/Component/Console/Output/ConsoleOutput))
#32 D:/Eureka/EducatioWeb/EducatioWeb_PriSec-main/vendor/symfony/console/Application.php(195): Symfony/Component/Console/Application->doRun(Object(Symfony/Component/Console/Input/ArgvInput), Object(Symfony/Component/Console/Output/ConsoleOutput))
#33 D:/Eureka/EducatioWeb/EducatioWeb_PriSec-main/vendor/laravel/framework/src/Illuminate/Foundation/Console/Kernel.php(198): Symfony/Component/Console/Application->run(Object(Symfony/Component/Console/Input/ArgvInput), Object(Symfony/Component/Console/Output/ConsoleOutput))
#34 D:/Eureka/EducatioWeb/EducatioWeb_PriSec-main/vendor/laravel/framework/src/Illuminate/Foundation/Application.php(1235): Illuminate/Foundation/Console/Kernel->handle(Object(Symfony/Component/Console/Input/ArgvInput), Object(Symfony/Component/Console/Output/ConsoleOutput))
#35 D:/Eureka/EducatioWeb/EducatioWeb_PriSec-main/artisan(16): Illuminate/Foundation/Application->handleCommand(Object(Symfony/Component/Console/Input/ArgvInput))
#36 {main}
"} 
[2026-07-29 08:45:44] local.ERROR: SQLSTATE[HY000] [2002] No se puede establecer una conexión ya que el equipo de destino denegó expresamente dicha conexión (Connection: mariadb, Host: 127.0.0.1, Port: 3306, Database: educatioweb01db, SQL: select * from `cache` where `key` in (eureframework-cache-illuminate:queue:paused:database:default)) {"exception":"[object] (Illuminate\\Database\\QueryException(code: 2002): SQLSTATE[HY000] [2002] No se puede establecer una conexión ya que el equipo de destino denegó expresamente dicha conexión (Connection: mariadb, Host: 127.0.0.1, Port: 3306, Database: educatioweb01db, SQL: select * from `cache` where `key` in (eureframework-cache-illuminate:queue:paused:database:default)) at D:/Eureka/EducatioWeb/EducatioWeb_PriSec-main/vendor/laravel/framework/src/Illuminate/Database/Connection.php:841)
[stacktrace]
#0 D:/Eureka/EducatioWeb/EducatioWeb_PriSec-main/vendor/laravel/framework/src/Illuminate/Database/Connection.php(797): Illuminate/Database/Connection->runQueryCallback('select * from `...', Array, Object(Closure))
#1 D:/Eureka/EducatioWeb/EducatioWeb_PriSec-main/vendor/laravel/framework/src/Illuminate/Database/Connection.php(412): Illuminate/Database/Connection->run('select * from `...', Array, Object(Closure))
#2 D:/Eureka/EducatioWeb/EducatioWeb_PriSec-main/vendor/laravel/framework/src/Illuminate/Database/Query/Builder.php(3567): Illuminate/Database/Connection->select('select * from `...', Array, true, Array)
#3 D:/Eureka/EducatioWeb/EducatioWeb_PriSec-main/vendor/laravel/framework/src/Illuminate/Database/Query/Builder.php(3551): Illuminate/Database/Query/Builder->runSelect()
#4 D:/Eureka/EducatioWeb/EducatioWeb_PriSec-main/vendor/laravel/framework/src/Illuminate/Cache/DatabaseStore.php(142): Illuminate/Database/Query/Builder->get()
#5 D:/Eureka/EducatioWeb/EducatioWeb_PriSec-main/vendor/laravel/framework/src/Illuminate/Cache/Repository.php(160): Illuminate/Cache/DatabaseStore->many(Array)
#6 D:/Eureka/EducatioWeb/EducatioWeb_PriSec-main/vendor/laravel/framework/src/Illuminate/Queue/QueueManager.php(298): Illuminate/Cache/Repository->many(Array)
#7 D:/Eureka/EducatioWeb/EducatioWeb_PriSec-main/vendor/laravel/framework/src/Illuminate/Queue/Worker.php(483): Illuminate/Queue/QueueManager->getPausedQueues('database', Array)
#8 D:/Eureka/EducatioWeb/EducatioWeb_PriSec-main/vendor/laravel/framework/src/Illuminate/Queue/Worker.php(444): Illuminate/Queue/Worker->getPausedQueues('database', Array)
#9 D:/Eureka/EducatioWeb/EducatioWeb_PriSec-main/vendor/laravel/framework/src/Illuminate/Queue/Worker.php(404): Illuminate/Queue/Worker->getNextJob(Object(Illuminate/Queue/DatabaseQueue), 'default')
#10 D:/Eureka/EducatioWeb/EducatioWeb_PriSec-main/vendor/laravel/framework/src/Illuminate/Queue/Console/WorkCommand.php(149): Illuminate/Queue/Worker->runNextJob('database', 'default', Object(Illuminate/Queue/WorkerOptions))
#11 D:/Eureka/EducatioWeb/EducatioWeb_PriSec-main/vendor/laravel/framework/src/Illuminate/Queue/Console/WorkCommand.php(132): Illuminate/Queue/Console/WorkCommand->runWorker('database', 'default')
#12 D:/Eureka/EducatioWeb/EducatioWeb_PriSec-main/vendor/laravel/framework/src/Illuminate/Container/BoundMethod.php(36): Illuminate/Queue/Console/WorkCommand->handle()
#13 D:/Eureka/EducatioWeb/EducatioWeb_PriSec-main/vendor/laravel/framework/src/Illuminate/Container/Util.php(43): Illuminate/Container/BoundMethod::Illuminate/Container/{closure}()
#14 D:/Eureka/EducatioWeb/EducatioWeb_PriSec-main/vendor/laravel/framework/src/Illuminate/Container/BoundMethod.php(96): Illuminate/Container/Util::unwrapIfClosure(Object(Closure))
#15 D:/Eureka/EducatioWeb/EducatioWeb_PriSec-main/vendor/laravel/framework/src/Illuminate/Container/BoundMethod.php(35): Illuminate/Container/BoundMethod::callBoundMethod(Object(Illuminate/Foundation/Application), Array, Object(Closure))
#16 D:/Eureka/EducatioWeb/EducatioWeb_PriSec-main/vendor/laravel/framework/src/Illuminate/Container/Container.php(799): Illuminate/Container/BoundMethod::call(Object(Illuminate/Foundation/Application), Array, Array, NULL)
#17 D:/Eureka/EducatioWeb/EducatioWeb_PriSec-main/vendor/laravel/framework/src/Illuminate/Console/Command.php(280): Illuminate/Container/Container->call(Array)
#18 D:/Eureka/EducatioWeb/EducatioWeb_PriSec-main/vendor/symfony/console/Command/Command.php(341): Illuminate/Console/Command->execute(Object(Symfony/Component/Console/Input/ArgvInput), Object(Illuminate/Console/OutputStyle))
#19 D:/Eureka/EducatioWeb/EducatioWeb_PriSec-main/vendor/laravel/framework/src/Illuminate/Console/Command.php(249): Symfony/Component/Console/Command/Command->run(Object(Symfony/Component/Console/Input/ArgvInput), Object(Illuminate/Console/OutputStyle))
#20 D:/Eureka/EducatioWeb/EducatioWeb_PriSec-main/vendor/symfony/console/Application.php(1117): Illuminate/Console/Command->run(Object(Symfony/Component/Console/Input/ArgvInput), Object(Symfony/Component/Console/Output/ConsoleOutput))
#21 D:/Eureka/EducatioWeb/EducatioWeb_PriSec-main/vendor/symfony/console/Application.php(356): Symfony/Component/Console/Application->doRunCommand(Object(Illuminate/Queue/Console/WorkCommand), Object(Symfony/Component/Console/Input/ArgvInput), Object(Symfony/Component/Console/Output/ConsoleOutput))
#22 D:/Eureka/EducatioWeb/EducatioWeb_PriSec-main/vendor/symfony/console/Application.php(195): Symfony/Component/Console/Application->doRun(Object(Symfony/Component/Console/Input/ArgvInput), Object(Symfony/Component/Console/Output/ConsoleOutput))
#23 D:/Eureka/EducatioWeb/EducatioWeb_PriSec-main/vendor/laravel/framework/src/Illuminate/Foundation/Console/Kernel.php(198): Symfony/Component/Console/Application->run(Object(Symfony/Component/Console/Input/ArgvInput), Object(Symfony/Component/Console/Output/ConsoleOutput))
#24 D:/Eureka/EducatioWeb/EducatioWeb_PriSec-main/vendor/laravel/framework/src/Illuminate/Foundation/Application.php(1235): Illuminate/Foundation/Console/Kernel->handle(Object(Symfony/Component/Console/Input/ArgvInput), Object(Symfony/Component/Console/Output/ConsoleOutput))
#25 D:/Eureka/EducatioWeb/EducatioWeb_PriSec-main/artisan(16): Illuminate/Foundation/Application->handleCommand(Object(Symfony/Component/Console/Input/ArgvInput))
#26 {main}

[previous exception] [object] (PDOException(code: 2002): SQLSTATE[HY000] [2002] No se puede establecer una conexión ya que el equipo de destino denegó expresamente dicha conexión at D:/Eureka/EducatioWeb/EducatioWeb_PriSec-main/vendor/laravel/framework/src/Illuminate/Database/Connectors/Connector.php:66)
[stacktrace]
#0 D:/Eureka/EducatioWeb/EducatioWeb_PriSec-main/vendor/laravel/framework/src/Illuminate/Database/Connectors/Connector.php(66): PDO->__construct('mysql:host=127....', 'root', Object(SensitiveParameterValue), Array)
#1 D:/Eureka/EducatioWeb/EducatioWeb_PriSec-main/vendor/laravel/framework/src/Illuminate/Database/Connectors/Connector.php(44): Illuminate/Database/Connectors/Connector->createPdoConnection('mysql:host=127....', 'root', Object(SensitiveParameterValue), Array)
#2 D:/Eureka/EducatioWeb/EducatioWeb_PriSec-main/vendor/laravel/framework/src/Illuminate/Database/Connectors/MySqlConnector.php(24): Illuminate/Database/Connectors/Connector->createConnection('mysql:host=127....', Array, Array)
#3 D:/Eureka/EducatioWeb/EducatioWeb_PriSec-main/vendor/laravel/framework/src/Illuminate/Database/Connectors/ConnectionFactory.php(188): Illuminate/Database/Connectors/MySqlConnector->connect(Array)
#4 [internal function]: Illuminate/Database/Connectors/ConnectionFactory->Illuminate/Database/Connectors/{closure}()
#5 D:/Eureka/EducatioWeb/EducatioWeb_PriSec-main/vendor/laravel/framework/src/Illuminate/Database/Connection.php(1279): call_user_func(Object(Closure))
#6 D:/Eureka/EducatioWeb/EducatioWeb_PriSec-main/vendor/laravel/framework/src/Illuminate/Database/Connection.php(1317): Illuminate/Database/Connection->getPdo()
#7 D:/Eureka/EducatioWeb/EducatioWeb_PriSec-main/vendor/laravel/framework/src/Illuminate/Database/Connection.php(528): Illuminate/Database/Connection->getReadPdo()
#8 D:/Eureka/EducatioWeb/EducatioWeb_PriSec-main/vendor/laravel/framework/src/Illuminate/Database/Connection.php(421): Illuminate/Database/Connection->getPdoForSelect(true)
#9 D:/Eureka/EducatioWeb/EducatioWeb_PriSec-main/vendor/laravel/framework/src/Illuminate/Database/Connection.php(830): Illuminate/Database/Connection->Illuminate/Database/{closure}('select * from `...', Array)
#10 D:/Eureka/EducatioWeb/EducatioWeb_PriSec-main/vendor/laravel/framework/src/Illuminate/Database/Connection.php(797): Illuminate/Database/Connection->runQueryCallback('select * from `...', Array, Object(Closure))
#11 D:/Eureka/EducatioWeb/EducatioWeb_PriSec-main/vendor/laravel/framework/src/Illuminate/Database/Connection.php(412): Illuminate/Database/Connection->run('select * from `...', Array, Object(Closure))
#12 D:/Eureka/EducatioWeb/EducatioWeb_PriSec-main/vendor/laravel/framework/src/Illuminate/Database/Query/Builder.php(3567): Illuminate/Database/Connection->select('select * from `...', Array, true, Array)
#13 D:/Eureka/EducatioWeb/EducatioWeb_PriSec-main/vendor/laravel/framework/src/Illuminate/Database/Query/Builder.php(3551): Illuminate/Database/Query/Builder->runSelect()
#14 D:/Eureka/EducatioWeb/EducatioWeb_PriSec-main/vendor/laravel/framework/src/Illuminate/Cache/DatabaseStore.php(142): Illuminate/Database/Query/Builder->get()
#15 D:/Eureka/EducatioWeb/EducatioWeb_PriSec-main/vendor/laravel/framework/src/Illuminate/Cache/Repository.php(160): Illuminate/Cache/DatabaseStore->many(Array)
#16 D:/Eureka/EducatioWeb/EducatioWeb_PriSec-main/vendor/laravel/framework/src/Illuminate/Queue/QueueManager.php(298): Illuminate/Cache/Repository->many(Array)
#17 D:/Eureka/EducatioWeb/EducatioWeb_PriSec-main/vendor/laravel/framework/src/Illuminate/Queue/Worker.php(483): Illuminate/Queue/QueueManager->getPausedQueues('database', Array)
#18 D:/Eureka/EducatioWeb/EducatioWeb_PriSec-main/vendor/laravel/framework/src/Illuminate/Queue/Worker.php(444): Illuminate/Queue/Worker->getPausedQueues('database', Array)
#19 D:/Eureka/EducatioWeb/EducatioWeb_PriSec-main/vendor/laravel/framework/src/Illuminate/Queue/Worker.php(404): Illuminate/Queue/Worker->getNextJob(Object(Illuminate/Queue/DatabaseQueue), 'default')
#20 D:/Eureka/EducatioWeb/EducatioWeb_PriSec-main/vendor/laravel/framework/src/Illuminate/Queue/Console/WorkCommand.php(149): Illuminate/Queue/Worker->runNextJob('database', 'default', Object(Illuminate/Queue/WorkerOptions))
#21 D:/Eureka/EducatioWeb/EducatioWeb_PriSec-main/vendor/laravel/framework/src/Illuminate/Queue/Console/WorkCommand.php(132): Illuminate/Queue/Console/WorkCommand->runWorker('database', 'default')
#22 D:/Eureka/EducatioWeb/EducatioWeb_PriSec-main/vendor/laravel/framework/src/Illuminate/Container/BoundMethod.php(36): Illuminate/Queue/Console/WorkCommand->handle()
#23 D:/Eureka/EducatioWeb/EducatioWeb_PriSec-main/vendor/laravel/framework/src/Illuminate/Container/Util.php(43): Illuminate/Container/BoundMethod::Illuminate/Container/{closure}()
#24 D:/Eureka/EducatioWeb/EducatioWeb_PriSec-main/vendor/laravel/framework/src/Illuminate/Container/BoundMethod.php(96): Illuminate/Container/Util::unwrapIfClosure(Object(Closure))
#25 D:/Eureka/EducatioWeb/EducatioWeb_PriSec-main/vendor/laravel/framework/src/Illuminate/Container/BoundMethod.php(35): Illuminate/Container/BoundMethod::callBoundMethod(Object(Illuminate/Foundation/Application), Array, Object(Closure))
#26 D:/Eureka/EducatioWeb/EducatioWeb_PriSec-main/vendor/laravel/framework/src/Illuminate/Container/Container.php(799): Illuminate/Container/BoundMethod::call(Object(Illuminate/Foundation/Application), Array, Array, NULL)
#27 D:/Eureka/EducatioWeb/EducatioWeb_PriSec-main/vendor/laravel/framework/src/Illuminate/Console/Command.php(280): Illuminate/Container/Container->call(Array)
#28 D:/Eureka/EducatioWeb/EducatioWeb_PriSec-main/vendor/symfony/console/Command/Command.php(341): Illuminate/Console/Command->execute(Object(Symfony/Component/Console/Input/ArgvInput), Object(Illuminate/Console/OutputStyle))
#29 D:/Eureka/EducatioWeb/EducatioWeb_PriSec-main/vendor/laravel/framework/src/Illuminate/Console/Command.php(249): Symfony/Component/Console/Command/Command->run(Object(Symfony/Component/Console/Input/ArgvInput), Object(Illuminate/Console/OutputStyle))
#30 D:/Eureka/EducatioWeb/EducatioWeb_PriSec-main/vendor/symfony/console/Application.php(1117): Illuminate/Console/Command->run(Object(Symfony/Component/Console/Input/ArgvInput), Object(Symfony/Component/Console/Output/ConsoleOutput))
#31 D:/Eureka/EducatioWeb/EducatioWeb_PriSec-main/vendor/symfony/console/Application.php(356): Symfony/Component/Console/Application->doRunCommand(Object(Illuminate/Queue/Console/WorkCommand), Object(Symfony/Component/Console/Input/ArgvInput), Object(Symfony/Component/Console/Output/ConsoleOutput))
#32 D:/Eureka/EducatioWeb/EducatioWeb_PriSec-main/vendor/symfony/console/Application.php(195): Symfony/Component/Console/Application->doRun(Object(Symfony/Component/Console/Input/ArgvInput), Object(Symfony/Component/Console/Output/ConsoleOutput))
#33 D:/Eureka/EducatioWeb/EducatioWeb_PriSec-main/vendor/laravel/framework/src/Illuminate/Foundation/Console/Kernel.php(198): Symfony/Component/Console/Application->run(Object(Symfony/Component/Console/Input/ArgvInput), Object(Symfony/Component/Console/Output/ConsoleOutput))
#34 D:/Eureka/EducatioWeb/EducatioWeb_PriSec-main/vendor/laravel/framework/src/Illuminate/Foundation/Application.php(1235): Illuminate/Foundation/Console/Kernel->handle(Object(Symfony/Component/Console/Input/ArgvInput), Object(Symfony/Component/Console/Output/ConsoleOutput))
#35 D:/Eureka/EducatioWeb/EducatioWeb_PriSec-main/artisan(16): Illuminate/Foundation/Application->handleCommand(Object(Symfony/Component/Console/Input/ArgvInput))
#36 {main}
"} 
[2026-07-29 08:45:51] local.ERROR: SQLSTATE[HY000] [2002] No se puede establecer una conexión ya que el equipo de destino denegó expresamente dicha conexión (Connection: mariadb, Host: 127.0.0.1, Port: 3306, Database: educatioweb01db, SQL: select * from `cache` where `key` in (eureframework-cache-illuminate:queue:paused:database:default)) {"exception":"[object] (Illuminate\\Database\\QueryException(code: 2002): SQLSTATE[HY000] [2002] No se puede establecer una conexión ya que el equipo de destino denegó expresamente dicha conexión (Connection: mariadb, Host: 127.0.0.1, Port: 3306, Database: educatioweb01db, SQL: select * from `cache` where `key` in (eureframework-cache-illuminate:queue:paused:database:default)) at D:/Eureka/EducatioWeb/EducatioWeb_PriSec-main/vendor/laravel/framework/src/Illuminate/Database/Connection.php:841)
[stacktrace]
#0 D:/Eureka/EducatioWeb/EducatioWeb_PriSec-main/vendor/laravel/framework/src/Illuminate/Database/Connection.php(797): Illuminate/Database/Connection->runQueryCallback('select * from `...', Array, Object(Closure))
#1 D:/Eureka/EducatioWeb/EducatioWeb_PriSec-main/vendor/laravel/framework/src/Illuminate/Database/Connection.php(412): Illuminate/Database/Connection->run('select * from `...', Array, Object(Closure))
#2 D:/Eureka/EducatioWeb/EducatioWeb_PriSec-main/vendor/laravel/framework/src/Illuminate/Database/Query/Builder.php(3567): Illuminate/Database/Connection->select('select * from `...', Array, true, Array)
#3 D:/Eureka/EducatioWeb/EducatioWeb_PriSec-main/vendor/laravel/framework/src/Illuminate/Database/Query/Builder.php(3551): Illuminate/Database/Query/Builder->runSelect()
#4 D:/Eureka/EducatioWeb/EducatioWeb_PriSec-main/vendor/laravel/framework/src/Illuminate/Cache/DatabaseStore.php(142): Illuminate/Database/Query/Builder->get()
#5 D:/Eureka/EducatioWeb/EducatioWeb_PriSec-main/vendor/laravel/framework/src/Illuminate/Cache/Repository.php(160): Illuminate/Cache/DatabaseStore->many(Array)
#6 D:/Eureka/EducatioWeb/EducatioWeb_PriSec-main/vendor/laravel/framework/src/Illuminate/Queue/QueueManager.php(298): Illuminate/Cache/Repository->many(Array)
#7 D:/Eureka/EducatioWeb/EducatioWeb_PriSec-main/vendor/laravel/framework/src/Illuminate/Queue/Worker.php(483): Illuminate/Queue/QueueManager->getPausedQueues('database', Array)
#8 D:/Eureka/EducatioWeb/EducatioWeb_PriSec-main/vendor/laravel/framework/src/Illuminate/Queue/Worker.php(444): Illuminate/Queue/Worker->getPausedQueues('database', Array)
#9 D:/Eureka/EducatioWeb/EducatioWeb_PriSec-main/vendor/laravel/framework/src/Illuminate/Queue/Worker.php(404): Illuminate/Queue/Worker->getNextJob(Object(Illuminate/Queue/DatabaseQueue), 'default')
#10 D:/Eureka/EducatioWeb/EducatioWeb_PriSec-main/vendor/laravel/framework/src/Illuminate/Queue/Console/WorkCommand.php(149): Illuminate/Queue/Worker->runNextJob('database', 'default', Object(Illuminate/Queue/WorkerOptions))
#11 D:/Eureka/EducatioWeb/EducatioWeb_PriSec-main/vendor/laravel/framework/src/Illuminate/Queue/Console/WorkCommand.php(132): Illuminate/Queue/Console/WorkCommand->runWorker('database', 'default')
#12 D:/Eureka/EducatioWeb/EducatioWeb_PriSec-main/vendor/laravel/framework/src/Illuminate/Container/BoundMethod.php(36): Illuminate/Queue/Console/WorkCommand->handle()
#13 D:/Eureka/EducatioWeb/EducatioWeb_PriSec-main/vendor/laravel/framework/src/Illuminate/Container/Util.php(43): Illuminate/Container/BoundMethod::Illuminate/Container/{closure}()
#14 D:/Eureka/EducatioWeb/EducatioWeb_PriSec-main/vendor/laravel/framework/src/Illuminate/Container/BoundMethod.php(96): Illuminate/Container/Util::unwrapIfClosure(Object(Closure))
#15 D:/Eureka/EducatioWeb/EducatioWeb_PriSec-main/vendor/laravel/framework/src/Illuminate/Container/BoundMethod.php(35): Illuminate/Container/BoundMethod::callBoundMethod(Object(Illuminate/Foundation/Application), Array, Object(Closure))
#16 D:/Eureka/EducatioWeb/EducatioWeb_PriSec-main/vendor/laravel/framework/src/Illuminate/Container/Container.php(799): Illuminate/Container/BoundMethod::call(Object(Illuminate/Foundation/Application), Array, Array, NULL)
#17 D:/Eureka/EducatioWeb/EducatioWeb_PriSec-main/vendor/laravel/framework/src/Illuminate/Console/Command.php(280): Illuminate/Container/Container->call(Array)
#18 D:/Eureka/EducatioWeb/EducatioWeb_PriSec-main/vendor/symfony/console/Command/Command.php(341): Illuminate/Console/Command->execute(Object(Symfony/Component/Console/Input/ArgvInput), Object(Illuminate/Console/OutputStyle))
#19 D:/Eureka/EducatioWeb/EducatioWeb_PriSec-main/vendor/laravel/framework/src/Illuminate/Console/Command.php(249): Symfony/Component/Console/Command/Command->run(Object(Symfony/Component/Console/Input/ArgvInput), Object(Illuminate/Console/OutputStyle))
#20 D:/Eureka/EducatioWeb/EducatioWeb_PriSec-main/vendor/symfony/console/Application.php(1117): Illuminate/Console/Command->run(Object(Symfony/Component/Console/Input/ArgvInput), Object(Symfony/Component/Console/Output/ConsoleOutput))
#21 D:/Eureka/EducatioWeb/EducatioWeb_PriSec-main/vendor/symfony/console/Application.php(356): Symfony/Component/Console/Application->doRunCommand(Object(Illuminate/Queue/Console/WorkCommand), Object(Symfony/Component/Console/Input/ArgvInput), Object(Symfony/Component/Console/Output/ConsoleOutput))
#22 D:/Eureka/EducatioWeb/EducatioWeb_PriSec-main/vendor/symfony/console/Application.php(195): Symfony/Component/Console/Application->doRun(Object(Symfony/Component/Console/Input/ArgvInput), Object(Symfony/Component/Console/Output/ConsoleOutput))
#23 D:/Eureka/EducatioWeb/EducatioWeb_PriSec-main/vendor/laravel/framework/src/Illuminate/Foundation/Console/Kernel.php(198): Symfony/Component/Console/Application->run(Object(Symfony/Component/Console/Input/ArgvInput), Object(Symfony/Component/Console/Output/ConsoleOutput))
#24 D:/Eureka/EducatioWeb/EducatioWeb_PriSec-main/vendor/laravel/framework/src/Illuminate/Foundation/Application.php(1235): Illuminate/Foundation/Console/Kernel->handle(Object(Symfony/Component/Console/Input/ArgvInput), Object(Symfony/Component/Console/Output/ConsoleOutput))
#25 D:/Eureka/EducatioWeb/EducatioWeb_PriSec-main/artisan(16): Illuminate/Foundation/Application->handleCommand(Object(Symfony/Component/Console/Input/ArgvInput))
#26 {main}

[previous exception] [object] (PDOException(code: 2002): SQLSTATE[HY000] [2002] No se puede establecer una conexión ya que el equipo de destino denegó expresamente dicha conexión at D:/Eureka/EducatioWeb/EducatioWeb_PriSec-main/vendor/laravel/framework/src/Illuminate/Database/Connectors/Connector.php:66)
[stacktrace]
#0 D:/Eureka/EducatioWeb/EducatioWeb_PriSec-main/vendor/laravel/framework/src/Illuminate/Database/Connectors/Connector.php(66): PDO->__construct('mysql:host=127....', 'root', Object(SensitiveParameterValue), Array)
#1 D:/Eureka/EducatioWeb/EducatioWeb_PriSec-main/vendor/laravel/framework/src/Illuminate/Database/Connectors/Connector.php(44): Illuminate/Database/Connectors/Connector->createPdoConnection('mysql:host=127....', 'root', Object(SensitiveParameterValue), Array)
#2 D:/Eureka/EducatioWeb/EducatioWeb_PriSec-main/vendor/laravel/framework/src/Illuminate/Database/Connectors/MySqlConnector.php(24): Illuminate/Database/Connectors/Connector->createConnection('mysql:host=127....', Array, Array)
#3 D:/Eureka/EducatioWeb/EducatioWeb_PriSec-main/vendor/laravel/framework/src/Illuminate/Database/Connectors/ConnectionFactory.php(188): Illuminate/Database/Connectors/MySqlConnector->connect(Array)
#4 [internal function]: Illuminate/Database/Connectors/ConnectionFactory->Illuminate/Database/Connectors/{closure}()
#5 D:/Eureka/EducatioWeb/EducatioWeb_PriSec-main/vendor/laravel/framework/src/Illuminate/Database/Connection.php(1279): call_user_func(Object(Closure))
#6 D:/Eureka/EducatioWeb/EducatioWeb_PriSec-main/vendor/laravel/framework/src/Illuminate/Database/Connection.php(1317): Illuminate/Database/Connection->getPdo()
#7 D:/Eureka/EducatioWeb/EducatioWeb_PriSec-main/vendor/laravel/framework/src/Illuminate/Database/Connection.php(528): Illuminate/Database/Connection->getReadPdo()
#8 D:/Eureka/EducatioWeb/EducatioWeb_PriSec-main/vendor/laravel/framework/src/Illuminate/Database/Connection.php(421): Illuminate/Database/Connection->getPdoForSelect(true)
#9 D:/Eureka/EducatioWeb/EducatioWeb_PriSec-main/vendor/laravel/framework/src/Illuminate/Database/Connection.php(830): Illuminate/Database/Connection->Illuminate/Database/{closure}('select * from `...', Array)
#10 D:/Eureka/EducatioWeb/EducatioWeb_PriSec-main/vendor/laravel/framework/src/Illuminate/Database/Connection.php(797): Illuminate/Database/Connection->runQueryCallback('select * from `...', Array, Object(Closure))
#11 D:/Eureka/EducatioWeb/EducatioWeb_PriSec-main/vendor/laravel/framework/src/Illuminate/Database/Connection.php(412): Illuminate/Database/Connection->run('select * from `...', Array, Object(Closure))
#12 D:/Eureka/EducatioWeb/EducatioWeb_PriSec-main/vendor/laravel/framework/src/Illuminate/Database/Query/Builder.php(3567): Illuminate/Database/Connection->select('select * from `...', Array, true, Array)
#13 D:/Eureka/EducatioWeb/EducatioWeb_PriSec-main/vendor/laravel/framework/src/Illuminate/Database/Query/Builder.php(3551): Illuminate/Database/Query/Builder->runSelect()
#14 D:/Eureka/EducatioWeb/EducatioWeb_PriSec-main/vendor/laravel/framework/src/Illuminate/Cache/DatabaseStore.php(142): Illuminate/Database/Query/Builder->get()
#15 D:/Eureka/EducatioWeb/EducatioWeb_PriSec-main/vendor/laravel/framework/src/Illuminate/Cache/Repository.php(160): Illuminate/Cache/DatabaseStore->many(Array)
#16 D:/Eureka/EducatioWeb/EducatioWeb_PriSec-main/vendor/laravel/framework/src/Illuminate/Queue/QueueManager.php(298): Illuminate/Cache/Repository->many(Array)
#17 D:/Eureka/EducatioWeb/EducatioWeb_PriSec-main/vendor/laravel/framework/src/Illuminate/Queue/Worker.php(483): Illuminate/Queue/QueueManager->getPausedQueues('database', Array)
#18 D:/Eureka/EducatioWeb/EducatioWeb_PriSec-main/vendor/laravel/framework/src/Illuminate/Queue/Worker.php(444): Illuminate/Queue/Worker->getPausedQueues('database', Array)
#19 D:/Eureka/EducatioWeb/EducatioWeb_PriSec-main/vendor/laravel/framework/src/Illuminate/Queue/Worker.php(404): Illuminate/Queue/Worker->getNextJob(Object(Illuminate/Queue/DatabaseQueue), 'default')
#20 D:/Eureka/EducatioWeb/EducatioWeb_PriSec-main/vendor/laravel/framework/src/Illuminate/Queue/Console/WorkCommand.php(149): Illuminate/Queue/Worker->runNextJob('database', 'default', Object(Illuminate/Queue/WorkerOptions))
#21 D:/Eureka/EducatioWeb/EducatioWeb_PriSec-main/vendor/laravel/framework/src/Illuminate/Queue/Console/WorkCommand.php(132): Illuminate/Queue/Console/WorkCommand->runWorker('database', 'default')
#22 D:/Eureka/EducatioWeb/EducatioWeb_PriSec-main/vendor/laravel/framework/src/Illuminate/Container/BoundMethod.php(36): Illuminate/Queue/Console/WorkCommand->handle()
#23 D:/Eureka/EducatioWeb/EducatioWeb_PriSec-main/vendor/laravel/framework/src/Illuminate/Container/Util.php(43): Illuminate/Container/BoundMethod::Illuminate/Container/{closure}()
#24 D:/Eureka/EducatioWeb/EducatioWeb_PriSec-main/vendor/laravel/framework/src/Illuminate/Container/BoundMethod.php(96): Illuminate/Container/Util::unwrapIfClosure(Object(Closure))
#25 D:/Eureka/EducatioWeb/EducatioWeb_PriSec-main/vendor/laravel/framework/src/Illuminate/Container/BoundMethod.php(35): Illuminate/Container/BoundMethod::callBoundMethod(Object(Illuminate/Foundation/Application), Array, Object(Closure))
#26 D:/Eureka/EducatioWeb/EducatioWeb_PriSec-main/vendor/laravel/framework/src/Illuminate/Container/Container.php(799): Illuminate/Container/BoundMethod::call(Object(Illuminate/Foundation/Application), Array, Array, NULL)
#27 D:/Eureka/EducatioWeb/EducatioWeb_PriSec-main/vendor/laravel/framework/src/Illuminate/Console/Command.php(280): Illuminate/Container/Container->call(Array)
#28 D:/Eureka/EducatioWeb/EducatioWeb_PriSec-main/vendor/symfony/console/Command/Command.php(341): Illuminate/Console/Command->execute(Object(Symfony/Component/Console/Input/ArgvInput), Object(Illuminate/Console/OutputStyle))
#29 D:/Eureka/EducatioWeb/EducatioWeb_PriSec-main/vendor/laravel/framework/src/Illuminate/Console/Command.php(249): Symfony/Component/Console/Command/Command->run(Object(Symfony/Component/Console/Input/ArgvInput), Object(Illuminate/Console/OutputStyle))
#30 D:/Eureka/EducatioWeb/EducatioWeb_PriSec-main/vendor/symfony/console/Application.php(1117): Illuminate/Console/Command->run(Object(Symfony/Component/Console/Input/ArgvInput), Object(Symfony/Component/Console/Output/ConsoleOutput))
#31 D:/Eureka/EducatioWeb/EducatioWeb_PriSec-main/vendor/symfony/console/Application.php(356): Symfony/Component/Console/Application->doRunCommand(Object(Illuminate/Queue/Console/WorkCommand), Object(Symfony/Component/Console/Input/ArgvInput), Object(Symfony/Component/Console/Output/ConsoleOutput))
#32 D:/Eureka/EducatioWeb/EducatioWeb_PriSec-main/vendor/symfony/console/Application.php(195): Symfony/Component/Console/Application->doRun(Object(Symfony/Component/Console/Input/ArgvInput), Object(Symfony/Component/Console/Output/ConsoleOutput))
#33 D:/Eureka/EducatioWeb/EducatioWeb_PriSec-main/vendor/laravel/framework/src/Illuminate/Foundation/Console/Kernel.php(198): Symfony/Component/Console/Application->run(Object(Symfony/Component/Console/Input/ArgvInput), Object(Symfony/Component/Console/Output/ConsoleOutput))
#34 D:/Eureka/EducatioWeb/EducatioWeb_PriSec-main/vendor/laravel/framework/src/Illuminate/Foundation/Application.php(1235): Illuminate/Foundation/Console/Kernel->handle(Object(Symfony/Component/Console/Input/ArgvInput), Object(Symfony/Component/Console/Output/ConsoleOutput))
#35 D:/Eureka/EducatioWeb/EducatioWeb_PriSec-main/artisan(16): Illuminate/Foundation/Application->handleCommand(Object(Symfony/Component/Console/Input/ArgvInput))
#36 {main}
"} 
[2026-07-29 08:45:57] local.ERROR: SQLSTATE[HY000] [2002] No se puede establecer una conexión ya que el equipo de destino denegó expresamente dicha conexión (Connection: mariadb, Host: 127.0.0.1, Port: 3306, Database: educatioweb01db, SQL: select * from `cache` where `key` in (eureframework-cache-illuminate:queue:paused:database:default)) {"exception":"[object] (Illuminate\\Database\\QueryException(code: 2002): SQLSTATE[HY000] [2002] No se puede establecer una conexión ya que el equipo de destino denegó expresamente dicha conexión (Connection: mariadb, Host: 127.0.0.1, Port: 3306, Database: educatioweb01db, SQL: select * from `cache` where `key` in (eureframework-cache-illuminate:queue:paused:database:default)) at D:/Eureka/EducatioWeb/EducatioWeb_PriSec-main/vendor/laravel/framework/src/Illuminate/Database/Connection.php:841)
[stacktrace]
#0 D:/Eureka/EducatioWeb/EducatioWeb_PriSec-main/vendor/laravel/framework/src/Illuminate/Database/Connection.php(797): Illuminate/Database/Connection->runQueryCallback('select * from `...', Array, Object(Closure))
#1 D:/Eureka/EducatioWeb/EducatioWeb_PriSec-main/vendor/laravel/framework/src/Illuminate/Database/Connection.php(412): Illuminate/Database/Connection->run('select * from `...', Array, Object(Closure))
#2 D:/Eureka/EducatioWeb/EducatioWeb_PriSec-main/vendor/laravel/framework/src/Illuminate/Database/Query/Builder.php(3567): Illuminate/Database/Connection->select('select * from `...', Array, true, Array)
#3 D:/Eureka/EducatioWeb/EducatioWeb_PriSec-main/vendor/laravel/framework/src/Illuminate/Database/Query/Builder.php(3551): Illuminate/Database/Query/Builder->runSelect()
#4 D:/Eureka/EducatioWeb/EducatioWeb_PriSec-main/vendor/laravel/framework/src/Illuminate/Cache/DatabaseStore.php(142): Illuminate/Database/Query/Builder->get()
#5 D:/Eureka/EducatioWeb/EducatioWeb_PriSec-main/vendor/laravel/framework/src/Illuminate/Cache/Repository.php(160): Illuminate/Cache/DatabaseStore->many(Array)
#6 D:/Eureka/EducatioWeb/EducatioWeb_PriSec-main/vendor/laravel/framework/src/Illuminate/Queue/QueueManager.php(298): Illuminate/Cache/Repository->many(Array)
#7 D:/Eureka/EducatioWeb/EducatioWeb_PriSec-main/vendor/laravel/framework/src/Illuminate/Queue/Worker.php(483): Illuminate/Queue/QueueManager->getPausedQueues('database', Array)
#8 D:/Eureka/EducatioWeb/EducatioWeb_PriSec-main/vendor/laravel/framework/src/Illuminate/Queue/Worker.php(444): Illuminate/Queue/Worker->getPausedQueues('database', Array)
#9 D:/Eureka/EducatioWeb/EducatioWeb_PriSec-main/vendor/laravel/framework/src/Illuminate/Queue/Worker.php(404): Illuminate/Queue/Worker->getNextJob(Object(Illuminate/Queue/DatabaseQueue), 'default')
#10 D:/Eureka/EducatioWeb/EducatioWeb_PriSec-main/vendor/laravel/framework/src/Illuminate/Queue/Console/WorkCommand.php(149): Illuminate/Queue/Worker->runNextJob('database', 'default', Object(Illuminate/Queue/WorkerOptions))
#11 D:/Eureka/EducatioWeb/EducatioWeb_PriSec-main/vendor/laravel/framework/src/Illuminate/Queue/Console/WorkCommand.php(132): Illuminate/Queue/Console/WorkCommand->runWorker('database', 'default')
#12 D:/Eureka/EducatioWeb/EducatioWeb_PriSec-main/vendor/laravel/framework/src/Illuminate/Container/BoundMethod.php(36): Illuminate/Queue/Console/WorkCommand->handle()
#13 D:/Eureka/EducatioWeb/EducatioWeb_PriSec-main/vendor/laravel/framework/src/Illuminate/Container/Util.php(43): Illuminate/Container/BoundMethod::Illuminate/Container/{closure}()
#14 D:/Eureka/EducatioWeb/EducatioWeb_PriSec-main/vendor/laravel/framework/src/Illuminate/Container/BoundMethod.php(96): Illuminate/Container/Util::unwrapIfClosure(Object(Closure))
#15 D:/Eureka/EducatioWeb/EducatioWeb_PriSec-main/vendor/laravel/framework/src/Illuminate/Container/BoundMethod.php(35): Illuminate/Container/BoundMethod::callBoundMethod(Object(Illuminate/Foundation/Application), Array, Object(Closure))
#16 D:/Eureka/EducatioWeb/EducatioWeb_PriSec-main/vendor/laravel/framework/src/Illuminate/Container/Container.php(799): Illuminate/Container/BoundMethod::call(Object(Illuminate/Foundation/Application), Array, Array, NULL)
#17 D:/Eureka/EducatioWeb/EducatioWeb_PriSec-main/vendor/laravel/framework/src/Illuminate/Console/Command.php(280): Illuminate/Container/Container->call(Array)
#18 D:/Eureka/EducatioWeb/EducatioWeb_PriSec-main/vendor/symfony/console/Command/Command.php(341): Illuminate/Console/Command->execute(Object(Symfony/Component/Console/Input/ArgvInput), Object(Illuminate/Console/OutputStyle))
#19 D:/Eureka/EducatioWeb/EducatioWeb_PriSec-main/vendor/laravel/framework/src/Illuminate/Console/Command.php(249): Symfony/Component/Console/Command/Command->run(Object(Symfony/Component/Console/Input/ArgvInput), Object(Illuminate/Console/OutputStyle))
#20 D:/Eureka/EducatioWeb/EducatioWeb_PriSec-main/vendor/symfony/console/Application.php(1117): Illuminate/Console/Command->run(Object(Symfony/Component/Console/Input/ArgvInput), Object(Symfony/Component/Console/Output/ConsoleOutput))
#21 D:/Eureka/EducatioWeb/EducatioWeb_PriSec-main/vendor/symfony/console/Application.php(356): Symfony/Component/Console/Application->doRunCommand(Object(Illuminate/Queue/Console/WorkCommand), Object(Symfony/Component/Console/Input/ArgvInput), Object(Symfony/Component/Console/Output/ConsoleOutput))
#22 D:/Eureka/EducatioWeb/EducatioWeb_PriSec-main/vendor/symfony/console/Application.php(195): Symfony/Component/Console/Application->doRun(Object(Symfony/Component/Console/Input/ArgvInput), Object(Symfony/Component/Console/Output/ConsoleOutput))
#23 D:/Eureka/EducatioWeb/EducatioWeb_PriSec-main/vendor/laravel/framework/src/Illuminate/Foundation/Console/Kernel.php(198): Symfony/Component/Console/Application->run(Object(Symfony/Component/Console/Input/ArgvInput), Object(Symfony/Component/Console/Output/ConsoleOutput))
#24 D:/Eureka/EducatioWeb/EducatioWeb_PriSec-main/vendor/laravel/framework/src/Illuminate/Foundation/Application.php(1235): Illuminate/Foundation/Console/Kernel->handle(Object(Symfony/Component/Console/Input/ArgvInput), Object(Symfony/Component/Console/Output/ConsoleOutput))
#25 D:/Eureka/EducatioWeb/EducatioWeb_PriSec-main/artisan(16): Illuminate/Foundation/Application->handleCommand(Object(Symfony/Component/Console/Input/ArgvInput))
#26 {main}

[previous exception] [object] (PDOException(code: 2002): SQLSTATE[HY000] [2002] No se puede establecer una conexión ya que el equipo de destino denegó expresamente dicha conexión at D:/Eureka/EducatioWeb/EducatioWeb_PriSec-main/vendor/laravel/framework/src/Illuminate/Database/Connectors/Connector.php:66)
[stacktrace]
#0 D:/Eureka/EducatioWeb/EducatioWeb_PriSec-main/vendor/laravel/framework/src/Illuminate/Database/Connectors/Connector.php(66): PDO->__construct('mysql:host=127....', 'root', Object(SensitiveParameterValue), Array)
#1 D:/Eureka/EducatioWeb/EducatioWeb_PriSec-main/vendor/laravel/framework/src/Illuminate/Database/Connectors/Connector.php(44): Illuminate/Database/Connectors/Connector->createPdoConnection('mysql:host=127....', 'root', Object(SensitiveParameterValue), Array)
#2 D:/Eureka/EducatioWeb/EducatioWeb_PriSec-main/vendor/laravel/framework/src/Illuminate/Database/Connectors/MySqlConnector.php(24): Illuminate/Database/Connectors/Connector->createConnection('mysql:host=127....', Array, Array)
#3 D:/Eureka/EducatioWeb/EducatioWeb_PriSec-main/vendor/laravel/framework/src/Illuminate/Database/Connectors/ConnectionFactory.php(188): Illuminate/Database/Connectors/MySqlConnector->connect(Array)
#4 [internal function]: Illuminate/Database/Connectors/ConnectionFactory->Illuminate/Database/Connectors/{closure}()
#5 D:/Eureka/EducatioWeb/EducatioWeb_PriSec-main/vendor/laravel/framework/src/Illuminate/Database/Connection.php(1279): call_user_func(Object(Closure))
#6 D:/Eureka/EducatioWeb/EducatioWeb_PriSec-main/vendor/laravel/framework/src/Illuminate/Database/Connection.php(1317): Illuminate/Database/Connection->getPdo()
#7 D:/Eureka/EducatioWeb/EducatioWeb_PriSec-main/vendor/laravel/framework/src/Illuminate/Database/Connection.php(528): Illuminate/Database/Connection->getReadPdo()
#8 D:/Eureka/EducatioWeb/EducatioWeb_PriSec-main/vendor/laravel/framework/src/Illuminate/Database/Connection.php(421): Illuminate/Database/Connection->getPdoForSelect(true)
#9 D:/Eureka/EducatioWeb/EducatioWeb_PriSec-main/vendor/laravel/framework/src/Illuminate/Database/Connection.php(830): Illuminate/Database/Connection->Illuminate/Database/{closure}('select * from `...', Array)
#10 D:/Eureka/EducatioWeb/EducatioWeb_PriSec-main/vendor/laravel/framework/src/Illuminate/Database/Connection.php(797): Illuminate/Database/Connection->runQueryCallback('select * from `...', Array, Object(Closure))
#11 D:/Eureka/EducatioWeb/EducatioWeb_PriSec-main/vendor/laravel/framework/src/Illuminate/Database/Connection.php(412): Illuminate/Database/Connection->run('select * from `...', Array, Object(Closure))
#12 D:/Eureka/EducatioWeb/EducatioWeb_PriSec-main/vendor/laravel/framework/src/Illuminate/Database/Query/Builder.php(3567): Illuminate/Database/Connection->select('select * from `...', Array, true, Array)
#13 D:/Eureka/EducatioWeb/EducatioWeb_PriSec-main/vendor/laravel/framework/src/Illuminate/Database/Query/Builder.php(3551): Illuminate/Database/Query/Builder->runSelect()
#14 D:/Eureka/EducatioWeb/EducatioWeb_PriSec-main/vendor/laravel/framework/src/Illuminate/Cache/DatabaseStore.php(142): Illuminate/Database/Query/Builder->get()
#15 D:/Eureka/EducatioWeb/EducatioWeb_PriSec-main/vendor/laravel/framework/src/Illuminate/Cache/Repository.php(160): Illuminate/Cache/DatabaseStore->many(Array)
#16 D:/Eureka/EducatioWeb/EducatioWeb_PriSec-main/vendor/laravel/framework/src/Illuminate/Queue/QueueManager.php(298): Illuminate/Cache/Repository->many(Array)
#17 D:/Eureka/EducatioWeb/EducatioWeb_PriSec-main/vendor/laravel/framework/src/Illuminate/Queue/Worker.php(483): Illuminate/Queue/QueueManager->getPausedQueues('database', Array)
#18 D:/Eureka/EducatioWeb/EducatioWeb_PriSec-main/vendor/laravel/framework/src/Illuminate/Queue/Worker.php(444): Illuminate/Queue/Worker->getPausedQueues('database', Array)
#19 D:/Eureka/EducatioWeb/EducatioWeb_PriSec-main/vendor/laravel/framework/src/Illuminate/Queue/Worker.php(404): Illuminate/Queue/Worker->getNextJob(Object(Illuminate/Queue/DatabaseQueue), 'default')
#20 D:/Eureka/EducatioWeb/EducatioWeb_PriSec-main/vendor/laravel/framework/src/Illuminate/Queue/Console/WorkCommand.php(149): Illuminate/Queue/Worker->runNextJob('database', 'default', Object(Illuminate/Queue/WorkerOptions))
#21 D:/Eureka/EducatioWeb/EducatioWeb_PriSec-main/vendor/laravel/framework/src/Illuminate/Queue/Console/WorkCommand.php(132): Illuminate/Queue/Console/WorkCommand->runWorker('database', 'default')
#22 D:/Eureka/EducatioWeb/EducatioWeb_PriSec-main/vendor/laravel/framework/src/Illuminate/Container/BoundMethod.php(36): Illuminate/Queue/Console/WorkCommand->handle()
#23 D:/Eureka/EducatioWeb/EducatioWeb_PriSec-main/vendor/laravel/framework/src/Illuminate/Container/Util.php(43): Illuminate/Container/BoundMethod::Illuminate/Container/{closure}()
#24 D:/Eureka/EducatioWeb/EducatioWeb_PriSec-main/vendor/laravel/framework/src/Illuminate/Container/BoundMethod.php(96): Illuminate/Container/Util::unwrapIfClosure(Object(Closure))
#25 D:/Eureka/EducatioWeb/EducatioWeb_PriSec-main/vendor/laravel/framework/src/Illuminate/Container/BoundMethod.php(35): Illuminate/Container/BoundMethod::callBoundMethod(Object(Illuminate/Foundation/Application), Array, Object(Closure))
#26 D:/Eureka/EducatioWeb/EducatioWeb_PriSec-main/vendor/laravel/framework/src/Illuminate/Container/Container.php(799): Illuminate/Container/BoundMethod::call(Object(Illuminate/Foundation/Application), Array, Array, NULL)
#27 D:/Eureka/EducatioWeb/EducatioWeb_PriSec-main/vendor/laravel/framework/src/Illuminate/Console/Command.php(280): Illuminate/Container/Container->call(Array)
#28 D:/Eureka/EducatioWeb/EducatioWeb_PriSec-main/vendor/symfony/console/Command/Command.php(341): Illuminate/Console/Command->execute(Object(Symfony/Component/Console/Input/ArgvInput), Object(Illuminate/Console/OutputStyle))
#29 D:/Eureka/EducatioWeb/EducatioWeb_PriSec-main/vendor/laravel/framework/src/Illuminate/Console/Command.php(249): Symfony/Component/Console/Command/Command->run(Object(Symfony/Component/Console/Input/ArgvInput), Object(Illuminate/Console/OutputStyle))
#30 D:/Eureka/EducatioWeb/EducatioWeb_PriSec-main/vendor/symfony/console/Application.php(1117): Illuminate/Console/Command->run(Object(Symfony/Component/Console/Input/ArgvInput), Object(Symfony/Component/Console/Output/ConsoleOutput))
#31 D:/Eureka/EducatioWeb/EducatioWeb_PriSec-main/vendor/symfony/console/Application.php(356): Symfony/Component/Console/Application->doRunCommand(Object(Illuminate/Queue/Console/WorkCommand), Object(Symfony/Component/Console/Input/ArgvInput), Object(Symfony/Component/Console/Output/ConsoleOutput))
#32 D:/Eureka/EducatioWeb/EducatioWeb_PriSec-main/vendor/symfony/console/Application.php(195): Symfony/Component/Console/Application->doRun(Object(Symfony/Component/Console/Input/ArgvInput), Object(Symfony/Component/Console/Output/ConsoleOutput))
#33 D:/Eureka/EducatioWeb/EducatioWeb_PriSec-main/vendor/laravel/framework/src/Illuminate/Foundation/Console/Kernel.php(198): Symfony/Component/Console/Application->run(Object(Symfony/Component/Console/Input/ArgvInput), Object(Symfony/Component/Console/Output/ConsoleOutput))
#34 D:/Eureka/EducatioWeb/EducatioWeb_PriSec-main/vendor/laravel/framework/src/Illuminate/Foundation/Application.php(1235): Illuminate/Foundation/Console/Kernel->handle(Object(Symfony/Component/Console/Input/ArgvInput), Object(Symfony/Component/Console/Output/ConsoleOutput))
#35 D:/Eureka/EducatioWeb/EducatioWeb_PriSec-main/artisan(16): Illuminate/Foundation/Application->handleCommand(Object(Symfony/Component/Console/Input/ArgvInput))
#36 {main}
"} 
[2026-07-29 08:46:04] local.ERROR: SQLSTATE[HY000] [2002] No se puede establecer una conexión ya que el equipo de destino denegó expresamente dicha conexión (Connection: mariadb, Host: 127.0.0.1, Port: 3306, Database: educatioweb01db, SQL: select * from `cache` where `key` in (eureframework-cache-illuminate:queue:paused:database:default)) {"exception":"[object] (Illuminate\\Database\\QueryException(code: 2002): SQLSTATE[HY000] [2002] No se puede establecer una conexión ya que el equipo de destino denegó expresamente dicha conexión (Connection: mariadb, Host: 127.0.0.1, Port: 3306, Database: educatioweb01db, SQL: select * from `cache` where `key` in (eureframework-cache-illuminate:queue:paused:database:default)) at D:/Eureka/EducatioWeb/EducatioWeb_PriSec-main/vendor/laravel/framework/src/Illuminate/Database/Connection.php:841)
[stacktrace]
#0 D:/Eureka/EducatioWeb/EducatioWeb_PriSec-main/vendor/laravel/framework/src/Illuminate/Database/Connection.php(797): Illuminate/Database/Connection->runQueryCallback('select * from `...', Array, Object(Closure))
#1 D:/Eureka/EducatioWeb/EducatioWeb_PriSec-main/vendor/laravel/framework/src/Illuminate/Database/Connection.php(412): Illuminate/Database/Connection->run('select * from `...', Array, Object(Closure))
#2 D:/Eureka/EducatioWeb/EducatioWeb_PriSec-main/vendor/laravel/framework/src/Illuminate/Database/Query/Builder.php(3567): Illuminate/Database/Connection->select('select * from `...', Array, true, Array)
#3 D:/Eureka/EducatioWeb/EducatioWeb_PriSec-main/vendor/laravel/framework/src/Illuminate/Database/Query/Builder.php(3551): Illuminate/Database/Query/Builder->runSelect()
#4 D:/Eureka/EducatioWeb/EducatioWeb_PriSec-main/vendor/laravel/framework/src/Illuminate/Cache/DatabaseStore.php(142): Illuminate/Database/Query/Builder->get()
#5 D:/Eureka/EducatioWeb/EducatioWeb_PriSec-main/vendor/laravel/framework/src/Illuminate/Cache/Repository.php(160): Illuminate/Cache/DatabaseStore->many(Array)
#6 D:/Eureka/EducatioWeb/EducatioWeb_PriSec-main/vendor/laravel/framework/src/Illuminate/Queue/QueueManager.php(298): Illuminate/Cache/Repository->many(Array)
#7 D:/Eureka/EducatioWeb/EducatioWeb_PriSec-main/vendor/laravel/framework/src/Illuminate/Queue/Worker.php(483): Illuminate/Queue/QueueManager->getPausedQueues('database', Array)
#8 D:/Eureka/EducatioWeb/EducatioWeb_PriSec-main/vendor/laravel/framework/src/Illuminate/Queue/Worker.php(444): Illuminate/Queue/Worker->getPausedQueues('database', Array)
#9 D:/Eureka/EducatioWeb/EducatioWeb_PriSec-main/vendor/laravel/framework/src/Illuminate/Queue/Worker.php(404): Illuminate/Queue/Worker->getNextJob(Object(Illuminate/Queue/DatabaseQueue), 'default')
#10 D:/Eureka/EducatioWeb/EducatioWeb_PriSec-main/vendor/laravel/framework/src/Illuminate/Queue/Console/WorkCommand.php(149): Illuminate/Queue/Worker->runNextJob('database', 'default', Object(Illuminate/Queue/WorkerOptions))
#11 D:/Eureka/EducatioWeb/EducatioWeb_PriSec-main/vendor/laravel/framework/src/Illuminate/Queue/Console/WorkCommand.php(132): Illuminate/Queue/Console/WorkCommand->runWorker('database', 'default')
#12 D:/Eureka/EducatioWeb/EducatioWeb_PriSec-main/vendor/laravel/framework/src/Illuminate/Container/BoundMethod.php(36): Illuminate/Queue/Console/WorkCommand->handle()
#13 D:/Eureka/EducatioWeb/EducatioWeb_PriSec-main/vendor/laravel/framework/src/Illuminate/Container/Util.php(43): Illuminate/Container/BoundMethod::Illuminate/Container/{closure}()
#14 D:/Eureka/EducatioWeb/EducatioWeb_PriSec-main/vendor/laravel/framework/src/Illuminate/Container/BoundMethod.php(96): Illuminate/Container/Util::unwrapIfClosure(Object(Closure))
#15 D:/Eureka/EducatioWeb/EducatioWeb_PriSec-main/vendor/laravel/framework/src/Illuminate/Container/BoundMethod.php(35): Illuminate/Container/BoundMethod::callBoundMethod(Object(Illuminate/Foundation/Application), Array, Object(Closure))
#16 D:/Eureka/EducatioWeb/EducatioWeb_PriSec-main/vendor/laravel/framework/src/Illuminate/Container/Container.php(799): Illuminate/Container/BoundMethod::call(Object(Illuminate/Foundation/Application), Array, Array, NULL)
#17 D:/Eureka/EducatioWeb/EducatioWeb_PriSec-main/vendor/laravel/framework/src/Illuminate/Console/Command.php(280): Illuminate/Container/Container->call(Array)
#18 D:/Eureka/EducatioWeb/EducatioWeb_PriSec-main/vendor/symfony/console/Command/Command.php(341): Illuminate/Console/Command->execute(Object(Symfony/Component/Console/Input/ArgvInput), Object(Illuminate/Console/OutputStyle))
#19 D:/Eureka/EducatioWeb/EducatioWeb_PriSec-main/vendor/laravel/framework/src/Illuminate/Console/Command.php(249): Symfony/Component/Console/Command/Command->run(Object(Symfony/Component/Console/Input/ArgvInput), Object(Illuminate/Console/OutputStyle))
#20 D:/Eureka/EducatioWeb/EducatioWeb_PriSec-main/vendor/symfony/console/Application.php(1117): Illuminate/Console/Command->run(Object(Symfony/Component/Console/Input/ArgvInput), Object(Symfony/Component/Console/Output/ConsoleOutput))
#21 D:/Eureka/EducatioWeb/EducatioWeb_PriSec-main/vendor/symfony/console/Application.php(356): Symfony/Component/Console/Application->doRunCommand(Object(Illuminate/Queue/Console/WorkCommand), Object(Symfony/Component/Console/Input/ArgvInput), Object(Symfony/Component/Console/Output/ConsoleOutput))
#22 D:/Eureka/EducatioWeb/EducatioWeb_PriSec-main/vendor/symfony/console/Application.php(195): Symfony/Component/Console/Application->doRun(Object(Symfony/Component/Console/Input/ArgvInput), Object(Symfony/Component/Console/Output/ConsoleOutput))
#23 D:/Eureka/EducatioWeb/EducatioWeb_PriSec-main/vendor/laravel/framework/src/Illuminate/Foundation/Console/Kernel.php(198): Symfony/Component/Console/Application->run(Object(Symfony/Component/Console/Input/ArgvInput), Object(Symfony/Component/Console/Output/ConsoleOutput))
#24 D:/Eureka/EducatioWeb/EducatioWeb_PriSec-main/vendor/laravel/framework/src/Illuminate/Foundation/Application.php(1235): Illuminate/Foundation/Console/Kernel->handle(Object(Symfony/Component/Console/Input/ArgvInput), Object(Symfony/Component/Console/Output/ConsoleOutput))
#25 D:/Eureka/EducatioWeb/EducatioWeb_PriSec-main/artisan(16): Illuminate/Foundation/Application->handleCommand(Object(Symfony/Component/Console/Input/ArgvInput))
#26 {main}

[previous exception] [object] (PDOException(code: 2002): SQLSTATE[HY000] [2002] No se puede establecer una conexión ya que el equipo de destino denegó expresamente dicha conexión at D:/Eureka/EducatioWeb/EducatioWeb_PriSec-main/vendor/laravel/framework/src/Illuminate/Database/Connectors/Connector.php:66)
[stacktrace]
#0 D:/Eureka/EducatioWeb/EducatioWeb_PriSec-main/vendor/laravel/framework/src/Illuminate/Database/Connectors/Connector.php(66): PDO->__construct('mysql:host=127....', 'root', Object(SensitiveParameterValue), Array)
#1 D:/Eureka/EducatioWeb/EducatioWeb_PriSec-main/vendor/laravel/framework/src/Illuminate/Database/Connectors/Connector.php(44): Illuminate/Database/Connectors/Connector->createPdoConnection('mysql:host=127....', 'root', Object(SensitiveParameterValue), Array)
#2 D:/Eureka/EducatioWeb/EducatioWeb_PriSec-main/vendor/laravel/framework/src/Illuminate/Database/Connectors/MySqlConnector.php(24): Illuminate/Database/Connectors/Connector->createConnection('mysql:host=127....', Array, Array)
#3 D:/Eureka/EducatioWeb/EducatioWeb_PriSec-main/vendor/laravel/framework/src/Illuminate/Database/Connectors/ConnectionFactory.php(188): Illuminate/Database/Connectors/MySqlConnector->connect(Array)
#4 [internal function]: Illuminate/Database/Connectors/ConnectionFactory->Illuminate/Database/Connectors/{closure}()
#5 D:/Eureka/EducatioWeb/EducatioWeb_PriSec-main/vendor/laravel/framework/src/Illuminate/Database/Connection.php(1279): call_user_func(Object(Closure))
#6 D:/Eureka/EducatioWeb/EducatioWeb_PriSec-main/vendor/laravel/framework/src/Illuminate/Database/Connection.php(1317): Illuminate/Database/Connection->getPdo()
#7 D:/Eureka/EducatioWeb/EducatioWeb_PriSec-main/vendor/laravel/framework/src/Illuminate/Database/Connection.php(528): Illuminate/Database/Connection->getReadPdo()
#8 D:/Eureka/EducatioWeb/EducatioWeb_PriSec-main/vendor/laravel/framework/src/Illuminate/Database/Connection.php(421): Illuminate/Database/Connection->getPdoForSelect(true)
#9 D:/Eureka/EducatioWeb/EducatioWeb_PriSec-main/vendor/laravel/framework/src/Illuminate/Database/Connection.php(830): Illuminate/Database/Connection->Illuminate/Database/{closure}('select * from `...', Array)
#10 D:/Eureka/EducatioWeb/EducatioWeb_PriSec-main/vendor/laravel/framework/src/Illuminate/Database/Connection.php(797): Illuminate/Database/Connection->runQueryCallback('select * from `...', Array, Object(Closure))
#11 D:/Eureka/EducatioWeb/EducatioWeb_PriSec-main/vendor/laravel/framework/src/Illuminate/Database/Connection.php(412): Illuminate/Database/Connection->run('select * from `...', Array, Object(Closure))
#12 D:/Eureka/EducatioWeb/EducatioWeb_PriSec-main/vendor/laravel/framework/src/Illuminate/Database/Query/Builder.php(3567): Illuminate/Database/Connection->select('select * from `...', Array, true, Array)
#13 D:/Eureka/EducatioWeb/EducatioWeb_PriSec-main/vendor/laravel/framework/src/Illuminate/Database/Query/Builder.php(3551): Illuminate/Database/Query/Builder->runSelect()
#14 D:/Eureka/EducatioWeb/EducatioWeb_PriSec-main/vendor/laravel/framework/src/Illuminate/Cache/DatabaseStore.php(142): Illuminate/Database/Query/Builder->get()
#15 D:/Eureka/EducatioWeb/EducatioWeb_PriSec-main/vendor/laravel/framework/src/Illuminate/Cache/Repository.php(160): Illuminate/Cache/DatabaseStore->many(Array)
#16 D:/Eureka/EducatioWeb/EducatioWeb_PriSec-main/vendor/laravel/framework/src/Illuminate/Queue/QueueManager.php(298): Illuminate/Cache/Repository->many(Array)
#17 D:/Eureka/EducatioWeb/EducatioWeb_PriSec-main/vendor/laravel/framework/src/Illuminate/Queue/Worker.php(483): Illuminate/Queue/QueueManager->getPausedQueues('database', Array)
#18 D:/Eureka/EducatioWeb/EducatioWeb_PriSec-main/vendor/laravel/framework/src/Illuminate/Queue/Worker.php(444): Illuminate/Queue/Worker->getPausedQueues('database', Array)
#19 D:/Eureka/EducatioWeb/EducatioWeb_PriSec-main/vendor/laravel/framework/src/Illuminate/Queue/Worker.php(404): Illuminate/Queue/Worker->getNextJob(Object(Illuminate/Queue/DatabaseQueue), 'default')
#20 D:/Eureka/EducatioWeb/EducatioWeb_PriSec-main/vendor/laravel/framework/src/Illuminate/Queue/Console/WorkCommand.php(149): Illuminate/Queue/Worker->runNextJob('database', 'default', Object(Illuminate/Queue/WorkerOptions))
#21 D:/Eureka/EducatioWeb/EducatioWeb_PriSec-main/vendor/laravel/framework/src/Illuminate/Queue/Console/WorkCommand.php(132): Illuminate/Queue/Console/WorkCommand->runWorker('database', 'default')
#22 D:/Eureka/EducatioWeb/EducatioWeb_PriSec-main/vendor/laravel/framework/src/Illuminate/Container/BoundMethod.php(36): Illuminate/Queue/Console/WorkCommand->handle()
#23 D:/Eureka/EducatioWeb/EducatioWeb_PriSec-main/vendor/laravel/framework/src/Illuminate/Container/Util.php(43): Illuminate/Container/BoundMethod::Illuminate/Container/{closure}()
#24 D:/Eureka/EducatioWeb/EducatioWeb_PriSec-main/vendor/laravel/framework/src/Illuminate/Container/BoundMethod.php(96): Illuminate/Container/Util::unwrapIfClosure(Object(Closure))
#25 D:/Eureka/EducatioWeb/EducatioWeb_PriSec-main/vendor/laravel/framework/src/Illuminate/Container/BoundMethod.php(35): Illuminate/Container/BoundMethod::callBoundMethod(Object(Illuminate/Foundation/Application), Array, Object(Closure))
#26 D:/Eureka/EducatioWeb/EducatioWeb_PriSec-main/vendor/laravel/framework/src/Illuminate/Container/Container.php(799): Illuminate/Container/BoundMethod::call(Object(Illuminate/Foundation/Application), Array, Array, NULL)
#27 D:/Eureka/EducatioWeb/EducatioWeb_PriSec-main/vendor/laravel/framework/src/Illuminate/Console/Command.php(280): Illuminate/Container/Container->call(Array)
#28 D:/Eureka/EducatioWeb/EducatioWeb_PriSec-main/vendor/symfony/console/Command/Command.php(341): Illuminate/Console/Command->execute(Object(Symfony/Component/Console/Input/ArgvInput), Object(Illuminate/Console/OutputStyle))
#29 D:/Eureka/EducatioWeb/EducatioWeb_PriSec-main/vendor/laravel/framework/src/Illuminate/Console/Command.php(249): Symfony/Component/Console/Command/Command->run(Object(Symfony/Component/Console/Input/ArgvInput), Object(Illuminate/Console/OutputStyle))
#30 D:/Eureka/EducatioWeb/EducatioWeb_PriSec-main/vendor/symfony/console/Application.php(1117): Illuminate/Console/Command->run(Object(Symfony/Component/Console/Input/ArgvInput), Object(Symfony/Component/Console/Output/ConsoleOutput))
#31 D:/Eureka/EducatioWeb/EducatioWeb_PriSec-main/vendor/symfony/console/Application.php(356): Symfony/Component/Console/Application->doRunCommand(Object(Illuminate/Queue/Console/WorkCommand), Object(Symfony/Component/Console/Input/ArgvInput), Object(Symfony/Component/Console/Output/ConsoleOutput))
#32 D:/Eureka/EducatioWeb/EducatioWeb_PriSec-main/vendor/symfony/console/Application.php(195): Symfony/Component/Console/Application->doRun(Object(Symfony/Component/Console/Input/ArgvInput), Object(Symfony/Component/Console/Output/ConsoleOutput))
#33 D:/Eureka/EducatioWeb/EducatioWeb_PriSec-main/vendor/laravel/framework/src/Illuminate/Foundation/Console/Kernel.php(198): Symfony/Component/Console/Application->run(Object(Symfony/Component/Console/Input/ArgvInput), Object(Symfony/Component/Console/Output/ConsoleOutput))
#34 D:/Eureka/EducatioWeb/EducatioWeb_PriSec-main/vendor/laravel/framework/src/Illuminate/Foundation/Application.php(1235): Illuminate/Foundation/Console/Kernel->handle(Object(Symfony/Component/Console/Input/ArgvInput), Object(Symfony/Component/Console/Output/ConsoleOutput))
#35 D:/Eureka/EducatioWeb/EducatioWeb_PriSec-main/artisan(16): Illuminate/Foundation/Application->handleCommand(Object(Symfony/Component/Console/Input/ArgvInput))
#36 {main}
"} 
[2026-07-29 08:46:10] local.ERROR: SQLSTATE[HY000] [2002] No se puede establecer una conexión ya que el equipo de destino denegó expresamente dicha conexión (Connection: mariadb, Host: 127.0.0.1, Port: 3306, Database: educatioweb01db, SQL: select * from `cache` where `key` in (eureframework-cache-illuminate:queue:paused:database:default)) {"exception":"[object] (Illuminate\\Database\\QueryException(code: 2002): SQLSTATE[HY000] [2002] No se puede establecer una conexión ya que el equipo de destino denegó expresamente dicha conexión (Connection: mariadb, Host: 127.0.0.1, Port: 3306, Database: educatioweb01db, SQL: select * from `cache` where `key` in (eureframework-cache-illuminate:queue:paused:database:default)) at D:/Eureka/EducatioWeb/EducatioWeb_PriSec-main/vendor/laravel/framework/src/Illuminate/Database/Connection.php:841)
[stacktrace]
#0 D:/Eureka/EducatioWeb/EducatioWeb_PriSec-main/vendor/laravel/framework/src/Illuminate/Database/Connection.php(797): Illuminate/Database/Connection->runQueryCallback('select * from `...', Array, Object(Closure))
#1 D:/Eureka/EducatioWeb/EducatioWeb_PriSec-main/vendor/laravel/framework/src/Illuminate/Database/Connection.php(412): Illuminate/Database/Connection->run('select * from `...', Array, Object(Closure))
#2 D:/Eureka/EducatioWeb/EducatioWeb_PriSec-main/vendor/laravel/framework/src/Illuminate/Database/Query/Builder.php(3567): Illuminate/Database/Connection->select('select * from `...', Array, true, Array)
#3 D:/Eureka/EducatioWeb/EducatioWeb_PriSec-main/vendor/laravel/framework/src/Illuminate/Database/Query/Builder.php(3551): Illuminate/Database/Query/Builder->runSelect()
#4 D:/Eureka/EducatioWeb/EducatioWeb_PriSec-main/vendor/laravel/framework/src/Illuminate/Cache/DatabaseStore.php(142): Illuminate/Database/Query/Builder->get()
#5 D:/Eureka/EducatioWeb/EducatioWeb_PriSec-main/vendor/laravel/framework/src/Illuminate/Cache/Repository.php(160): Illuminate/Cache/DatabaseStore->many(Array)
#6 D:/Eureka/EducatioWeb/EducatioWeb_PriSec-main/vendor/laravel/framework/src/Illuminate/Queue/QueueManager.php(298): Illuminate/Cache/Repository->many(Array)
#7 D:/Eureka/EducatioWeb/EducatioWeb_PriSec-main/vendor/laravel/framework/src/Illuminate/Queue/Worker.php(483): Illuminate/Queue/QueueManager->getPausedQueues('database', Array)
#8 D:/Eureka/EducatioWeb/EducatioWeb_PriSec-main/vendor/laravel/framework/src/Illuminate/Queue/Worker.php(444): Illuminate/Queue/Worker->getPausedQueues('database', Array)
#9 D:/Eureka/EducatioWeb/EducatioWeb_PriSec-main/vendor/laravel/framework/src/Illuminate/Queue/Worker.php(404): Illuminate/Queue/Worker->getNextJob(Object(Illuminate/Queue/DatabaseQueue), 'default')
#10 D:/Eureka/EducatioWeb/EducatioWeb_PriSec-main/vendor/laravel/framework/src/Illuminate/Queue/Console/WorkCommand.php(149): Illuminate/Queue/Worker->runNextJob('database', 'default', Object(Illuminate/Queue/WorkerOptions))
#11 D:/Eureka/EducatioWeb/EducatioWeb_PriSec-main/vendor/laravel/framework/src/Illuminate/Queue/Console/WorkCommand.php(132): Illuminate/Queue/Console/WorkCommand->runWorker('database', 'default')
#12 D:/Eureka/EducatioWeb/EducatioWeb_PriSec-main/vendor/laravel/framework/src/Illuminate/Container/BoundMethod.php(36): Illuminate/Queue/Console/WorkCommand->handle()
#13 D:/Eureka/EducatioWeb/EducatioWeb_PriSec-main/vendor/laravel/framework/src/Illuminate/Container/Util.php(43): Illuminate/Container/BoundMethod::Illuminate/Container/{closure}()
#14 D:/Eureka/EducatioWeb/EducatioWeb_PriSec-main/vendor/laravel/framework/src/Illuminate/Container/BoundMethod.php(96): Illuminate/Container/Util::unwrapIfClosure(Object(Closure))
#15 D:/Eureka/EducatioWeb/EducatioWeb_PriSec-main/vendor/laravel/framework/src/Illuminate/Container/BoundMethod.php(35): Illuminate/Container/BoundMethod::callBoundMethod(Object(Illuminate/Foundation/Application), Array, Object(Closure))
#16 D:/Eureka/EducatioWeb/EducatioWeb_PriSec-main/vendor/laravel/framework/src/Illuminate/Container/Container.php(799): Illuminate/Container/BoundMethod::call(Object(Illuminate/Foundation/Application), Array, Array, NULL)
#17 D:/Eureka/EducatioWeb/EducatioWeb_PriSec-main/vendor/laravel/framework/src/Illuminate/Console/Command.php(280): Illuminate/Container/Container->call(Array)
#18 D:/Eureka/EducatioWeb/EducatioWeb_PriSec-main/vendor/symfony/console/Command/Command.php(341): Illuminate/Console/Command->execute(Object(Symfony/Component/Console/Input/ArgvInput), Object(Illuminate/Console/OutputStyle))
#19 D:/Eureka/EducatioWeb/EducatioWeb_PriSec-main/vendor/laravel/framework/src/Illuminate/Console/Command.php(249): Symfony/Component/Console/Command/Command->run(Object(Symfony/Component/Console/Input/ArgvInput), Object(Illuminate/Console/OutputStyle))
#20 D:/Eureka/EducatioWeb/EducatioWeb_PriSec-main/vendor/symfony/console/Application.php(1117): Illuminate/Console/Command->run(Object(Symfony/Component/Console/Input/ArgvInput), Object(Symfony/Component/Console/Output/ConsoleOutput))
#21 D:/Eureka/EducatioWeb/EducatioWeb_PriSec-main/vendor/symfony/console/Application.php(356): Symfony/Component/Console/Application->doRunCommand(Object(Illuminate/Queue/Console/WorkCommand), Object(Symfony/Component/Console/Input/ArgvInput), Object(Symfony/Component/Console/Output/ConsoleOutput))
#22 D:/Eureka/EducatioWeb/EducatioWeb_PriSec-main/vendor/symfony/console/Application.php(195): Symfony/Component/Console/Application->doRun(Object(Symfony/Component/Console/Input/ArgvInput), Object(Symfony/Component/Console/Output/ConsoleOutput))
#23 D:/Eureka/EducatioWeb/EducatioWeb_PriSec-main/vendor/laravel/framework/src/Illuminate/Foundation/Console/Kernel.php(198): Symfony/Component/Console/Application->run(Object(Symfony/Component/Console/Input/ArgvInput), Object(Symfony/Component/Console/Output/ConsoleOutput))
#24 D:/Eureka/EducatioWeb/EducatioWeb_PriSec-main/vendor/laravel/framework/src/Illuminate/Foundation/Application.php(1235): Illuminate/Foundation/Console/Kernel->handle(Object(Symfony/Component/Console/Input/ArgvInput), Object(Symfony/Component/Console/Output/ConsoleOutput))
#25 D:/Eureka/EducatioWeb/EducatioWeb_PriSec-main/artisan(16): Illuminate/Foundation/Application->handleCommand(Object(Symfony/Component/Console/Input/ArgvInput))
#26 {main}

[previous exception] [object] (PDOException(code: 2002): SQLSTATE[HY000] [2002] No se puede establecer una conexión ya que el equipo de destino denegó expresamente dicha conexión at D:/Eureka/EducatioWeb/EducatioWeb_PriSec-main/vendor/laravel/framework/src/Illuminate/Database/Connectors/Connector.php:66)
[stacktrace]
#0 D:/Eureka/EducatioWeb/EducatioWeb_PriSec-main/vendor/laravel/framework/src/Illuminate/Database/Connectors/Connector.php(66): PDO->__construct('mysql:host=127....', 'root', Object(SensitiveParameterValue), Array)
#1 D:/Eureka/EducatioWeb/EducatioWeb_PriSec-main/vendor/laravel/framework/src/Illuminate/Database/Connectors/Connector.php(44): Illuminate/Database/Connectors/Connector->createPdoConnection('mysql:host=127....', 'root', Object(SensitiveParameterValue), Array)
#2 D:/Eureka/EducatioWeb/EducatioWeb_PriSec-main/vendor/laravel/framework/src/Illuminate/Database/Connectors/MySqlConnector.php(24): Illuminate/Database/Connectors/Connector->createConnection('mysql:host=127....', Array, Array)
#3 D:/Eureka/EducatioWeb/EducatioWeb_PriSec-main/vendor/laravel/framework/src/Illuminate/Database/Connectors/ConnectionFactory.php(188): Illuminate/Database/Connectors/MySqlConnector->connect(Array)
#4 [internal function]: Illuminate/Database/Connectors/ConnectionFactory->Illuminate/Database/Connectors/{closure}()
#5 D:/Eureka/EducatioWeb/EducatioWeb_PriSec-main/vendor/laravel/framework/src/Illuminate/Database/Connection.php(1279): call_user_func(Object(Closure))
#6 D:/Eureka/EducatioWeb/EducatioWeb_PriSec-main/vendor/laravel/framework/src/Illuminate/Database/Connection.php(1317): Illuminate/Database/Connection->getPdo()
#7 D:/Eureka/EducatioWeb/EducatioWeb_PriSec-main/vendor/laravel/framework/src/Illuminate/Database/Connection.php(528): Illuminate/Database/Connection->getReadPdo()
#8 D:/Eureka/EducatioWeb/EducatioWeb_PriSec-main/vendor/laravel/framework/src/Illuminate/Database/Connection.php(421): Illuminate/Database/Connection->getPdoForSelect(true)
#9 D:/Eureka/EducatioWeb/EducatioWeb_PriSec-main/vendor/laravel/framework/src/Illuminate/Database/Connection.php(830): Illuminate/Database/Connection->Illuminate/Database/{closure}('select * from `...', Array)
#10 D:/Eureka/EducatioWeb/EducatioWeb_PriSec-main/vendor/laravel/framework/src/Illuminate/Database/Connection.php(797): Illuminate/Database/Connection->runQueryCallback('select * from `...', Array, Object(Closure))
#11 D:/Eureka/EducatioWeb/EducatioWeb_PriSec-main/vendor/laravel/framework/src/Illuminate/Database/Connection.php(412): Illuminate/Database/Connection->run('select * from `...', Array, Object(Closure))
#12 D:/Eureka/EducatioWeb/EducatioWeb_PriSec-main/vendor/laravel/framework/src/Illuminate/Database/Query/Builder.php(3567): Illuminate/Database/Connection->select('select * from `...', Array, true, Array)
#13 D:/Eureka/EducatioWeb/EducatioWeb_PriSec-main/vendor/laravel/framework/src/Illuminate/Database/Query/Builder.php(3551): Illuminate/Database/Query/Builder->runSelect()
#14 D:/Eureka/EducatioWeb/EducatioWeb_PriSec-main/vendor/laravel/framework/src/Illuminate/Cache/DatabaseStore.php(142): Illuminate/Database/Query/Builder->get()
#15 D:/Eureka/EducatioWeb/EducatioWeb_PriSec-main/vendor/laravel/framework/src/Illuminate/Cache/Repository.php(160): Illuminate/Cache/DatabaseStore->many(Array)
#16 D:/Eureka/EducatioWeb/EducatioWeb_PriSec-main/vendor/laravel/framework/src/Illuminate/Queue/QueueManager.php(298): Illuminate/Cache/Repository->many(Array)
#17 D:/Eureka/EducatioWeb/EducatioWeb_PriSec-main/vendor/laravel/framework/src/Illuminate/Queue/Worker.php(483): Illuminate/Queue/QueueManager->getPausedQueues('database', Array)
#18 D:/Eureka/EducatioWeb/EducatioWeb_PriSec-main/vendor/laravel/framework/src/Illuminate/Queue/Worker.php(444): Illuminate/Queue/Worker->getPausedQueues('database', Array)
#19 D:/Eureka/EducatioWeb/EducatioWeb_PriSec-main/vendor/laravel/framework/src/Illuminate/Queue/Worker.php(404): Illuminate/Queue/Worker->getNextJob(Object(Illuminate/Queue/DatabaseQueue), 'default')
#20 D:/Eureka/EducatioWeb/EducatioWeb_PriSec-main/vendor/laravel/framework/src/Illuminate/Queue/Console/WorkCommand.php(149): Illuminate/Queue/Worker->runNextJob('database', 'default', Object(Illuminate/Queue/WorkerOptions))
#21 D:/Eureka/EducatioWeb/EducatioWeb_PriSec-main/vendor/laravel/framework/src/Illuminate/Queue/Console/WorkCommand.php(132): Illuminate/Queue/Console/WorkCommand->runWorker('database', 'default')
#22 D:/Eureka/EducatioWeb/EducatioWeb_PriSec-main/vendor/laravel/framework/src/Illuminate/Container/BoundMethod.php(36): Illuminate/Queue/Console/WorkCommand->handle()
#23 D:/Eureka/EducatioWeb/EducatioWeb_PriSec-main/vendor/laravel/framework/src/Illuminate/Container/Util.php(43): Illuminate/Container/BoundMethod::Illuminate/Container/{closure}()
#24 D:/Eureka/EducatioWeb/EducatioWeb_PriSec-main/vendor/laravel/framework/src/Illuminate/Container/BoundMethod.php(96): Illuminate/Container/Util::unwrapIfClosure(Object(Closure))
#25 D:/Eureka/EducatioWeb/EducatioWeb_PriSec-main/vendor/laravel/framework/src/Illuminate/Container/BoundMethod.php(35): Illuminate/Container/BoundMethod::callBoundMethod(Object(Illuminate/Foundation/Application), Array, Object(Closure))
#26 D:/Eureka/EducatioWeb/EducatioWeb_PriSec-main/vendor/laravel/framework/src/Illuminate/Container/Container.php(799): Illuminate/Container/BoundMethod::call(Object(Illuminate/Foundation/Application), Array, Array, NULL)
#27 D:/Eureka/EducatioWeb/EducatioWeb_PriSec-main/vendor/laravel/framework/src/Illuminate/Console/Command.php(280): Illuminate/Container/Container->call(Array)
#28 D:/Eureka/EducatioWeb/EducatioWeb_PriSec-main/vendor/symfony/console/Command/Command.php(341): Illuminate/Console/Command->execute(Object(Symfony/Component/Console/Input/ArgvInput), Object(Illuminate/Console/OutputStyle))
#29 D:/Eureka/EducatioWeb/EducatioWeb_PriSec-main/vendor/laravel/framework/src/Illuminate/Console/Command.php(249): Symfony/Component/Console/Command/Command->run(Object(Symfony/Component/Console/Input/ArgvInput), Object(Illuminate/Console/OutputStyle))
#30 D:/Eureka/EducatioWeb/EducatioWeb_PriSec-main/vendor/symfony/console/Application.php(1117): Illuminate/Console/Command->run(Object(Symfony/Component/Console/Input/ArgvInput), Object(Symfony/Component/Console/Output/ConsoleOutput))
#31 D:/Eureka/EducatioWeb/EducatioWeb_PriSec-main/vendor/symfony/console/Application.php(356): Symfony/Component/Console/Application->doRunCommand(Object(Illuminate/Queue/Console/WorkCommand), Object(Symfony/Component/Console/Input/ArgvInput), Object(Symfony/Component/Console/Output/ConsoleOutput))
#32 D:/Eureka/EducatioWeb/EducatioWeb_PriSec-main/vendor/symfony/console/Application.php(195): Symfony/Component/Console/Application->doRun(Object(Symfony/Component/Console/Input/ArgvInput), Object(Symfony/Component/Console/Output/ConsoleOutput))
#33 D:/Eureka/EducatioWeb/EducatioWeb_PriSec-main/vendor/laravel/framework/src/Illuminate/Foundation/Console/Kernel.php(198): Symfony/Component/Console/Application->run(Object(Symfony/Component/Console/Input/ArgvInput), Object(Symfony/Component/Console/Output/ConsoleOutput))
#34 D:/Eureka/EducatioWeb/EducatioWeb_PriSec-main/vendor/laravel/framework/src/Illuminate/Foundation/Application.php(1235): Illuminate/Foundation/Console/Kernel->handle(Object(Symfony/Component/Console/Input/ArgvInput), Object(Symfony/Component/Console/Output/ConsoleOutput))
#35 D:/Eureka/EducatioWeb/EducatioWeb_PriSec-main/artisan(16): Illuminate/Foundation/Application->handleCommand(Object(Symfony/Component/Console/Input/ArgvInput))
#36 {main}
"} 
[2026-07-29 08:46:16] local.ERROR: SQLSTATE[HY000] [2002] No se puede establecer una conexión ya que el equipo de destino denegó expresamente dicha conexión (Connection: mariadb, Host: 127.0.0.1, Port: 3306, Database: educatioweb01db, SQL: select * from `cache` where `key` in (eureframework-cache-illuminate:queue:paused:database:default)) {"exception":"[object] (Illuminate\\Database\\QueryException(code: 2002): SQLSTATE[HY000] [2002] No se puede establecer una conexión ya que el equipo de destino denegó expresamente dicha conexión (Connection: mariadb, Host: 127.0.0.1, Port: 3306, Database: educatioweb01db, SQL: select * from `cache` where `key` in (eureframework-cache-illuminate:queue:paused:database:default)) at D:/Eureka/EducatioWeb/EducatioWeb_PriSec-main/vendor/laravel/framework/src/Illuminate/Database/Connection.php:841)
[stacktrace]
#0 D:/Eureka/EducatioWeb/EducatioWeb_PriSec-main/vendor/laravel/framework/src/Illuminate/Database/Connection.php(797): Illuminate/Database/Connection->runQueryCallback('select * from `...', Array, Object(Closure))
#1 D:/Eureka/EducatioWeb/EducatioWeb_PriSec-main/vendor/laravel/framework/src/Illuminate/Database/Connection.php(412): Illuminate/Database/Connection->run('select * from `...', Array, Object(Closure))
#2 D:/Eureka/EducatioWeb/EducatioWeb_PriSec-main/vendor/laravel/framework/src/Illuminate/Database/Query/Builder.php(3567): Illuminate/Database/Connection->select('select * from `...', Array, true, Array)
#3 D:/Eureka/EducatioWeb/EducatioWeb_PriSec-main/vendor/laravel/framework/src/Illuminate/Database/Query/Builder.php(3551): Illuminate/Database/Query/Builder->runSelect()
#4 D:/Eureka/EducatioWeb/EducatioWeb_PriSec-main/vendor/laravel/framework/src/Illuminate/Cache/DatabaseStore.php(142): Illuminate/Database/Query/Builder->get()
#5 D:/Eureka/EducatioWeb/EducatioWeb_PriSec-main/vendor/laravel/framework/src/Illuminate/Cache/Repository.php(160): Illuminate/Cache/DatabaseStore->many(Array)
#6 D:/Eureka/EducatioWeb/EducatioWeb_PriSec-main/vendor/laravel/framework/src/Illuminate/Queue/QueueManager.php(298): Illuminate/Cache/Repository->many(Array)
#7 D:/Eureka/EducatioWeb/EducatioWeb_PriSec-main/vendor/laravel/framework/src/Illuminate/Queue/Worker.php(483): Illuminate/Queue/QueueManager->getPausedQueues('database', Array)
#8 D:/Eureka/EducatioWeb/EducatioWeb_PriSec-main/vendor/laravel/framework/src/Illuminate/Queue/Worker.php(444): Illuminate/Queue/Worker->getPausedQueues('database', Array)
#9 D:/Eureka/EducatioWeb/EducatioWeb_PriSec-main/vendor/laravel/framework/src/Illuminate/Queue/Worker.php(404): Illuminate/Queue/Worker->getNextJob(Object(Illuminate/Queue/DatabaseQueue), 'default')
#10 D:/Eureka/EducatioWeb/EducatioWeb_PriSec-main/vendor/laravel/framework/src/Illuminate/Queue/Console/WorkCommand.php(149): Illuminate/Queue/Worker->runNextJob('database', 'default', Object(Illuminate/Queue/WorkerOptions))
#11 D:/Eureka/EducatioWeb/EducatioWeb_PriSec-main/vendor/laravel/framework/src/Illuminate/Queue/Console/WorkCommand.php(132): Illuminate/Queue/Console/WorkCommand->runWorker('database', 'default')
#12 D:/Eureka/EducatioWeb/EducatioWeb_PriSec-main/vendor/laravel/framework/src/Illuminate/Container/BoundMethod.php(36): Illuminate/Queue/Console/WorkCommand->handle()
#13 D:/Eureka/EducatioWeb/EducatioWeb_PriSec-main/vendor/laravel/framework/src/Illuminate/Container/Util.php(43): Illuminate/Container/BoundMethod::Illuminate/Container/{closure}()
#14 D:/Eureka/EducatioWeb/EducatioWeb_PriSec-main/vendor/laravel/framework/src/Illuminate/Container/BoundMethod.php(96): Illuminate/Container/Util::unwrapIfClosure(Object(Closure))
#15 D:/Eureka/EducatioWeb/EducatioWeb_PriSec-main/vendor/laravel/framework/src/Illuminate/Container/BoundMethod.php(35): Illuminate/Container/BoundMethod::callBoundMethod(Object(Illuminate/Foundation/Application), Array, Object(Closure))
#16 D:/Eureka/EducatioWeb/EducatioWeb_PriSec-main/vendor/laravel/framework/src/Illuminate/Container/Container.php(799): Illuminate/Container/BoundMethod::call(Object(Illuminate/Foundation/Application), Array, Array, NULL)
#17 D:/Eureka/EducatioWeb/EducatioWeb_PriSec-main/vendor/laravel/framework/src/Illuminate/Console/Command.php(280): Illuminate/Container/Container->call(Array)
#18 D:/Eureka/EducatioWeb/EducatioWeb_PriSec-main/vendor/symfony/console/Command/Command.php(341): Illuminate/Console/Command->execute(Object(Symfony/Component/Console/Input/ArgvInput), Object(Illuminate/Console/OutputStyle))
#19 D:/Eureka/EducatioWeb/EducatioWeb_PriSec-main/vendor/laravel/framework/src/Illuminate/Console/Command.php(249): Symfony/Component/Console/Command/Command->run(Object(Symfony/Component/Console/Input/ArgvInput), Object(Illuminate/Console/OutputStyle))
#20 D:/Eureka/EducatioWeb/EducatioWeb_PriSec-main/vendor/symfony/console/Application.php(1117): Illuminate/Console/Command->run(Object(Symfony/Component/Console/Input/ArgvInput), Object(Symfony/Component/Console/Output/ConsoleOutput))
#21 D:/Eureka/EducatioWeb/EducatioWeb_PriSec-main/vendor/symfony/console/Application.php(356): Symfony/Component/Console/Application->doRunCommand(Object(Illuminate/Queue/Console/WorkCommand), Object(Symfony/Component/Console/Input/ArgvInput), Object(Symfony/Component/Console/Output/ConsoleOutput))
#22 D:/Eureka/EducatioWeb/EducatioWeb_PriSec-main/vendor/symfony/console/Application.php(195): Symfony/Component/Console/Application->doRun(Object(Symfony/Component/Console/Input/ArgvInput), Object(Symfony/Component/Console/Output/ConsoleOutput))
#23 D:/Eureka/EducatioWeb/EducatioWeb_PriSec-main/vendor/laravel/framework/src/Illuminate/Foundation/Console/Kernel.php(198): Symfony/Component/Console/Application->run(Object(Symfony/Component/Console/Input/ArgvInput), Object(Symfony/Component/Console/Output/ConsoleOutput))
#24 D:/Eureka/EducatioWeb/EducatioWeb_PriSec-main/vendor/laravel/framework/src/Illuminate/Foundation/Application.php(1235): Illuminate/Foundation/Console/Kernel->handle(Object(Symfony/Component/Console/Input/ArgvInput), Object(Symfony/Component/Console/Output/ConsoleOutput))
#25 D:/Eureka/EducatioWeb/EducatioWeb_PriSec-main/artisan(16): Illuminate/Foundation/Application->handleCommand(Object(Symfony/Component/Console/Input/ArgvInput))
#26 {main}

[previous exception] [object] (PDOException(code: 2002): SQLSTATE[HY000] [2002] No se puede establecer una conexión ya que el equipo de destino denegó expresamente dicha conexión at D:/Eureka/EducatioWeb/EducatioWeb_PriSec-main/vendor/laravel/framework/src/Illuminate/Database/Connectors/Connector.php:66)
[stacktrace]
#0 D:/Eureka/EducatioWeb/EducatioWeb_PriSec-main/vendor/laravel/framework/src/Illuminate/Database/Connectors/Connector.php(66): PDO->__construct('mysql:host=127....', 'root', Object(SensitiveParameterValue), Array)
#1 D:/Eureka/EducatioWeb/EducatioWeb_PriSec-main/vendor/laravel/framework/src/Illuminate/Database/Connectors/Connector.php(44): Illuminate/Database/Connectors/Connector->createPdoConnection('mysql:host=127....', 'root', Object(SensitiveParameterValue), Array)
#2 D:/Eureka/EducatioWeb/EducatioWeb_PriSec-main/vendor/laravel/framework/src/Illuminate/Database/Connectors/MySqlConnector.php(24): Illuminate/Database/Connectors/Connector->createConnection('mysql:host=127....', Array, Array)
#3 D:/Eureka/EducatioWeb/EducatioWeb_PriSec-main/vendor/laravel/framework/src/Illuminate/Database/Connectors/ConnectionFactory.php(188): Illuminate/Database/Connectors/MySqlConnector->connect(Array)
#4 [internal function]: Illuminate/Database/Connectors/ConnectionFactory->Illuminate/Database/Connectors/{closure}()
#5 D:/Eureka/EducatioWeb/EducatioWeb_PriSec-main/vendor/laravel/framework/src/Illuminate/Database/Connection.php(1279): call_user_func(Object(Closure))
#6 D:/Eureka/EducatioWeb/EducatioWeb_PriSec-main/vendor/laravel/framework/src/Illuminate/Database/Connection.php(1317): Illuminate/Database/Connection->getPdo()
#7 D:/Eureka/EducatioWeb/EducatioWeb_PriSec-main/vendor/laravel/framework/src/Illuminate/Database/Connection.php(528): Illuminate/Database/Connection->getReadPdo()
#8 D:/Eureka/EducatioWeb/EducatioWeb_PriSec-main/vendor/laravel/framework/src/Illuminate/Database/Connection.php(421): Illuminate/Database/Connection->getPdoForSelect(true)
#9 D:/Eureka/EducatioWeb/EducatioWeb_PriSec-main/vendor/laravel/framework/src/Illuminate/Database/Connection.php(830): Illuminate/Database/Connection->Illuminate/Database/{closure}('select * from `...', Array)
#10 D:/Eureka/EducatioWeb/EducatioWeb_PriSec-main/vendor/laravel/framework/src/Illuminate/Database/Connection.php(797): Illuminate/Database/Connection->runQueryCallback('select * from `...', Array, Object(Closure))
#11 D:/Eureka/EducatioWeb/EducatioWeb_PriSec-main/vendor/laravel/framework/src/Illuminate/Database/Connection.php(412): Illuminate/Database/Connection->run('select * from `...', Array, Object(Closure))
#12 D:/Eureka/EducatioWeb/EducatioWeb_PriSec-main/vendor/laravel/framework/src/Illuminate/Database/Query/Builder.php(3567): Illuminate/Database/Connection->select('select * from `...', Array, true, Array)
#13 D:/Eureka/EducatioWeb/EducatioWeb_PriSec-main/vendor/laravel/framework/src/Illuminate/Database/Query/Builder.php(3551): Illuminate/Database/Query/Builder->runSelect()
#14 D:/Eureka/EducatioWeb/EducatioWeb_PriSec-main/vendor/laravel/framework/src/Illuminate/Cache/DatabaseStore.php(142): Illuminate/Database/Query/Builder->get()
#15 D:/Eureka/EducatioWeb/EducatioWeb_PriSec-main/vendor/laravel/framework/src/Illuminate/Cache/Repository.php(160): Illuminate/Cache/DatabaseStore->many(Array)
#16 D:/Eureka/EducatioWeb/EducatioWeb_PriSec-main/vendor/laravel/framework/src/Illuminate/Queue/QueueManager.php(298): Illuminate/Cache/Repository->many(Array)
#17 D:/Eureka/EducatioWeb/EducatioWeb_PriSec-main/vendor/laravel/framework/src/Illuminate/Queue/Worker.php(483): Illuminate/Queue/QueueManager->getPausedQueues('database', Array)
#18 D:/Eureka/EducatioWeb/EducatioWeb_PriSec-main/vendor/laravel/framework/src/Illuminate/Queue/Worker.php(444): Illuminate/Queue/Worker->getPausedQueues('database', Array)
#19 D:/Eureka/EducatioWeb/EducatioWeb_PriSec-main/vendor/laravel/framework/src/Illuminate/Queue/Worker.php(404): Illuminate/Queue/Worker->getNextJob(Object(Illuminate/Queue/DatabaseQueue), 'default')
#20 D:/Eureka/EducatioWeb/EducatioWeb_PriSec-main/vendor/laravel/framework/src/Illuminate/Queue/Console/WorkCommand.php(149): Illuminate/Queue/Worker->runNextJob('database', 'default', Object(Illuminate/Queue/WorkerOptions))
#21 D:/Eureka/EducatioWeb/EducatioWeb_PriSec-main/vendor/laravel/framework/src/Illuminate/Queue/Console/WorkCommand.php(132): Illuminate/Queue/Console/WorkCommand->runWorker('database', 'default')
#22 D:/Eureka/EducatioWeb/EducatioWeb_PriSec-main/vendor/laravel/framework/src/Illuminate/Container/BoundMethod.php(36): Illuminate/Queue/Console/WorkCommand->handle()
#23 D:/Eureka/EducatioWeb/EducatioWeb_PriSec-main/vendor/laravel/framework/src/Illuminate/Container/Util.php(43): Illuminate/Container/BoundMethod::Illuminate/Container/{closure}()
#24 D:/Eureka/EducatioWeb/EducatioWeb_PriSec-main/vendor/laravel/framework/src/Illuminate/Container/BoundMethod.php(96): Illuminate/Container/Util::unwrapIfClosure(Object(Closure))
#25 D:/Eureka/EducatioWeb/EducatioWeb_PriSec-main/vendor/laravel/framework/src/Illuminate/Container/BoundMethod.php(35): Illuminate/Container/BoundMethod::callBoundMethod(Object(Illuminate/Foundation/Application), Array, Object(Closure))
#26 D:/Eureka/EducatioWeb/EducatioWeb_PriSec-main/vendor/laravel/framework/src/Illuminate/Container/Container.php(799): Illuminate/Container/BoundMethod::call(Object(Illuminate/Foundation/Application), Array, Array, NULL)
#27 D:/Eureka/EducatioWeb/EducatioWeb_PriSec-main/vendor/laravel/framework/src/Illuminate/Console/Command.php(280): Illuminate/Container/Container->call(Array)
#28 D:/Eureka/EducatioWeb/EducatioWeb_PriSec-main/vendor/symfony/console/Command/Command.php(341): Illuminate/Console/Command->execute(Object(Symfony/Component/Console/Input/ArgvInput), Object(Illuminate/Console/OutputStyle))
#29 D:/Eureka/EducatioWeb/EducatioWeb_PriSec-main/vendor/laravel/framework/src/Illuminate/Console/Command.php(249): Symfony/Component/Console/Command/Command->run(Object(Symfony/Component/Console/Input/ArgvInput), Object(Illuminate/Console/OutputStyle))
#30 D:/Eureka/EducatioWeb/EducatioWeb_PriSec-main/vendor/symfony/console/Application.php(1117): Illuminate/Console/Command->run(Object(Symfony/Component/Console/Input/ArgvInput), Object(Symfony/Component/Console/Output/ConsoleOutput))
#31 D:/Eureka/EducatioWeb/EducatioWeb_PriSec-main/vendor/symfony/console/Application.php(356): Symfony/Component/Console/Application->doRunCommand(Object(Illuminate/Queue/Console/WorkCommand), Object(Symfony/Component/Console/Input/ArgvInput), Object(Symfony/Component/Console/Output/ConsoleOutput))
#32 D:/Eureka/EducatioWeb/EducatioWeb_PriSec-main/vendor/symfony/console/Application.php(195): Symfony/Component/Console/Application->doRun(Object(Symfony/Component/Console/Input/ArgvInput), Object(Symfony/Component/Console/Output/ConsoleOutput))
#33 D:/Eureka/EducatioWeb/EducatioWeb_PriSec-main/vendor/laravel/framework/src/Illuminate/Foundation/Console/Kernel.php(198): Symfony/Component/Console/Application->run(Object(Symfony/Component/Console/Input/ArgvInput), Object(Symfony/Component/Console/Output/ConsoleOutput))
#34 D:/Eureka/EducatioWeb/EducatioWeb_PriSec-main/vendor/laravel/framework/src/Illuminate/Foundation/Application.php(1235): Illuminate/Foundation/Console/Kernel->handle(Object(Symfony/Component/Console/Input/ArgvInput), Object(Symfony/Component/Console/Output/ConsoleOutput))
#35 D:/Eureka/EducatioWeb/EducatioWeb_PriSec-main/artisan(16): Illuminate/Foundation/Application->handleCommand(Object(Symfony/Component/Console/Input/ArgvInput))
#36 {main}
"} 
[2026-07-29 08:46:23] local.ERROR: SQLSTATE[HY000] [2002] No se puede establecer una conexión ya que el equipo de destino denegó expresamente dicha conexión (Connection: mariadb, Host: 127.0.0.1, Port: 3306, Database: educatioweb01db, SQL: select * from `cache` where `key` in (eureframework-cache-illuminate:queue:paused:database:default)) {"exception":"[object] (Illuminate\\Database\\QueryException(code: 2002): SQLSTATE[HY000] [2002] No se puede establecer una conexión ya que el equipo de destino denegó expresamente dicha conexión (Connection: mariadb, Host: 127.0.0.1, Port: 3306, Database: educatioweb01db, SQL: select * from `cache` where `key` in (eureframework-cache-illuminate:queue:paused:database:default)) at D:/Eureka/EducatioWeb/EducatioWeb_PriSec-main/vendor/laravel/framework/src/Illuminate/Database/Connection.php:841)
[stacktrace]
#0 D:/Eureka/EducatioWeb/EducatioWeb_PriSec-main/vendor/laravel/framework/src/Illuminate/Database/Connection.php(797): Illuminate/Database/Connection->runQueryCallback('select * from `...', Array, Object(Closure))
#1 D:/Eureka/EducatioWeb/EducatioWeb_PriSec-main/vendor/laravel/framework/src/Illuminate/Database/Connection.php(412): Illuminate/Database/Connection->run('select * from `...', Array, Object(Closure))
#2 D:/Eureka/EducatioWeb/EducatioWeb_PriSec-main/vendor/laravel/framework/src/Illuminate/Database/Query/Builder.php(3567): Illuminate/Database/Connection->select('select * from `...', Array, true, Array)
#3 D:/Eureka/EducatioWeb/EducatioWeb_PriSec-main/vendor/laravel/framework/src/Illuminate/Database/Query/Builder.php(3551): Illuminate/Database/Query/Builder->runSelect()
#4 D:/Eureka/EducatioWeb/EducatioWeb_PriSec-main/vendor/laravel/framework/src/Illuminate/Cache/DatabaseStore.php(142): Illuminate/Database/Query/Builder->get()
#5 D:/Eureka/EducatioWeb/EducatioWeb_PriSec-main/vendor/laravel/framework/src/Illuminate/Cache/Repository.php(160): Illuminate/Cache/DatabaseStore->many(Array)
#6 D:/Eureka/EducatioWeb/EducatioWeb_PriSec-main/vendor/laravel/framework/src/Illuminate/Queue/QueueManager.php(298): Illuminate/Cache/Repository->many(Array)
#7 D:/Eureka/EducatioWeb/EducatioWeb_PriSec-main/vendor/laravel/framework/src/Illuminate/Queue/Worker.php(483): Illuminate/Queue/QueueManager->getPausedQueues('database', Array)
#8 D:/Eureka/EducatioWeb/EducatioWeb_PriSec-main/vendor/laravel/framework/src/Illuminate/Queue/Worker.php(444): Illuminate/Queue/Worker->getPausedQueues('database', Array)
#9 D:/Eureka/EducatioWeb/EducatioWeb_PriSec-main/vendor/laravel/framework/src/Illuminate/Queue/Worker.php(404): Illuminate/Queue/Worker->getNextJob(Object(Illuminate/Queue/DatabaseQueue), 'default')
#10 D:/Eureka/EducatioWeb/EducatioWeb_PriSec-main/vendor/laravel/framework/src/Illuminate/Queue/Console/WorkCommand.php(149): Illuminate/Queue/Worker->runNextJob('database', 'default', Object(Illuminate/Queue/WorkerOptions))
#11 D:/Eureka/EducatioWeb/EducatioWeb_PriSec-main/vendor/laravel/framework/src/Illuminate/Queue/Console/WorkCommand.php(132): Illuminate/Queue/Console/WorkCommand->runWorker('database', 'default')
#12 D:/Eureka/EducatioWeb/EducatioWeb_PriSec-main/vendor/laravel/framework/src/Illuminate/Container/BoundMethod.php(36): Illuminate/Queue/Console/WorkCommand->handle()
#13 D:/Eureka/EducatioWeb/EducatioWeb_PriSec-main/vendor/laravel/framework/src/Illuminate/Container/Util.php(43): Illuminate/Container/BoundMethod::Illuminate/Container/{closure}()
#14 D:/Eureka/EducatioWeb/EducatioWeb_PriSec-main/vendor/laravel/framework/src/Illuminate/Container/BoundMethod.php(96): Illuminate/Container/Util::unwrapIfClosure(Object(Closure))
#15 D:/Eureka/EducatioWeb/EducatioWeb_PriSec-main/vendor/laravel/framework/src/Illuminate/Container/BoundMethod.php(35): Illuminate/Container/BoundMethod::callBoundMethod(Object(Illuminate/Foundation/Application), Array, Object(Closure))
#16 D:/Eureka/EducatioWeb/EducatioWeb_PriSec-main/vendor/laravel/framework/src/Illuminate/Container/Container.php(799): Illuminate/Container/BoundMethod::call(Object(Illuminate/Foundation/Application), Array, Array, NULL)
#17 D:/Eureka/EducatioWeb/EducatioWeb_PriSec-main/vendor/laravel/framework/src/Illuminate/Console/Command.php(280): Illuminate/Container/Container->call(Array)
#18 D:/Eureka/EducatioWeb/EducatioWeb_PriSec-main/vendor/symfony/console/Command/Command.php(341): Illuminate/Console/Command->execute(Object(Symfony/Component/Console/Input/ArgvInput), Object(Illuminate/Console/OutputStyle))
#19 D:/Eureka/EducatioWeb/EducatioWeb_PriSec-main/vendor/laravel/framework/src/Illuminate/Console/Command.php(249): Symfony/Component/Console/Command/Command->run(Object(Symfony/Component/Console/Input/ArgvInput), Object(Illuminate/Console/OutputStyle))
#20 D:/Eureka/EducatioWeb/EducatioWeb_PriSec-main/vendor/symfony/console/Application.php(1117): Illuminate/Console/Command->run(Object(Symfony/Component/Console/Input/ArgvInput), Object(Symfony/Component/Console/Output/ConsoleOutput))
#21 D:/Eureka/EducatioWeb/EducatioWeb_PriSec-main/vendor/symfony/console/Application.php(356): Symfony/Component/Console/Application->doRunCommand(Object(Illuminate/Queue/Console/WorkCommand), Object(Symfony/Component/Console/Input/ArgvInput), Object(Symfony/Component/Console/Output/ConsoleOutput))
#22 D:/Eureka/EducatioWeb/EducatioWeb_PriSec-main/vendor/symfony/console/Application.php(195): Symfony/Component/Console/Application->doRun(Object(Symfony/Component/Console/Input/ArgvInput), Object(Symfony/Component/Console/Output/ConsoleOutput))
#23 D:/Eureka/EducatioWeb/EducatioWeb_PriSec-main/vendor/laravel/framework/src/Illuminate/Foundation/Console/Kernel.php(198): Symfony/Component/Console/Application->run(Object(Symfony/Component/Console/Input/ArgvInput), Object(Symfony/Component/Console/Output/ConsoleOutput))
#24 D:/Eureka/EducatioWeb/EducatioWeb_PriSec-main/vendor/laravel/framework/src/Illuminate/Foundation/Application.php(1235): Illuminate/Foundation/Console/Kernel->handle(Object(Symfony/Component/Console/Input/ArgvInput), Object(Symfony/Component/Console/Output/ConsoleOutput))
#25 D:/Eureka/EducatioWeb/EducatioWeb_PriSec-main/artisan(16): Illuminate/Foundation/Application->handleCommand(Object(Symfony/Component/Console/Input/ArgvInput))
#26 {main}

[previous exception] [object] (PDOException(code: 2002): SQLSTATE[HY000] [2002] No se puede establecer una conexión ya que el equipo de destino denegó expresamente dicha conexión at D:/Eureka/EducatioWeb/EducatioWeb_PriSec-main/vendor/laravel/framework/src/Illuminate/Database/Connectors/Connector.php:66)
[stacktrace]
#0 D:/Eureka/EducatioWeb/EducatioWeb_PriSec-main/vendor/laravel/framework/src/Illuminate/Database/Connectors/Connector.php(66): PDO->__construct('mysql:host=127....', 'root', Object(SensitiveParameterValue), Array)
#1 D:/Eureka/EducatioWeb/EducatioWeb_PriSec-main/vendor/laravel/framework/src/Illuminate/Database/Connectors/Connector.php(44): Illuminate/Database/Connectors/Connector->createPdoConnection('mysql:host=127....', 'root', Object(SensitiveParameterValue), Array)
#2 D:/Eureka/EducatioWeb/EducatioWeb_PriSec-main/vendor/laravel/framework/src/Illuminate/Database/Connectors/MySqlConnector.php(24): Illuminate/Database/Connectors/Connector->createConnection('mysql:host=127....', Array, Array)
#3 D:/Eureka/EducatioWeb/EducatioWeb_PriSec-main/vendor/laravel/framework/src/Illuminate/Database/Connectors/ConnectionFactory.php(188): Illuminate/Database/Connectors/MySqlConnector->connect(Array)
#4 [internal function]: Illuminate/Database/Connectors/ConnectionFactory->Illuminate/Database/Connectors/{closure}()
#5 D:/Eureka/EducatioWeb/EducatioWeb_PriSec-main/vendor/laravel/framework/src/Illuminate/Database/Connection.php(1279): call_user_func(Object(Closure))
#6 D:/Eureka/EducatioWeb/EducatioWeb_PriSec-main/vendor/laravel/framework/src/Illuminate/Database/Connection.php(1317): Illuminate/Database/Connection->getPdo()
#7 D:/Eureka/EducatioWeb/EducatioWeb_PriSec-main/vendor/laravel/framework/src/Illuminate/Database/Connection.php(528): Illuminate/Database/Connection->getReadPdo()
#8 D:/Eureka/EducatioWeb/EducatioWeb_PriSec-main/vendor/laravel/framework/src/Illuminate/Database/Connection.php(421): Illuminate/Database/Connection->getPdoForSelect(true)
#9 D:/Eureka/EducatioWeb/EducatioWeb_PriSec-main/vendor/laravel/framework/src/Illuminate/Database/Connection.php(830): Illuminate/Database/Connection->Illuminate/Database/{closure}('select * from `...', Array)
#10 D:/Eureka/EducatioWeb/EducatioWeb_PriSec-main/vendor/laravel/framework/src/Illuminate/Database/Connection.php(797): Illuminate/Database/Connection->runQueryCallback('select * from `...', Array, Object(Closure))
#11 D:/Eureka/EducatioWeb/EducatioWeb_PriSec-main/vendor/laravel/framework/src/Illuminate/Database/Connection.php(412): Illuminate/Database/Connection->run('select * from `...', Array, Object(Closure))
#12 D:/Eureka/EducatioWeb/EducatioWeb_PriSec-main/vendor/laravel/framework/src/Illuminate/Database/Query/Builder.php(3567): Illuminate/Database/Connection->select('select * from `...', Array, true, Array)
#13 D:/Eureka/EducatioWeb/EducatioWeb_PriSec-main/vendor/laravel/framework/src/Illuminate/Database/Query/Builder.php(3551): Illuminate/Database/Query/Builder->runSelect()
#14 D:/Eureka/EducatioWeb/EducatioWeb_PriSec-main/vendor/laravel/framework/src/Illuminate/Cache/DatabaseStore.php(142): Illuminate/Database/Query/Builder->get()
#15 D:/Eureka/EducatioWeb/EducatioWeb_PriSec-main/vendor/laravel/framework/src/Illuminate/Cache/Repository.php(160): Illuminate/Cache/DatabaseStore->many(Array)
#16 D:/Eureka/EducatioWeb/EducatioWeb_PriSec-main/vendor/laravel/framework/src/Illuminate/Queue/QueueManager.php(298): Illuminate/Cache/Repository->many(Array)
#17 D:/Eureka/EducatioWeb/EducatioWeb_PriSec-main/vendor/laravel/framework/src/Illuminate/Queue/Worker.php(483): Illuminate/Queue/QueueManager->getPausedQueues('database', Array)
#18 D:/Eureka/EducatioWeb/EducatioWeb_PriSec-main/vendor/laravel/framework/src/Illuminate/Queue/Worker.php(444): Illuminate/Queue/Worker->getPausedQueues('database', Array)
#19 D:/Eureka/EducatioWeb/EducatioWeb_PriSec-main/vendor/laravel/framework/src/Illuminate/Queue/Worker.php(404): Illuminate/Queue/Worker->getNextJob(Object(Illuminate/Queue/DatabaseQueue), 'default')
#20 D:/Eureka/EducatioWeb/EducatioWeb_PriSec-main/vendor/laravel/framework/src/Illuminate/Queue/Console/WorkCommand.php(149): Illuminate/Queue/Worker->runNextJob('database', 'default', Object(Illuminate/Queue/WorkerOptions))
#21 D:/Eureka/EducatioWeb/EducatioWeb_PriSec-main/vendor/laravel/framework/src/Illuminate/Queue/Console/WorkCommand.php(132): Illuminate/Queue/Console/WorkCommand->runWorker('database', 'default')
#22 D:/Eureka/EducatioWeb/EducatioWeb_PriSec-main/vendor/laravel/framework/src/Illuminate/Container/BoundMethod.php(36): Illuminate/Queue/Console/WorkCommand->handle()
#23 D:/Eureka/EducatioWeb/EducatioWeb_PriSec-main/vendor/laravel/framework/src/Illuminate/Container/Util.php(43): Illuminate/Container/BoundMethod::Illuminate/Container/{closure}()
#24 D:/Eureka/EducatioWeb/EducatioWeb_PriSec-main/vendor/laravel/framework/src/Illuminate/Container/BoundMethod.php(96): Illuminate/Container/Util::unwrapIfClosure(Object(Closure))
#25 D:/Eureka/EducatioWeb/EducatioWeb_PriSec-main/vendor/laravel/framework/src/Illuminate/Container/BoundMethod.php(35): Illuminate/Container/BoundMethod::callBoundMethod(Object(Illuminate/Foundation/Application), Array, Object(Closure))
#26 D:/Eureka/EducatioWeb/EducatioWeb_PriSec-main/vendor/laravel/framework/src/Illuminate/Container/Container.php(799): Illuminate/Container/BoundMethod::call(Object(Illuminate/Foundation/Application), Array, Array, NULL)
#27 D:/Eureka/EducatioWeb/EducatioWeb_PriSec-main/vendor/laravel/framework/src/Illuminate/Console/Command.php(280): Illuminate/Container/Container->call(Array)
#28 D:/Eureka/EducatioWeb/EducatioWeb_PriSec-main/vendor/symfony/console/Command/Command.php(341): Illuminate/Console/Command->execute(Object(Symfony/Component/Console/Input/ArgvInput), Object(Illuminate/Console/OutputStyle))
#29 D:/Eureka/EducatioWeb/EducatioWeb_PriSec-main/vendor/laravel/framework/src/Illuminate/Console/Command.php(249): Symfony/Component/Console/Command/Command->run(Object(Symfony/Component/Console/Input/ArgvInput), Object(Illuminate/Console/OutputStyle))
#30 D:/Eureka/EducatioWeb/EducatioWeb_PriSec-main/vendor/symfony/console/Application.php(1117): Illuminate/Console/Command->run(Object(Symfony/Component/Console/Input/ArgvInput), Object(Symfony/Component/Console/Output/ConsoleOutput))
#31 D:/Eureka/EducatioWeb/EducatioWeb_PriSec-main/vendor/symfony/console/Application.php(356): Symfony/Component/Console/Application->doRunCommand(Object(Illuminate/Queue/Console/WorkCommand), Object(Symfony/Component/Console/Input/ArgvInput), Object(Symfony/Component/Console/Output/ConsoleOutput))
#32 D:/Eureka/EducatioWeb/EducatioWeb_PriSec-main/vendor/symfony/console/Application.php(195): Symfony/Component/Console/Application->doRun(Object(Symfony/Component/Console/Input/ArgvInput), Object(Symfony/Component/Console/Output/ConsoleOutput))
#33 D:/Eureka/EducatioWeb/EducatioWeb_PriSec-main/vendor/laravel/framework/src/Illuminate/Foundation/Console/Kernel.php(198): Symfony/Component/Console/Application->run(Object(Symfony/Component/Console/Input/ArgvInput), Object(Symfony/Component/Console/Output/ConsoleOutput))
#34 D:/Eureka/EducatioWeb/EducatioWeb_PriSec-main/vendor/laravel/framework/src/Illuminate/Foundation/Application.php(1235): Illuminate/Foundation/Console/Kernel->handle(Object(Symfony/Component/Console/Input/ArgvInput), Object(Symfony/Component/Console/Output/ConsoleOutput))
#35 D:/Eureka/EducatioWeb/EducatioWeb_PriSec-main/artisan(16): Illuminate/Foundation/Application->handleCommand(Object(Symfony/Component/Console/Input/ArgvInput))
#36 {main}
"} 
[2026-07-29 08:46:29] local.ERROR: SQLSTATE[HY000] [2002] No se puede establecer una conexión ya que el equipo de destino denegó expresamente dicha conexión (Connection: mariadb, Host: 127.0.0.1, Port: 3306, Database: educatioweb01db, SQL: select * from `cache` where `key` in (eureframework-cache-illuminate:queue:paused:database:default)) {"exception":"[object] (Illuminate\\Database\\QueryException(code: 2002): SQLSTATE[HY000] [2002] No se puede establecer una conexión ya que el equipo de destino denegó expresamente dicha conexión (Connection: mariadb, Host: 127.0.0.1, Port: 3306, Database: educatioweb01db, SQL: select * from `cache` where `key` in (eureframework-cache-illuminate:queue:paused:database:default)) at D:/Eureka/EducatioWeb/EducatioWeb_PriSec-main/vendor/laravel/framework/src/Illuminate/Database/Connection.php:841)
[stacktrace]
#0 D:/Eureka/EducatioWeb/EducatioWeb_PriSec-main/vendor/laravel/framework/src/Illuminate/Database/Connection.php(797): Illuminate/Database/Connection->runQueryCallback('select * from `...', Array, Object(Closure))
#1 D:/Eureka/EducatioWeb/EducatioWeb_PriSec-main/vendor/laravel/framework/src/Illuminate/Database/Connection.php(412): Illuminate/Database/Connection->run('select * from `...', Array, Object(Closure))
#2 D:/Eureka/EducatioWeb/EducatioWeb_PriSec-main/vendor/laravel/framework/src/Illuminate/Database/Query/Builder.php(3567): Illuminate/Database/Connection->select('select * from `...', Array, true, Array)
#3 D:/Eureka/EducatioWeb/EducatioWeb_PriSec-main/vendor/laravel/framework/src/Illuminate/Database/Query/Builder.php(3551): Illuminate/Database/Query/Builder->runSelect()
#4 D:/Eureka/EducatioWeb/EducatioWeb_PriSec-main/vendor/laravel/framework/src/Illuminate/Cache/DatabaseStore.php(142): Illuminate/Database/Query/Builder->get()
#5 D:/Eureka/EducatioWeb/EducatioWeb_PriSec-main/vendor/laravel/framework/src/Illuminate/Cache/Repository.php(160): Illuminate/Cache/DatabaseStore->many(Array)
#6 D:/Eureka/EducatioWeb/EducatioWeb_PriSec-main/vendor/laravel/framework/src/Illuminate/Queue/QueueManager.php(298): Illuminate/Cache/Repository->many(Array)
#7 D:/Eureka/EducatioWeb/EducatioWeb_PriSec-main/vendor/laravel/framework/src/Illuminate/Queue/Worker.php(483): Illuminate/Queue/QueueManager->getPausedQueues('database', Array)
#8 D:/Eureka/EducatioWeb/EducatioWeb_PriSec-main/vendor/laravel/framework/src/Illuminate/Queue/Worker.php(444): Illuminate/Queue/Worker->getPausedQueues('database', Array)
#9 D:/Eureka/EducatioWeb/EducatioWeb_PriSec-main/vendor/laravel/framework/src/Illuminate/Queue/Worker.php(404): Illuminate/Queue/Worker->getNextJob(Object(Illuminate/Queue/DatabaseQueue), 'default')
#10 D:/Eureka/EducatioWeb/EducatioWeb_PriSec-main/vendor/laravel/framework/src/Illuminate/Queue/Console/WorkCommand.php(149): Illuminate/Queue/Worker->runNextJob('database', 'default', Object(Illuminate/Queue/WorkerOptions))
#11 D:/Eureka/EducatioWeb/EducatioWeb_PriSec-main/vendor/laravel/framework/src/Illuminate/Queue/Console/WorkCommand.php(132): Illuminate/Queue/Console/WorkCommand->runWorker('database', 'default')
#12 D:/Eureka/EducatioWeb/EducatioWeb_PriSec-main/vendor/laravel/framework/src/Illuminate/Container/BoundMethod.php(36): Illuminate/Queue/Console/WorkCommand->handle()
#13 D:/Eureka/EducatioWeb/EducatioWeb_PriSec-main/vendor/laravel/framework/src/Illuminate/Container/Util.php(43): Illuminate/Container/BoundMethod::Illuminate/Container/{closure}()
#14 D:/Eureka/EducatioWeb/EducatioWeb_PriSec-main/vendor/laravel/framework/src/Illuminate/Container/BoundMethod.php(96): Illuminate/Container/Util::unwrapIfClosure(Object(Closure))
#15 D:/Eureka/EducatioWeb/EducatioWeb_PriSec-main/vendor/laravel/framework/src/Illuminate/Container/BoundMethod.php(35): Illuminate/Container/BoundMethod::callBoundMethod(Object(Illuminate/Foundation/Application), Array, Object(Closure))
#16 D:/Eureka/EducatioWeb/EducatioWeb_PriSec-main/vendor/laravel/framework/src/Illuminate/Container/Container.php(799): Illuminate/Container/BoundMethod::call(Object(Illuminate/Foundation/Application), Array, Array, NULL)
#17 D:/Eureka/EducatioWeb/EducatioWeb_PriSec-main/vendor/laravel/framework/src/Illuminate/Console/Command.php(280): Illuminate/Container/Container->call(Array)
#18 D:/Eureka/EducatioWeb/EducatioWeb_PriSec-main/vendor/symfony/console/Command/Command.php(341): Illuminate/Console/Command->execute(Object(Symfony/Component/Console/Input/ArgvInput), Object(Illuminate/Console/OutputStyle))
#19 D:/Eureka/EducatioWeb/EducatioWeb_PriSec-main/vendor/laravel/framework/src/Illuminate/Console/Command.php(249): Symfony/Component/Console/Command/Command->run(Object(Symfony/Component/Console/Input/ArgvInput), Object(Illuminate/Console/OutputStyle))
#20 D:/Eureka/EducatioWeb/EducatioWeb_PriSec-main/vendor/symfony/console/Application.php(1117): Illuminate/Console/Command->run(Object(Symfony/Component/Console/Input/ArgvInput), Object(Symfony/Component/Console/Output/ConsoleOutput))
#21 D:/Eureka/EducatioWeb/EducatioWeb_PriSec-main/vendor/symfony/console/Application.php(356): Symfony/Component/Console/Application->doRunCommand(Object(Illuminate/Queue/Console/WorkCommand), Object(Symfony/Component/Console/Input/ArgvInput), Object(Symfony/Component/Console/Output/ConsoleOutput))
#22 D:/Eureka/EducatioWeb/EducatioWeb_PriSec-main/vendor/symfony/console/Application.php(195): Symfony/Component/Console/Application->doRun(Object(Symfony/Component/Console/Input/ArgvInput), Object(Symfony/Component/Console/Output/ConsoleOutput))
#23 D:/Eureka/EducatioWeb/EducatioWeb_PriSec-main/vendor/laravel/framework/src/Illuminate/Foundation/Console/Kernel.php(198): Symfony/Component/Console/Application->run(Object(Symfony/Component/Console/Input/ArgvInput), Object(Symfony/Component/Console/Output/ConsoleOutput))
#24 D:/Eureka/EducatioWeb/EducatioWeb_PriSec-main/vendor/laravel/framework/src/Illuminate/Foundation/Application.php(1235): Illuminate/Foundation/Console/Kernel->handle(Object(Symfony/Component/Console/Input/ArgvInput), Object(Symfony/Component/Console/Output/ConsoleOutput))
#25 D:/Eureka/EducatioWeb/EducatioWeb_PriSec-main/artisan(16): Illuminate/Foundation/Application->handleCommand(Object(Symfony/Component/Console/Input/ArgvInput))
#26 {main}

[previous exception] [object] (PDOException(code: 2002): SQLSTATE[HY000] [2002] No se puede establecer una conexión ya que el equipo de destino denegó expresamente dicha conexión at D:/Eureka/EducatioWeb/EducatioWeb_PriSec-main/vendor/laravel/framework/src/Illuminate/Database/Connectors/Connector.php:66)
[stacktrace]
#0 D:/Eureka/EducatioWeb/EducatioWeb_PriSec-main/vendor/laravel/framework/src/Illuminate/Database/Connectors/Connector.php(66): PDO->__construct('mysql:host=127....', 'root', Object(SensitiveParameterValue), Array)
#1 D:/Eureka/EducatioWeb/EducatioWeb_PriSec-main/vendor/laravel/framework/src/Illuminate/Database/Connectors/Connector.php(44): Illuminate/Database/Connectors/Connector->createPdoConnection('mysql:host=127....', 'root', Object(SensitiveParameterValue), Array)
#2 D:/Eureka/EducatioWeb/EducatioWeb_PriSec-main/vendor/laravel/framework/src/Illuminate/Database/Connectors/MySqlConnector.php(24): Illuminate/Database/Connectors/Connector->createConnection('mysql:host=127....', Array, Array)
#3 D:/Eureka/EducatioWeb/EducatioWeb_PriSec-main/vendor/laravel/framework/src/Illuminate/Database/Connectors/ConnectionFactory.php(188): Illuminate/Database/Connectors/MySqlConnector->connect(Array)
#4 [internal function]: Illuminate/Database/Connectors/ConnectionFactory->Illuminate/Database/Connectors/{closure}()
#5 D:/Eureka/EducatioWeb/EducatioWeb_PriSec-main/vendor/laravel/framework/src/Illuminate/Database/Connection.php(1279): call_user_func(Object(Closure))
#6 D:/Eureka/EducatioWeb/EducatioWeb_PriSec-main/vendor/laravel/framework/src/Illuminate/Database/Connection.php(1317): Illuminate/Database/Connection->getPdo()
#7 D:/Eureka/EducatioWeb/EducatioWeb_PriSec-main/vendor/laravel/framework/src/Illuminate/Database/Connection.php(528): Illuminate/Database/Connection->getReadPdo()
#8 D:/Eureka/EducatioWeb/EducatioWeb_PriSec-main/vendor/laravel/framework/src/Illuminate/Database/Connection.php(421): Illuminate/Database/Connection->getPdoForSelect(true)
#9 D:/Eureka/EducatioWeb/EducatioWeb_PriSec-main/vendor/laravel/framework/src/Illuminate/Database/Connection.php(830): Illuminate/Database/Connection->Illuminate/Database/{closure}('select * from `...', Array)
#10 D:/Eureka/EducatioWeb/EducatioWeb_PriSec-main/vendor/laravel/framework/src/Illuminate/Database/Connection.php(797): Illuminate/Database/Connection->runQueryCallback('select * from `...', Array, Object(Closure))
#11 D:/Eureka/EducatioWeb/EducatioWeb_PriSec-main/vendor/laravel/framework/src/Illuminate/Database/Connection.php(412): Illuminate/Database/Connection->run('select * from `...', Array, Object(Closure))
#12 D:/Eureka/EducatioWeb/EducatioWeb_PriSec-main/vendor/laravel/framework/src/Illuminate/Database/Query/Builder.php(3567): Illuminate/Database/Connection->select('select * from `...', Array, true, Array)
#13 D:/Eureka/EducatioWeb/EducatioWeb_PriSec-main/vendor/laravel/framework/src/Illuminate/Database/Query/Builder.php(3551): Illuminate/Database/Query/Builder->runSelect()
#14 D:/Eureka/EducatioWeb/EducatioWeb_PriSec-main/vendor/laravel/framework/src/Illuminate/Cache/DatabaseStore.php(142): Illuminate/Database/Query/Builder->get()
#15 D:/Eureka/EducatioWeb/EducatioWeb_PriSec-main/vendor/laravel/framework/src/Illuminate/Cache/Repository.php(160): Illuminate/Cache/DatabaseStore->many(Array)
#16 D:/Eureka/EducatioWeb/EducatioWeb_PriSec-main/vendor/laravel/framework/src/Illuminate/Queue/QueueManager.php(298): Illuminate/Cache/Repository->many(Array)
#17 D:/Eureka/EducatioWeb/EducatioWeb_PriSec-main/vendor/laravel/framework/src/Illuminate/Queue/Worker.php(483): Illuminate/Queue/QueueManager->getPausedQueues('database', Array)
#18 D:/Eureka/EducatioWeb/EducatioWeb_PriSec-main/vendor/laravel/framework/src/Illuminate/Queue/Worker.php(444): Illuminate/Queue/Worker->getPausedQueues('database', Array)
#19 D:/Eureka/EducatioWeb/EducatioWeb_PriSec-main/vendor/laravel/framework/src/Illuminate/Queue/Worker.php(404): Illuminate/Queue/Worker->getNextJob(Object(Illuminate/Queue/DatabaseQueue), 'default')
#20 D:/Eureka/EducatioWeb/EducatioWeb_PriSec-main/vendor/laravel/framework/src/Illuminate/Queue/Console/WorkCommand.php(149): Illuminate/Queue/Worker->runNextJob('database', 'default', Object(Illuminate/Queue/WorkerOptions))
#21 D:/Eureka/EducatioWeb/EducatioWeb_PriSec-main/vendor/laravel/framework/src/Illuminate/Queue/Console/WorkCommand.php(132): Illuminate/Queue/Console/WorkCommand->runWorker('database', 'default')
#22 D:/Eureka/EducatioWeb/EducatioWeb_PriSec-main/vendor/laravel/framework/src/Illuminate/Container/BoundMethod.php(36): Illuminate/Queue/Console/WorkCommand->handle()
#23 D:/Eureka/EducatioWeb/EducatioWeb_PriSec-main/vendor/laravel/framework/src/Illuminate/Container/Util.php(43): Illuminate/Container/BoundMethod::Illuminate/Container/{closure}()
#24 D:/Eureka/EducatioWeb/EducatioWeb_PriSec-main/vendor/laravel/framework/src/Illuminate/Container/BoundMethod.php(96): Illuminate/Container/Util::unwrapIfClosure(Object(Closure))
#25 D:/Eureka/EducatioWeb/EducatioWeb_PriSec-main/vendor/laravel/framework/src/Illuminate/Container/BoundMethod.php(35): Illuminate/Container/BoundMethod::callBoundMethod(Object(Illuminate/Foundation/Application), Array, Object(Closure))
#26 D:/Eureka/EducatioWeb/EducatioWeb_PriSec-main/vendor/laravel/framework/src/Illuminate/Container/Container.php(799): Illuminate/Container/BoundMethod::call(Object(Illuminate/Foundation/Application), Array, Array, NULL)
#27 D:/Eureka/EducatioWeb/EducatioWeb_PriSec-main/vendor/laravel/framework/src/Illuminate/Console/Command.php(280): Illuminate/Container/Container->call(Array)
#28 D:/Eureka/EducatioWeb/EducatioWeb_PriSec-main/vendor/symfony/console/Command/Command.php(341): Illuminate/Console/Command->execute(Object(Symfony/Component/Console/Input/ArgvInput), Object(Illuminate/Console/OutputStyle))
#29 D:/Eureka/EducatioWeb/EducatioWeb_PriSec-main/vendor/laravel/framework/src/Illuminate/Console/Command.php(249): Symfony/Component/Console/Command/Command->run(Object(Symfony/Component/Console/Input/ArgvInput), Object(Illuminate/Console/OutputStyle))
#30 D:/Eureka/EducatioWeb/EducatioWeb_PriSec-main/vendor/symfony/console/Application.php(1117): Illuminate/Console/Command->run(Object(Symfony/Component/Console/Input/ArgvInput), Object(Symfony/Component/Console/Output/ConsoleOutput))
#31 D:/Eureka/EducatioWeb/EducatioWeb_PriSec-main/vendor/symfony/console/Application.php(356): Symfony/Component/Console/Application->doRunCommand(Object(Illuminate/Queue/Console/WorkCommand), Object(Symfony/Component/Console/Input/ArgvInput), Object(Symfony/Component/Console/Output/ConsoleOutput))
#32 D:/Eureka/EducatioWeb/EducatioWeb_PriSec-main/vendor/symfony/console/Application.php(195): Symfony/Component/Console/Application->doRun(Object(Symfony/Component/Console/Input/ArgvInput), Object(Symfony/Component/Console/Output/ConsoleOutput))
#33 D:/Eureka/EducatioWeb/EducatioWeb_PriSec-main/vendor/laravel/framework/src/Illuminate/Foundation/Console/Kernel.php(198): Symfony/Component/Console/Application->run(Object(Symfony/Component/Console/Input/ArgvInput), Object(Symfony/Component/Console/Output/ConsoleOutput))
#34 D:/Eureka/EducatioWeb/EducatioWeb_PriSec-main/vendor/laravel/framework/src/Illuminate/Foundation/Application.php(1235): Illuminate/Foundation/Console/Kernel->handle(Object(Symfony/Component/Console/Input/ArgvInput), Object(Symfony/Component/Console/Output/ConsoleOutput))
#35 D:/Eureka/EducatioWeb/EducatioWeb_PriSec-main/artisan(16): Illuminate/Foundation/Application->handleCommand(Object(Symfony/Component/Console/Input/ArgvInput))
#36 {main}
"} 
[2026-07-29 08:46:35] local.ERROR: SQLSTATE[HY000] [2002] No se puede establecer una conexión ya que el equipo de destino denegó expresamente dicha conexión (Connection: mariadb, Host: 127.0.0.1, Port: 3306, Database: educatioweb01db, SQL: select * from `cache` where `key` in (eureframework-cache-illuminate:queue:paused:database:default)) {"exception":"[object] (Illuminate\\Database\\QueryException(code: 2002): SQLSTATE[HY000] [2002] No se puede establecer una conexión ya que el equipo de destino denegó expresamente dicha conexión (Connection: mariadb, Host: 127.0.0.1, Port: 3306, Database: educatioweb01db, SQL: select * from `cache` where `key` in (eureframework-cache-illuminate:queue:paused:database:default)) at D:/Eureka/EducatioWeb/EducatioWeb_PriSec-main/vendor/laravel/framework/src/Illuminate/Database/Connection.php:841)
[stacktrace]
#0 D:/Eureka/EducatioWeb/EducatioWeb_PriSec-main/vendor/laravel/framework/src/Illuminate/Database/Connection.php(797): Illuminate/Database/Connection->runQueryCallback('select * from `...', Array, Object(Closure))
#1 D:/Eureka/EducatioWeb/EducatioWeb_PriSec-main/vendor/laravel/framework/src/Illuminate/Database/Connection.php(412): Illuminate/Database/Connection->run('select * from `...', Array, Object(Closure))
#2 D:/Eureka/EducatioWeb/EducatioWeb_PriSec-main/vendor/laravel/framework/src/Illuminate/Database/Query/Builder.php(3567): Illuminate/Database/Connection->select('select * from `...', Array, true, Array)
#3 D:/Eureka/EducatioWeb/EducatioWeb_PriSec-main/vendor/laravel/framework/src/Illuminate/Database/Query/Builder.php(3551): Illuminate/Database/Query/Builder->runSelect()
#4 D:/Eureka/EducatioWeb/EducatioWeb_PriSec-main/vendor/laravel/framework/src/Illuminate/Cache/DatabaseStore.php(142): Illuminate/Database/Query/Builder->get()
#5 D:/Eureka/EducatioWeb/EducatioWeb_PriSec-main/vendor/laravel/framework/src/Illuminate/Cache/Repository.php(160): Illuminate/Cache/DatabaseStore->many(Array)
#6 D:/Eureka/EducatioWeb/EducatioWeb_PriSec-main/vendor/laravel/framework/src/Illuminate/Queue/QueueManager.php(298): Illuminate/Cache/Repository->many(Array)
#7 D:/Eureka/EducatioWeb/EducatioWeb_PriSec-main/vendor/laravel/framework/src/Illuminate/Queue/Worker.php(483): Illuminate/Queue/QueueManager->getPausedQueues('database', Array)
#8 D:/Eureka/EducatioWeb/EducatioWeb_PriSec-main/vendor/laravel/framework/src/Illuminate/Queue/Worker.php(444): Illuminate/Queue/Worker->getPausedQueues('database', Array)
#9 D:/Eureka/EducatioWeb/EducatioWeb_PriSec-main/vendor/laravel/framework/src/Illuminate/Queue/Worker.php(404): Illuminate/Queue/Worker->getNextJob(Object(Illuminate/Queue/DatabaseQueue), 'default')
#10 D:/Eureka/EducatioWeb/EducatioWeb_PriSec-main/vendor/laravel/framework/src/Illuminate/Queue/Console/WorkCommand.php(149): Illuminate/Queue/Worker->runNextJob('database', 'default', Object(Illuminate/Queue/WorkerOptions))
#11 D:/Eureka/EducatioWeb/EducatioWeb_PriSec-main/vendor/laravel/framework/src/Illuminate/Queue/Console/WorkCommand.php(132): Illuminate/Queue/Console/WorkCommand->runWorker('database', 'default')
#12 D:/Eureka/EducatioWeb/EducatioWeb_PriSec-main/vendor/laravel/framework/src/Illuminate/Container/BoundMethod.php(36): Illuminate/Queue/Console/WorkCommand->handle()
#13 D:/Eureka/EducatioWeb/EducatioWeb_PriSec-main/vendor/laravel/framework/src/Illuminate/Container/Util.php(43): Illuminate/Container/BoundMethod::Illuminate/Container/{closure}()
#14 D:/Eureka/EducatioWeb/EducatioWeb_PriSec-main/vendor/laravel/framework/src/Illuminate/Container/BoundMethod.php(96): Illuminate/Container/Util::unwrapIfClosure(Object(Closure))
#15 D:/Eureka/EducatioWeb/EducatioWeb_PriSec-main/vendor/laravel/framework/src/Illuminate/Container/BoundMethod.php(35): Illuminate/Container/BoundMethod::callBoundMethod(Object(Illuminate/Foundation/Application), Array, Object(Closure))
#16 D:/Eureka/EducatioWeb/EducatioWeb_PriSec-main/vendor/laravel/framework/src/Illuminate/Container/Container.php(799): Illuminate/Container/BoundMethod::call(Object(Illuminate/Foundation/Application), Array, Array, NULL)
#17 D:/Eureka/EducatioWeb/EducatioWeb_PriSec-main/vendor/laravel/framework/src/Illuminate/Console/Command.php(280): Illuminate/Container/Container->call(Array)
#18 D:/Eureka/EducatioWeb/EducatioWeb_PriSec-main/vendor/symfony/console/Command/Command.php(341): Illuminate/Console/Command->execute(Object(Symfony/Component/Console/Input/ArgvInput), Object(Illuminate/Console/OutputStyle))
#19 D:/Eureka/EducatioWeb/EducatioWeb_PriSec-main/vendor/laravel/framework/src/Illuminate/Console/Command.php(249): Symfony/Component/Console/Command/Command->run(Object(Symfony/Component/Console/Input/ArgvInput), Object(Illuminate/Console/OutputStyle))
#20 D:/Eureka/EducatioWeb/EducatioWeb_PriSec-main/vendor/symfony/console/Application.php(1117): Illuminate/Console/Command->run(Object(Symfony/Component/Console/Input/ArgvInput), Object(Symfony/Component/Console/Output/ConsoleOutput))
#21 D:/Eureka/EducatioWeb/EducatioWeb_PriSec-main/vendor/symfony/console/Application.php(356): Symfony/Component/Console/Application->doRunCommand(Object(Illuminate/Queue/Console/WorkCommand), Object(Symfony/Component/Console/Input/ArgvInput), Object(Symfony/Component/Console/Output/ConsoleOutput))
#22 D:/Eureka/EducatioWeb/EducatioWeb_PriSec-main/vendor/symfony/console/Application.php(195): Symfony/Component/Console/Application->doRun(Object(Symfony/Component/Console/Input/ArgvInput), Object(Symfony/Component/Console/Output/ConsoleOutput))
#23 D:/Eureka/EducatioWeb/EducatioWeb_PriSec-main/vendor/laravel/framework/src/Illuminate/Foundation/Console/Kernel.php(198): Symfony/Component/Console/Application->run(Object(Symfony/Component/Console/Input/ArgvInput), Object(Symfony/Component/Console/Output/ConsoleOutput))
#24 D:/Eureka/EducatioWeb/EducatioWeb_PriSec-main/vendor/laravel/framework/src/Illuminate/Foundation/Application.php(1235): Illuminate/Foundation/Console/Kernel->handle(Object(Symfony/Component/Console/Input/ArgvInput), Object(Symfony/Component/Console/Output/ConsoleOutput))
#25 D:/Eureka/EducatioWeb/EducatioWeb_PriSec-main/artisan(16): Illuminate/Foundation/Application->handleCommand(Object(Symfony/Component/Console/Input/ArgvInput))
#26 {main}

[previous exception] [object] (PDOException(code: 2002): SQLSTATE[HY000] [2002] No se puede establecer una conexión ya que el equipo de destino denegó expresamente dicha conexión at D:/Eureka/EducatioWeb/EducatioWeb_PriSec-main/vendor/laravel/framework/src/Illuminate/Database/Connectors/Connector.php:66)
[stacktrace]
#0 D:/Eureka/EducatioWeb/EducatioWeb_PriSec-main/vendor/laravel/framework/src/Illuminate/Database/Connectors/Connector.php(66): PDO->__construct('mysql:host=127....', 'root', Object(SensitiveParameterValue), Array)
#1 D:/Eureka/EducatioWeb/EducatioWeb_PriSec-main/vendor/laravel/framework/src/Illuminate/Database/Connectors/Connector.php(44): Illuminate/Database/Connectors/Connector->createPdoConnection('mysql:host=127....', 'root', Object(SensitiveParameterValue), Array)
#2 D:/Eureka/EducatioWeb/EducatioWeb_PriSec-main/vendor/laravel/framework/src/Illuminate/Database/Connectors/MySqlConnector.php(24): Illuminate/Database/Connectors/Connector->createConnection('mysql:host=127....', Array, Array)
#3 D:/Eureka/EducatioWeb/EducatioWeb_PriSec-main/vendor/laravel/framework/src/Illuminate/Database/Connectors/ConnectionFactory.php(188): Illuminate/Database/Connectors/MySqlConnector->connect(Array)
#4 [internal function]: Illuminate/Database/Connectors/ConnectionFactory->Illuminate/Database/Connectors/{closure}()
#5 D:/Eureka/EducatioWeb/EducatioWeb_PriSec-main/vendor/laravel/framework/src/Illuminate/Database/Connection.php(1279): call_user_func(Object(Closure))
#6 D:/Eureka/EducatioWeb/EducatioWeb_PriSec-main/vendor/laravel/framework/src/Illuminate/Database/Connection.php(1317): Illuminate/Database/Connection->getPdo()
#7 D:/Eureka/EducatioWeb/EducatioWeb_PriSec-main/vendor/laravel/framework/src/Illuminate/Database/Connection.php(528): Illuminate/Database/Connection->getReadPdo()
#8 D:/Eureka/EducatioWeb/EducatioWeb_PriSec-main/vendor/laravel/framework/src/Illuminate/Database/Connection.php(421): Illuminate/Database/Connection->getPdoForSelect(true)
#9 D:/Eureka/EducatioWeb/EducatioWeb_PriSec-main/vendor/laravel/framework/src/Illuminate/Database/Connection.php(830): Illuminate/Database/Connection->Illuminate/Database/{closure}('select * from `...', Array)
#10 D:/Eureka/EducatioWeb/EducatioWeb_PriSec-main/vendor/laravel/framework/src/Illuminate/Database/Connection.php(797): Illuminate/Database/Connection->runQueryCallback('select * from `...', Array, Object(Closure))
#11 D:/Eureka/EducatioWeb/EducatioWeb_PriSec-main/vendor/laravel/framework/src/Illuminate/Database/Connection.php(412): Illuminate/Database/Connection->run('select * from `...', Array, Object(Closure))
#12 D:/Eureka/EducatioWeb/EducatioWeb_PriSec-main/vendor/laravel/framework/src/Illuminate/Database/Query/Builder.php(3567): Illuminate/Database/Connection->select('select * from `...', Array, true, Array)
#13 D:/Eureka/EducatioWeb/EducatioWeb_PriSec-main/vendor/laravel/framework/src/Illuminate/Database/Query/Builder.php(3551): Illuminate/Database/Query/Builder->runSelect()
#14 D:/Eureka/EducatioWeb/EducatioWeb_PriSec-main/vendor/laravel/framework/src/Illuminate/Cache/DatabaseStore.php(142): Illuminate/Database/Query/Builder->get()
#15 D:/Eureka/EducatioWeb/EducatioWeb_PriSec-main/vendor/laravel/framework/src/Illuminate/Cache/Repository.php(160): Illuminate/Cache/DatabaseStore->many(Array)
#16 D:/Eureka/EducatioWeb/EducatioWeb_PriSec-main/vendor/laravel/framework/src/Illuminate/Queue/QueueManager.php(298): Illuminate/Cache/Repository->many(Array)
#17 D:/Eureka/EducatioWeb/EducatioWeb_PriSec-main/vendor/laravel/framework/src/Illuminate/Queue/Worker.php(483): Illuminate/Queue/QueueManager->getPausedQueues('database', Array)
#18 D:/Eureka/EducatioWeb/EducatioWeb_PriSec-main/vendor/laravel/framework/src/Illuminate/Queue/Worker.php(444): Illuminate/Queue/Worker->getPausedQueues('database', Array)
#19 D:/Eureka/EducatioWeb/EducatioWeb_PriSec-main/vendor/laravel/framework/src/Illuminate/Queue/Worker.php(404): Illuminate/Queue/Worker->getNextJob(Object(Illuminate/Queue/DatabaseQueue), 'default')
#20 D:/Eureka/EducatioWeb/EducatioWeb_PriSec-main/vendor/laravel/framework/src/Illuminate/Queue/Console/WorkCommand.php(149): Illuminate/Queue/Worker->runNextJob('database', 'default', Object(Illuminate/Queue/WorkerOptions))
#21 D:/Eureka/EducatioWeb/EducatioWeb_PriSec-main/vendor/laravel/framework/src/Illuminate/Queue/Console/WorkCommand.php(132): Illuminate/Queue/Console/WorkCommand->runWorker('database', 'default')
#22 D:/Eureka/EducatioWeb/EducatioWeb_PriSec-main/vendor/laravel/framework/src/Illuminate/Container/BoundMethod.php(36): Illuminate/Queue/Console/WorkCommand->handle()
#23 D:/Eureka/EducatioWeb/EducatioWeb_PriSec-main/vendor/laravel/framework/src/Illuminate/Container/Util.php(43): Illuminate/Container/BoundMethod::Illuminate/Container/{closure}()
#24 D:/Eureka/EducatioWeb/EducatioWeb_PriSec-main/vendor/laravel/framework/src/Illuminate/Container/BoundMethod.php(96): Illuminate/Container/Util::unwrapIfClosure(Object(Closure))
#25 D:/Eureka/EducatioWeb/EducatioWeb_PriSec-main/vendor/laravel/framework/src/Illuminate/Container/BoundMethod.php(35): Illuminate/Container/BoundMethod::callBoundMethod(Object(Illuminate/Foundation/Application), Array, Object(Closure))
#26 D:/Eureka/EducatioWeb/EducatioWeb_PriSec-main/vendor/laravel/framework/src/Illuminate/Container/Container.php(799): Illuminate/Container/BoundMethod::call(Object(Illuminate/Foundation/Application), Array, Array, NULL)
#27 D:/Eureka/EducatioWeb/EducatioWeb_PriSec-main/vendor/laravel/framework/src/Illuminate/Console/Command.php(280): Illuminate/Container/Container->call(Array)
#28 D:/Eureka/EducatioWeb/EducatioWeb_PriSec-main/vendor/symfony/console/Command/Command.php(341): Illuminate/Console/Command->execute(Object(Symfony/Component/Console/Input/ArgvInput), Object(Illuminate/Console/OutputStyle))
#29 D:/Eureka/EducatioWeb/EducatioWeb_PriSec-main/vendor/laravel/framework/src/Illuminate/Console/Command.php(249): Symfony/Component/Console/Command/Command->run(Object(Symfony/Component/Console/Input/ArgvInput), Object(Illuminate/Console/OutputStyle))
#30 D:/Eureka/EducatioWeb/EducatioWeb_PriSec-main/vendor/symfony/console/Application.php(1117): Illuminate/Console/Command->run(Object(Symfony/Component/Console/Input/ArgvInput), Object(Symfony/Component/Console/Output/ConsoleOutput))
#31 D:/Eureka/EducatioWeb/EducatioWeb_PriSec-main/vendor/symfony/console/Application.php(356): Symfony/Component/Console/Application->doRunCommand(Object(Illuminate/Queue/Console/WorkCommand), Object(Symfony/Component/Console/Input/ArgvInput), Object(Symfony/Component/Console/Output/ConsoleOutput))
#32 D:/Eureka/EducatioWeb/EducatioWeb_PriSec-main/vendor/symfony/console/Application.php(195): Symfony/Component/Console/Application->doRun(Object(Symfony/Component/Console/Input/ArgvInput), Object(Symfony/Component/Console/Output/ConsoleOutput))
#33 D:/Eureka/EducatioWeb/EducatioWeb_PriSec-main/vendor/laravel/framework/src/Illuminate/Foundation/Console/Kernel.php(198): Symfony/Component/Console/Application->run(Object(Symfony/Component/Console/Input/ArgvInput), Object(Symfony/Component/Console/Output/ConsoleOutput))
#34 D:/Eureka/EducatioWeb/EducatioWeb_PriSec-main/vendor/laravel/framework/src/Illuminate/Foundation/Application.php(1235): Illuminate/Foundation/Console/Kernel->handle(Object(Symfony/Component/Console/Input/ArgvInput), Object(Symfony/Component/Console/Output/ConsoleOutput))
#35 D:/Eureka/EducatioWeb/EducatioWeb_PriSec-main/artisan(16): Illuminate/Foundation/Application->handleCommand(Object(Symfony/Component/Console/Input/ArgvInput))
#36 {main}
"} 
[2026-07-29 08:46:42] local.ERROR: SQLSTATE[HY000] [2002] No se puede establecer una conexión ya que el equipo de destino denegó expresamente dicha conexión (Connection: mariadb, Host: 127.0.0.1, Port: 3306, Database: educatioweb01db, SQL: select * from `cache` where `key` in (eureframework-cache-illuminate:queue:paused:database:default)) {"exception":"[object] (Illuminate\\Database\\QueryException(code: 2002): SQLSTATE[HY000] [2002] No se puede establecer una conexión ya que el equipo de destino denegó expresamente dicha conexión (Connection: mariadb, Host: 127.0.0.1, Port: 3306, Database: educatioweb01db, SQL: select * from `cache` where `key` in (eureframework-cache-illuminate:queue:paused:database:default)) at D:/Eureka/EducatioWeb/EducatioWeb_PriSec-main/vendor/laravel/framework/src/Illuminate/Database/Connection.php:841)
[stacktrace]
#0 D:/Eureka/EducatioWeb/EducatioWeb_PriSec-main/vendor/laravel/framework/src/Illuminate/Database/Connection.php(797): Illuminate/Database/Connection->runQueryCallback('select * from `...', Array, Object(Closure))
#1 D:/Eureka/EducatioWeb/EducatioWeb_PriSec-main/vendor/laravel/framework/src/Illuminate/Database/Connection.php(412): Illuminate/Database/Connection->run('select * from `...', Array, Object(Closure))
#2 D:/Eureka/EducatioWeb/EducatioWeb_PriSec-main/vendor/laravel/framework/src/Illuminate/Database/Query/Builder.php(3567): Illuminate/Database/Connection->select('select * from `...', Array, true, Array)
#3 D:/Eureka/EducatioWeb/EducatioWeb_PriSec-main/vendor/laravel/framework/src/Illuminate/Database/Query/Builder.php(3551): Illuminate/Database/Query/Builder->runSelect()
#4 D:/Eureka/EducatioWeb/EducatioWeb_PriSec-main/vendor/laravel/framework/src/Illuminate/Cache/DatabaseStore.php(142): Illuminate/Database/Query/Builder->get()
#5 D:/Eureka/EducatioWeb/EducatioWeb_PriSec-main/vendor/laravel/framework/src/Illuminate/Cache/Repository.php(160): Illuminate/Cache/DatabaseStore->many(Array)
#6 D:/Eureka/EducatioWeb/EducatioWeb_PriSec-main/vendor/laravel/framework/src/Illuminate/Queue/QueueManager.php(298): Illuminate/Cache/Repository->many(Array)
#7 D:/Eureka/EducatioWeb/EducatioWeb_PriSec-main/vendor/laravel/framework/src/Illuminate/Queue/Worker.php(483): Illuminate/Queue/QueueManager->getPausedQueues('database', Array)
#8 D:/Eureka/EducatioWeb/EducatioWeb_PriSec-main/vendor/laravel/framework/src/Illuminate/Queue/Worker.php(444): Illuminate/Queue/Worker->getPausedQueues('database', Array)
#9 D:/Eureka/EducatioWeb/EducatioWeb_PriSec-main/vendor/laravel/framework/src/Illuminate/Queue/Worker.php(404): Illuminate/Queue/Worker->getNextJob(Object(Illuminate/Queue/DatabaseQueue), 'default')
#10 D:/Eureka/EducatioWeb/EducatioWeb_PriSec-main/vendor/laravel/framework/src/Illuminate/Queue/Console/WorkCommand.php(149): Illuminate/Queue/Worker->runNextJob('database', 'default', Object(Illuminate/Queue/WorkerOptions))
#11 D:/Eureka/EducatioWeb/EducatioWeb_PriSec-main/vendor/laravel/framework/src/Illuminate/Queue/Console/WorkCommand.php(132): Illuminate/Queue/Console/WorkCommand->runWorker('database', 'default')
#12 D:/Eureka/EducatioWeb/EducatioWeb_PriSec-main/vendor/laravel/framework/src/Illuminate/Container/BoundMethod.php(36): Illuminate/Queue/Console/WorkCommand->handle()
#13 D:/Eureka/EducatioWeb/EducatioWeb_PriSec-main/vendor/laravel/framework/src/Illuminate/Container/Util.php(43): Illuminate/Container/BoundMethod::Illuminate/Container/{closure}()
#14 D:/Eureka/EducatioWeb/EducatioWeb_PriSec-main/vendor/laravel/framework/src/Illuminate/Container/BoundMethod.php(96): Illuminate/Container/Util::unwrapIfClosure(Object(Closure))
#15 D:/Eureka/EducatioWeb/EducatioWeb_PriSec-main/vendor/laravel/framework/src/Illuminate/Container/BoundMethod.php(35): Illuminate/Container/BoundMethod::callBoundMethod(Object(Illuminate/Foundation/Application), Array, Object(Closure))
#16 D:/Eureka/EducatioWeb/EducatioWeb_PriSec-main/vendor/laravel/framework/src/Illuminate/Container/Container.php(799): Illuminate/Container/BoundMethod::call(Object(Illuminate/Foundation/Application), Array, Array, NULL)
#17 D:/Eureka/EducatioWeb/EducatioWeb_PriSec-main/vendor/laravel/framework/src/Illuminate/Console/Command.php(280): Illuminate/Container/Container->call(Array)
#18 D:/Eureka/EducatioWeb/EducatioWeb_PriSec-main/vendor/symfony/console/Command/Command.php(341): Illuminate/Console/Command->execute(Object(Symfony/Component/Console/Input/ArgvInput), Object(Illuminate/Console/OutputStyle))
#19 D:/Eureka/EducatioWeb/EducatioWeb_PriSec-main/vendor/laravel/framework/src/Illuminate/Console/Command.php(249): Symfony/Component/Console/Command/Command->run(Object(Symfony/Component/Console/Input/ArgvInput), Object(Illuminate/Console/OutputStyle))
#20 D:/Eureka/EducatioWeb/EducatioWeb_PriSec-main/vendor/symfony/console/Application.php(1117): Illuminate/Console/Command->run(Object(Symfony/Component/Console/Input/ArgvInput), Object(Symfony/Component/Console/Output/ConsoleOutput))
#21 D:/Eureka/EducatioWeb/EducatioWeb_PriSec-main/vendor/symfony/console/Application.php(356): Symfony/Component/Console/Application->doRunCommand(Object(Illuminate/Queue/Console/WorkCommand), Object(Symfony/Component/Console/Input/ArgvInput), Object(Symfony/Component/Console/Output/ConsoleOutput))
#22 D:/Eureka/EducatioWeb/EducatioWeb_PriSec-main/vendor/symfony/console/Application.php(195): Symfony/Component/Console/Application->doRun(Object(Symfony/Component/Console/Input/ArgvInput), Object(Symfony/Component/Console/Output/ConsoleOutput))
#23 D:/Eureka/EducatioWeb/EducatioWeb_PriSec-main/vendor/laravel/framework/src/Illuminate/Foundation/Console/Kernel.php(198): Symfony/Component/Console/Application->run(Object(Symfony/Component/Console/Input/ArgvInput), Object(Symfony/Component/Console/Output/ConsoleOutput))
#24 D:/Eureka/EducatioWeb/EducatioWeb_PriSec-main/vendor/laravel/framework/src/Illuminate/Foundation/Application.php(1235): Illuminate/Foundation/Console/Kernel->handle(Object(Symfony/Component/Console/Input/ArgvInput), Object(Symfony/Component/Console/Output/ConsoleOutput))
#25 D:/Eureka/EducatioWeb/EducatioWeb_PriSec-main/artisan(16): Illuminate/Foundation/Application->handleCommand(Object(Symfony/Component/Console/Input/ArgvInput))
#26 {main}

[previous exception] [object] (PDOException(code: 2002): SQLSTATE[HY000] [2002] No se puede establecer una conexión ya que el equipo de destino denegó expresamente dicha conexión at D:/Eureka/EducatioWeb/EducatioWeb_PriSec-main/vendor/laravel/framework/src/Illuminate/Database/Connectors/Connector.php:66)
[stacktrace]
#0 D:/Eureka/EducatioWeb/EducatioWeb_PriSec-main/vendor/laravel/framework/src/Illuminate/Database/Connectors/Connector.php(66): PDO->__construct('mysql:host=127....', 'root', Object(SensitiveParameterValue), Array)
#1 D:/Eureka/EducatioWeb/EducatioWeb_PriSec-main/vendor/laravel/framework/src/Illuminate/Database/Connectors/Connector.php(44): Illuminate/Database/Connectors/Connector->createPdoConnection('mysql:host=127....', 'root', Object(SensitiveParameterValue), Array)
#2 D:/Eureka/EducatioWeb/EducatioWeb_PriSec-main/vendor/laravel/framework/src/Illuminate/Database/Connectors/MySqlConnector.php(24): Illuminate/Database/Connectors/Connector->createConnection('mysql:host=127....', Array, Array)
#3 D:/Eureka/EducatioWeb/EducatioWeb_PriSec-main/vendor/laravel/framework/src/Illuminate/Database/Connectors/ConnectionFactory.php(188): Illuminate/Database/Connectors/MySqlConnector->connect(Array)
#4 [internal function]: Illuminate/Database/Connectors/ConnectionFactory->Illuminate/Database/Connectors/{closure}()
#5 D:/Eureka/EducatioWeb/EducatioWeb_PriSec-main/vendor/laravel/framework/src/Illuminate/Database/Connection.php(1279): call_user_func(Object(Closure))
#6 D:/Eureka/EducatioWeb/EducatioWeb_PriSec-main/vendor/laravel/framework/src/Illuminate/Database/Connection.php(1317): Illuminate/Database/Connection->getPdo()
#7 D:/Eureka/EducatioWeb/EducatioWeb_PriSec-main/vendor/laravel/framework/src/Illuminate/Database/Connection.php(528): Illuminate/Database/Connection->getReadPdo()
#8 D:/Eureka/EducatioWeb/EducatioWeb_PriSec-main/vendor/laravel/framework/src/Illuminate/Database/Connection.php(421): Illuminate/Database/Connection->getPdoForSelect(true)
#9 D:/Eureka/EducatioWeb/EducatioWeb_PriSec-main/vendor/laravel/framework/src/Illuminate/Database/Connection.php(830): Illuminate/Database/Connection->Illuminate/Database/{closure}('select * from `...', Array)
#10 D:/Eureka/EducatioWeb/EducatioWeb_PriSec-main/vendor/laravel/framework/src/Illuminate/Database/Connection.php(797): Illuminate/Database/Connection->runQueryCallback('select * from `...', Array, Object(Closure))
#11 D:/Eureka/EducatioWeb/EducatioWeb_PriSec-main/vendor/laravel/framework/src/Illuminate/Database/Connection.php(412): Illuminate/Database/Connection->run('select * from `...', Array, Object(Closure))
#12 D:/Eureka/EducatioWeb/EducatioWeb_PriSec-main/vendor/laravel/framework/src/Illuminate/Database/Query/Builder.php(3567): Illuminate/Database/Connection->select('select * from `...', Array, true, Array)
#13 D:/Eureka/EducatioWeb/EducatioWeb_PriSec-main/vendor/laravel/framework/src/Illuminate/Database/Query/Builder.php(3551): Illuminate/Database/Query/Builder->runSelect()
#14 D:/Eureka/EducatioWeb/EducatioWeb_PriSec-main/vendor/laravel/framework/src/Illuminate/Cache/DatabaseStore.php(142): Illuminate/Database/Query/Builder->get()
#15 D:/Eureka/EducatioWeb/EducatioWeb_PriSec-main/vendor/laravel/framework/src/Illuminate/Cache/Repository.php(160): Illuminate/Cache/DatabaseStore->many(Array)
#16 D:/Eureka/EducatioWeb/EducatioWeb_PriSec-main/vendor/laravel/framework/src/Illuminate/Queue/QueueManager.php(298): Illuminate/Cache/Repository->many(Array)
#17 D:/Eureka/EducatioWeb/EducatioWeb_PriSec-main/vendor/laravel/framework/src/Illuminate/Queue/Worker.php(483): Illuminate/Queue/QueueManager->getPausedQueues('database', Array)
#18 D:/Eureka/EducatioWeb/EducatioWeb_PriSec-main/vendor/laravel/framework/src/Illuminate/Queue/Worker.php(444): Illuminate/Queue/Worker->getPausedQueues('database', Array)
#19 D:/Eureka/EducatioWeb/EducatioWeb_PriSec-main/vendor/laravel/framework/src/Illuminate/Queue/Worker.php(404): Illuminate/Queue/Worker->getNextJob(Object(Illuminate/Queue/DatabaseQueue), 'default')
#20 D:/Eureka/EducatioWeb/EducatioWeb_PriSec-main/vendor/laravel/framework/src/Illuminate/Queue/Console/WorkCommand.php(149): Illuminate/Queue/Worker->runNextJob('database', 'default', Object(Illuminate/Queue/WorkerOptions))
#21 D:/Eureka/EducatioWeb/EducatioWeb_PriSec-main/vendor/laravel/framework/src/Illuminate/Queue/Console/WorkCommand.php(132): Illuminate/Queue/Console/WorkCommand->runWorker('database', 'default')
#22 D:/Eureka/EducatioWeb/EducatioWeb_PriSec-main/vendor/laravel/framework/src/Illuminate/Container/BoundMethod.php(36): Illuminate/Queue/Console/WorkCommand->handle()
#23 D:/Eureka/EducatioWeb/EducatioWeb_PriSec-main/vendor/laravel/framework/src/Illuminate/Container/Util.php(43): Illuminate/Container/BoundMethod::Illuminate/Container/{closure}()
#24 D:/Eureka/EducatioWeb/EducatioWeb_PriSec-main/vendor/laravel/framework/src/Illuminate/Container/BoundMethod.php(96): Illuminate/Container/Util::unwrapIfClosure(Object(Closure))
#25 D:/Eureka/EducatioWeb/EducatioWeb_PriSec-main/vendor/laravel/framework/src/Illuminate/Container/BoundMethod.php(35): Illuminate/Container/BoundMethod::callBoundMethod(Object(Illuminate/Foundation/Application), Array, Object(Closure))
#26 D:/Eureka/EducatioWeb/EducatioWeb_PriSec-main/vendor/laravel/framework/src/Illuminate/Container/Container.php(799): Illuminate/Container/BoundMethod::call(Object(Illuminate/Foundation/Application), Array, Array, NULL)
#27 D:/Eureka/EducatioWeb/EducatioWeb_PriSec-main/vendor/laravel/framework/src/Illuminate/Console/Command.php(280): Illuminate/Container/Container->call(Array)
#28 D:/Eureka/EducatioWeb/EducatioWeb_PriSec-main/vendor/symfony/console/Command/Command.php(341): Illuminate/Console/Command->execute(Object(Symfony/Component/Console/Input/ArgvInput), Object(Illuminate/Console/OutputStyle))
#29 D:/Eureka/EducatioWeb/EducatioWeb_PriSec-main/vendor/laravel/framework/src/Illuminate/Console/Command.php(249): Symfony/Component/Console/Command/Command->run(Object(Symfony/Component/Console/Input/ArgvInput), Object(Illuminate/Console/OutputStyle))
#30 D:/Eureka/EducatioWeb/EducatioWeb_PriSec-main/vendor/symfony/console/Application.php(1117): Illuminate/Console/Command->run(Object(Symfony/Component/Console/Input/ArgvInput), Object(Symfony/Component/Console/Output/ConsoleOutput))
#31 D:/Eureka/EducatioWeb/EducatioWeb_PriSec-main/vendor/symfony/console/Application.php(356): Symfony/Component/Console/Application->doRunCommand(Object(Illuminate/Queue/Console/WorkCommand), Object(Symfony/Component/Console/Input/ArgvInput), Object(Symfony/Component/Console/Output/ConsoleOutput))
#32 D:/Eureka/EducatioWeb/EducatioWeb_PriSec-main/vendor/symfony/console/Application.php(195): Symfony/Component/Console/Application->doRun(Object(Symfony/Component/Console/Input/ArgvInput), Object(Symfony/Component/Console/Output/ConsoleOutput))
#33 D:/Eureka/EducatioWeb/EducatioWeb_PriSec-main/vendor/laravel/framework/src/Illuminate/Foundation/Console/Kernel.php(198): Symfony/Component/Console/Application->run(Object(Symfony/Component/Console/Input/ArgvInput), Object(Symfony/Component/Console/Output/ConsoleOutput))
#34 D:/Eureka/EducatioWeb/EducatioWeb_PriSec-main/vendor/laravel/framework/src/Illuminate/Foundation/Application.php(1235): Illuminate/Foundation/Console/Kernel->handle(Object(Symfony/Component/Console/Input/ArgvInput), Object(Symfony/Component/Console/Output/ConsoleOutput))
#35 D:/Eureka/EducatioWeb/EducatioWeb_PriSec-main/artisan(16): Illuminate/Foundation/Application->handleCommand(Object(Symfony/Component/Console/Input/ArgvInput))
#36 {main}
"} 
[2026-07-29 08:46:48] local.ERROR: SQLSTATE[HY000] [2002] No se puede establecer una conexión ya que el equipo de destino denegó expresamente dicha conexión (Connection: mariadb, Host: 127.0.0.1, Port: 3306, Database: educatioweb01db, SQL: select * from `cache` where `key` in (eureframework-cache-illuminate:queue:paused:database:default)) {"exception":"[object] (Illuminate\\Database\\QueryException(code: 2002): SQLSTATE[HY000] [2002] No se puede establecer una conexión ya que el equipo de destino denegó expresamente dicha conexión (Connection: mariadb, Host: 127.0.0.1, Port: 3306, Database: educatioweb01db, SQL: select * from `cache` where `key` in (eureframework-cache-illuminate:queue:paused:database:default)) at D:/Eureka/EducatioWeb/EducatioWeb_PriSec-main/vendor/laravel/framework/src/Illuminate/Database/Connection.php:841)
[stacktrace]
#0 D:/Eureka/EducatioWeb/EducatioWeb_PriSec-main/vendor/laravel/framework/src/Illuminate/Database/Connection.php(797): Illuminate/Database/Connection->runQueryCallback('select * from `...', Array, Object(Closure))
#1 D:/Eureka/EducatioWeb/EducatioWeb_PriSec-main/vendor/laravel/framework/src/Illuminate/Database/Connection.php(412): Illuminate/Database/Connection->run('select * from `...', Array, Object(Closure))
#2 D:/Eureka/EducatioWeb/EducatioWeb_PriSec-main/vendor/laravel/framework/src/Illuminate/Database/Query/Builder.php(3567): Illuminate/Database/Connection->select('select * from `...', Array, true, Array)
#3 D:/Eureka/EducatioWeb/EducatioWeb_PriSec-main/vendor/laravel/framework/src/Illuminate/Database/Query/Builder.php(3551): Illuminate/Database/Query/Builder->runSelect()
#4 D:/Eureka/EducatioWeb/EducatioWeb_PriSec-main/vendor/laravel/framework/src/Illuminate/Cache/DatabaseStore.php(142): Illuminate/Database/Query/Builder->get()
#5 D:/Eureka/EducatioWeb/EducatioWeb_PriSec-main/vendor/laravel/framework/src/Illuminate/Cache/Repository.php(160): Illuminate/Cache/DatabaseStore->many(Array)
#6 D:/Eureka/EducatioWeb/EducatioWeb_PriSec-main/vendor/laravel/framework/src/Illuminate/Queue/QueueManager.php(298): Illuminate/Cache/Repository->many(Array)
#7 D:/Eureka/EducatioWeb/EducatioWeb_PriSec-main/vendor/laravel/framework/src/Illuminate/Queue/Worker.php(483): Illuminate/Queue/QueueManager->getPausedQueues('database', Array)
#8 D:/Eureka/EducatioWeb/EducatioWeb_PriSec-main/vendor/laravel/framework/src/Illuminate/Queue/Worker.php(444): Illuminate/Queue/Worker->getPausedQueues('database', Array)
#9 D:/Eureka/EducatioWeb/EducatioWeb_PriSec-main/vendor/laravel/framework/src/Illuminate/Queue/Worker.php(404): Illuminate/Queue/Worker->getNextJob(Object(Illuminate/Queue/DatabaseQueue), 'default')
#10 D:/Eureka/EducatioWeb/EducatioWeb_PriSec-main/vendor/laravel/framework/src/Illuminate/Queue/Console/WorkCommand.php(149): Illuminate/Queue/Worker->runNextJob('database', 'default', Object(Illuminate/Queue/WorkerOptions))
#11 D:/Eureka/EducatioWeb/EducatioWeb_PriSec-main/vendor/laravel/framework/src/Illuminate/Queue/Console/WorkCommand.php(132): Illuminate/Queue/Console/WorkCommand->runWorker('database', 'default')
#12 D:/Eureka/EducatioWeb/EducatioWeb_PriSec-main/vendor/laravel/framework/src/Illuminate/Container/BoundMethod.php(36): Illuminate/Queue/Console/WorkCommand->handle()
#13 D:/Eureka/EducatioWeb/EducatioWeb_PriSec-main/vendor/laravel/framework/src/Illuminate/Container/Util.php(43): Illuminate/Container/BoundMethod::Illuminate/Container/{closure}()
#14 D:/Eureka/EducatioWeb/EducatioWeb_PriSec-main/vendor/laravel/framework/src/Illuminate/Container/BoundMethod.php(96): Illuminate/Container/Util::unwrapIfClosure(Object(Closure))
#15 D:/Eureka/EducatioWeb/EducatioWeb_PriSec-main/vendor/laravel/framework/src/Illuminate/Container/BoundMethod.php(35): Illuminate/Container/BoundMethod::callBoundMethod(Object(Illuminate/Foundation/Application), Array, Object(Closure))
#16 D:/Eureka/EducatioWeb/EducatioWeb_PriSec-main/vendor/laravel/framework/src/Illuminate/Container/Container.php(799): Illuminate/Container/BoundMethod::call(Object(Illuminate/Foundation/Application), Array, Array, NULL)
#17 D:/Eureka/EducatioWeb/EducatioWeb_PriSec-main/vendor/laravel/framework/src/Illuminate/Console/Command.php(280): Illuminate/Container/Container->call(Array)
#18 D:/Eureka/EducatioWeb/EducatioWeb_PriSec-main/vendor/symfony/console/Command/Command.php(341): Illuminate/Console/Command->execute(Object(Symfony/Component/Console/Input/ArgvInput), Object(Illuminate/Console/OutputStyle))
#19 D:/Eureka/EducatioWeb/EducatioWeb_PriSec-main/vendor/laravel/framework/src/Illuminate/Console/Command.php(249): Symfony/Component/Console/Command/Command->run(Object(Symfony/Component/Console/Input/ArgvInput), Object(Illuminate/Console/OutputStyle))
#20 D:/Eureka/EducatioWeb/EducatioWeb_PriSec-main/vendor/symfony/console/Application.php(1117): Illuminate/Console/Command->run(Object(Symfony/Component/Console/Input/ArgvInput), Object(Symfony/Component/Console/Output/ConsoleOutput))
#21 D:/Eureka/EducatioWeb/EducatioWeb_PriSec-main/vendor/symfony/console/Application.php(356): Symfony/Component/Console/Application->doRunCommand(Object(Illuminate/Queue/Console/WorkCommand), Object(Symfony/Component/Console/Input/ArgvInput), Object(Symfony/Component/Console/Output/ConsoleOutput))
#22 D:/Eureka/EducatioWeb/EducatioWeb_PriSec-main/vendor/symfony/console/Application.php(195): Symfony/Component/Console/Application->doRun(Object(Symfony/Component/Console/Input/ArgvInput), Object(Symfony/Component/Console/Output/ConsoleOutput))
#23 D:/Eureka/EducatioWeb/EducatioWeb_PriSec-main/vendor/laravel/framework/src/Illuminate/Foundation/Console/Kernel.php(198): Symfony/Component/Console/Application->run(Object(Symfony/Component/Console/Input/ArgvInput), Object(Symfony/Component/Console/Output/ConsoleOutput))
#24 D:/Eureka/EducatioWeb/EducatioWeb_PriSec-main/vendor/laravel/framework/src/Illuminate/Foundation/Application.php(1235): Illuminate/Foundation/Console/Kernel->handle(Object(Symfony/Component/Console/Input/ArgvInput), Object(Symfony/Component/Console/Output/ConsoleOutput))
#25 D:/Eureka/EducatioWeb/EducatioWeb_PriSec-main/artisan(16): Illuminate/Foundation/Application->handleCommand(Object(Symfony/Component/Console/Input/ArgvInput))
#26 {main}

[previous exception] [object] (PDOException(code: 2002): SQLSTATE[HY000] [2002] No se puede establecer una conexión ya que el equipo de destino denegó expresamente dicha conexión at D:/Eureka/EducatioWeb/EducatioWeb_PriSec-main/vendor/laravel/framework/src/Illuminate/Database/Connectors/Connector.php:66)
[stacktrace]
#0 D:/Eureka/EducatioWeb/EducatioWeb_PriSec-main/vendor/laravel/framework/src/Illuminate/Database/Connectors/Connector.php(66): PDO->__construct('mysql:host=127....', 'root', Object(SensitiveParameterValue), Array)
#1 D:/Eureka/EducatioWeb/EducatioWeb_PriSec-main/vendor/laravel/framework/src/Illuminate/Database/Connectors/Connector.php(44): Illuminate/Database/Connectors/Connector->createPdoConnection('mysql:host=127....', 'root', Object(SensitiveParameterValue), Array)
#2 D:/Eureka/EducatioWeb/EducatioWeb_PriSec-main/vendor/laravel/framework/src/Illuminate/Database/Connectors/MySqlConnector.php(24): Illuminate/Database/Connectors/Connector->createConnection('mysql:host=127....', Array, Array)
#3 D:/Eureka/EducatioWeb/EducatioWeb_PriSec-main/vendor/laravel/framework/src/Illuminate/Database/Connectors/ConnectionFactory.php(188): Illuminate/Database/Connectors/MySqlConnector->connect(Array)
#4 [internal function]: Illuminate/Database/Connectors/ConnectionFactory->Illuminate/Database/Connectors/{closure}()
#5 D:/Eureka/EducatioWeb/EducatioWeb_PriSec-main/vendor/laravel/framework/src/Illuminate/Database/Connection.php(1279): call_user_func(Object(Closure))
#6 D:/Eureka/EducatioWeb/EducatioWeb_PriSec-main/vendor/laravel/framework/src/Illuminate/Database/Connection.php(1317): Illuminate/Database/Connection->getPdo()
#7 D:/Eureka/EducatioWeb/EducatioWeb_PriSec-main/vendor/laravel/framework/src/Illuminate/Database/Connection.php(528): Illuminate/Database/Connection->getReadPdo()
#8 D:/Eureka/EducatioWeb/EducatioWeb_PriSec-main/vendor/laravel/framework/src/Illuminate/Database/Connection.php(421): Illuminate/Database/Connection->getPdoForSelect(true)
#9 D:/Eureka/EducatioWeb/EducatioWeb_PriSec-main/vendor/laravel/framework/src/Illuminate/Database/Connection.php(830): Illuminate/Database/Connection->Illuminate/Database/{closure}('select * from `...', Array)
#10 D:/Eureka/EducatioWeb/EducatioWeb_PriSec-main/vendor/laravel/framework/src/Illuminate/Database/Connection.php(797): Illuminate/Database/Connection->runQueryCallback('select * from `...', Array, Object(Closure))
#11 D:/Eureka/EducatioWeb/EducatioWeb_PriSec-main/vendor/laravel/framework/src/Illuminate/Database/Connection.php(412): Illuminate/Database/Connection->run('select * from `...', Array, Object(Closure))
#12 D:/Eureka/EducatioWeb/EducatioWeb_PriSec-main/vendor/laravel/framework/src/Illuminate/Database/Query/Builder.php(3567): Illuminate/Database/Connection->select('select * from `...', Array, true, Array)
#13 D:/Eureka/EducatioWeb/EducatioWeb_PriSec-main/vendor/laravel/framework/src/Illuminate/Database/Query/Builder.php(3551): Illuminate/Database/Query/Builder->runSelect()
#14 D:/Eureka/EducatioWeb/EducatioWeb_PriSec-main/vendor/laravel/framework/src/Illuminate/Cache/DatabaseStore.php(142): Illuminate/Database/Query/Builder->get()
#15 D:/Eureka/EducatioWeb/EducatioWeb_PriSec-main/vendor/laravel/framework/src/Illuminate/Cache/Repository.php(160): Illuminate/Cache/DatabaseStore->many(Array)
#16 D:/Eureka/EducatioWeb/EducatioWeb_PriSec-main/vendor/laravel/framework/src/Illuminate/Queue/QueueManager.php(298): Illuminate/Cache/Repository->many(Array)
#17 D:/Eureka/EducatioWeb/EducatioWeb_PriSec-main/vendor/laravel/framework/src/Illuminate/Queue/Worker.php(483): Illuminate/Queue/QueueManager->getPausedQueues('database', Array)
#18 D:/Eureka/EducatioWeb/EducatioWeb_PriSec-main/vendor/laravel/framework/src/Illuminate/Queue/Worker.php(444): Illuminate/Queue/Worker->getPausedQueues('database', Array)
#19 D:/Eureka/EducatioWeb/EducatioWeb_PriSec-main/vendor/laravel/framework/src/Illuminate/Queue/Worker.php(404): Illuminate/Queue/Worker->getNextJob(Object(Illuminate/Queue/DatabaseQueue), 'default')
#20 D:/Eureka/EducatioWeb/EducatioWeb_PriSec-main/vendor/laravel/framework/src/Illuminate/Queue/Console/WorkCommand.php(149): Illuminate/Queue/Worker->runNextJob('database', 'default', Object(Illuminate/Queue/WorkerOptions))
#21 D:/Eureka/EducatioWeb/EducatioWeb_PriSec-main/vendor/laravel/framework/src/Illuminate/Queue/Console/WorkCommand.php(132): Illuminate/Queue/Console/WorkCommand->runWorker('database', 'default')
#22 D:/Eureka/EducatioWeb/EducatioWeb_PriSec-main/vendor/laravel/framework/src/Illuminate/Container/BoundMethod.php(36): Illuminate/Queue/Console/WorkCommand->handle()
#23 D:/Eureka/EducatioWeb/EducatioWeb_PriSec-main/vendor/laravel/framework/src/Illuminate/Container/Util.php(43): Illuminate/Container/BoundMethod::Illuminate/Container/{closure}()
#24 D:/Eureka/EducatioWeb/EducatioWeb_PriSec-main/vendor/laravel/framework/src/Illuminate/Container/BoundMethod.php(96): Illuminate/Container/Util::unwrapIfClosure(Object(Closure))
#25 D:/Eureka/EducatioWeb/EducatioWeb_PriSec-main/vendor/laravel/framework/src/Illuminate/Container/BoundMethod.php(35): Illuminate/Container/BoundMethod::callBoundMethod(Object(Illuminate/Foundation/Application), Array, Object(Closure))
#26 D:/Eureka/EducatioWeb/EducatioWeb_PriSec-main/vendor/laravel/framework/src/Illuminate/Container/Container.php(799): Illuminate/Container/BoundMethod::call(Object(Illuminate/Foundation/Application), Array, Array, NULL)
#27 D:/Eureka/EducatioWeb/EducatioWeb_PriSec-main/vendor/laravel/framework/src/Illuminate/Console/Command.php(280): Illuminate/Container/Container->call(Array)
#28 D:/Eureka/EducatioWeb/EducatioWeb_PriSec-main/vendor/symfony/console/Command/Command.php(341): Illuminate/Console/Command->execute(Object(Symfony/Component/Console/Input/ArgvInput), Object(Illuminate/Console/OutputStyle))
#29 D:/Eureka/EducatioWeb/EducatioWeb_PriSec-main/vendor/laravel/framework/src/Illuminate/Console/Command.php(249): Symfony/Component/Console/Command/Command->run(Object(Symfony/Component/Console/Input/ArgvInput), Object(Illuminate/Console/OutputStyle))
#30 D:/Eureka/EducatioWeb/EducatioWeb_PriSec-main/vendor/symfony/console/Application.php(1117): Illuminate/Console/Command->run(Object(Symfony/Component/Console/Input/ArgvInput), Object(Symfony/Component/Console/Output/ConsoleOutput))
#31 D:/Eureka/EducatioWeb/EducatioWeb_PriSec-main/vendor/symfony/console/Application.php(356): Symfony/Component/Console/Application->doRunCommand(Object(Illuminate/Queue/Console/WorkCommand), Object(Symfony/Component/Console/Input/ArgvInput), Object(Symfony/Component/Console/Output/ConsoleOutput))
#32 D:/Eureka/EducatioWeb/EducatioWeb_PriSec-main/vendor/symfony/console/Application.php(195): Symfony/Component/Console/Application->doRun(Object(Symfony/Component/Console/Input/ArgvInput), Object(Symfony/Component/Console/Output/ConsoleOutput))
#33 D:/Eureka/EducatioWeb/EducatioWeb_PriSec-main/vendor/laravel/framework/src/Illuminate/Foundation/Console/Kernel.php(198): Symfony/Component/Console/Application->run(Object(Symfony/Component/Console/Input/ArgvInput), Object(Symfony/Component/Console/Output/ConsoleOutput))
#34 D:/Eureka/EducatioWeb/EducatioWeb_PriSec-main/vendor/laravel/framework/src/Illuminate/Foundation/Application.php(1235): Illuminate/Foundation/Console/Kernel->handle(Object(Symfony/Component/Console/Input/ArgvInput), Object(Symfony/Component/Console/Output/ConsoleOutput))
#35 D:/Eureka/EducatioWeb/EducatioWeb_PriSec-main/artisan(16): Illuminate/Foundation/Application->handleCommand(Object(Symfony/Component/Console/Input/ArgvInput))
#36 {main}
"} 
[2026-07-29 08:46:54] local.ERROR: SQLSTATE[HY000] [2002] No se puede establecer una conexión ya que el equipo de destino denegó expresamente dicha conexión (Connection: mariadb, Host: 127.0.0.1, Port: 3306, Database: educatioweb01db, SQL: select * from `cache` where `key` in (eureframework-cache-illuminate:queue:paused:database:default)) {"exception":"[object] (Illuminate\\Database\\QueryException(code: 2002): SQLSTATE[HY000] [2002] No se puede establecer una conexión ya que el equipo de destino denegó expresamente dicha conexión (Connection: mariadb, Host: 127.0.0.1, Port: 3306, Database: educatioweb01db, SQL: select * from `cache` where `key` in (eureframework-cache-illuminate:queue:paused:database:default)) at D:/Eureka/EducatioWeb/EducatioWeb_PriSec-main/vendor/laravel/framework/src/Illuminate/Database/Connection.php:841)
[stacktrace]
#0 D:/Eureka/EducatioWeb/EducatioWeb_PriSec-main/vendor/laravel/framework/src/Illuminate/Database/Connection.php(797): Illuminate/Database/Connection->runQueryCallback('select * from `...', Array, Object(Closure))
#1 D:/Eureka/EducatioWeb/EducatioWeb_PriSec-main/vendor/laravel/framework/src/Illuminate/Database/Connection.php(412): Illuminate/Database/Connection->run('select * from `...', Array, Object(Closure))
#2 D:/Eureka/EducatioWeb/EducatioWeb_PriSec-main/vendor/laravel/framework/src/Illuminate/Database/Query/Builder.php(3567): Illuminate/Database/Connection->select('select * from `...', Array, true, Array)
#3 D:/Eureka/EducatioWeb/EducatioWeb_PriSec-main/vendor/laravel/framework/src/Illuminate/Database/Query/Builder.php(3551): Illuminate/Database/Query/Builder->runSelect()
#4 D:/Eureka/EducatioWeb/EducatioWeb_PriSec-main/vendor/laravel/framework/src/Illuminate/Cache/DatabaseStore.php(142): Illuminate/Database/Query/Builder->get()
#5 D:/Eureka/EducatioWeb/EducatioWeb_PriSec-main/vendor/laravel/framework/src/Illuminate/Cache/Repository.php(160): Illuminate/Cache/DatabaseStore->many(Array)
#6 D:/Eureka/EducatioWeb/EducatioWeb_PriSec-main/vendor/laravel/framework/src/Illuminate/Queue/QueueManager.php(298): Illuminate/Cache/Repository->many(Array)
#7 D:/Eureka/EducatioWeb/EducatioWeb_PriSec-main/vendor/laravel/framework/src/Illuminate/Queue/Worker.php(483): Illuminate/Queue/QueueManager->getPausedQueues('database', Array)
#8 D:/Eureka/EducatioWeb/EducatioWeb_PriSec-main/vendor/laravel/framework/src/Illuminate/Queue/Worker.php(444): Illuminate/Queue/Worker->getPausedQueues('database', Array)
#9 D:/Eureka/EducatioWeb/EducatioWeb_PriSec-main/vendor/laravel/framework/src/Illuminate/Queue/Worker.php(404): Illuminate/Queue/Worker->getNextJob(Object(Illuminate/Queue/DatabaseQueue), 'default')
#10 D:/Eureka/EducatioWeb/EducatioWeb_PriSec-main/vendor/laravel/framework/src/Illuminate/Queue/Console/WorkCommand.php(149): Illuminate/Queue/Worker->runNextJob('database', 'default', Object(Illuminate/Queue/WorkerOptions))
#11 D:/Eureka/EducatioWeb/EducatioWeb_PriSec-main/vendor/laravel/framework/src/Illuminate/Queue/Console/WorkCommand.php(132): Illuminate/Queue/Console/WorkCommand->runWorker('database', 'default')
#12 D:/Eureka/EducatioWeb/EducatioWeb_PriSec-main/vendor/laravel/framework/src/Illuminate/Container/BoundMethod.php(36): Illuminate/Queue/Console/WorkCommand->handle()
#13 D:/Eureka/EducatioWeb/EducatioWeb_PriSec-main/vendor/laravel/framework/src/Illuminate/Container/Util.php(43): Illuminate/Container/BoundMethod::Illuminate/Container/{closure}()
#14 D:/Eureka/EducatioWeb/EducatioWeb_PriSec-main/vendor/laravel/framework/src/Illuminate/Container/BoundMethod.php(96): Illuminate/Container/Util::unwrapIfClosure(Object(Closure))
#15 D:/Eureka/EducatioWeb/EducatioWeb_PriSec-main/vendor/laravel/framework/src/Illuminate/Container/BoundMethod.php(35): Illuminate/Container/BoundMethod::callBoundMethod(Object(Illuminate/Foundation/Application), Array, Object(Closure))
#16 D:/Eureka/EducatioWeb/EducatioWeb_PriSec-main/vendor/laravel/framework/src/Illuminate/Container/Container.php(799): Illuminate/Container/BoundMethod::call(Object(Illuminate/Foundation/Application), Array, Array, NULL)
#17 D:/Eureka/EducatioWeb/EducatioWeb_PriSec-main/vendor/laravel/framework/src/Illuminate/Console/Command.php(280): Illuminate/Container/Container->call(Array)
#18 D:/Eureka/EducatioWeb/EducatioWeb_PriSec-main/vendor/symfony/console/Command/Command.php(341): Illuminate/Console/Command->execute(Object(Symfony/Component/Console/Input/ArgvInput), Object(Illuminate/Console/OutputStyle))
#19 D:/Eureka/EducatioWeb/EducatioWeb_PriSec-main/vendor/laravel/framework/src/Illuminate/Console/Command.php(249): Symfony/Component/Console/Command/Command->run(Object(Symfony/Component/Console/Input/ArgvInput), Object(Illuminate/Console/OutputStyle))
#20 D:/Eureka/EducatioWeb/EducatioWeb_PriSec-main/vendor/symfony/console/Application.php(1117): Illuminate/Console/Command->run(Object(Symfony/Component/Console/Input/ArgvInput), Object(Symfony/Component/Console/Output/ConsoleOutput))
#21 D:/Eureka/EducatioWeb/EducatioWeb_PriSec-main/vendor/symfony/console/Application.php(356): Symfony/Component/Console/Application->doRunCommand(Object(Illuminate/Queue/Console/WorkCommand), Object(Symfony/Component/Console/Input/ArgvInput), Object(Symfony/Component/Console/Output/ConsoleOutput))
#22 D:/Eureka/EducatioWeb/EducatioWeb_PriSec-main/vendor/symfony/console/Application.php(195): Symfony/Component/Console/Application->doRun(Object(Symfony/Component/Console/Input/ArgvInput), Object(Symfony/Component/Console/Output/ConsoleOutput))
#23 D:/Eureka/EducatioWeb/EducatioWeb_PriSec-main/vendor/laravel/framework/src/Illuminate/Foundation/Console/Kernel.php(198): Symfony/Component/Console/Application->run(Object(Symfony/Component/Console/Input/ArgvInput), Object(Symfony/Component/Console/Output/ConsoleOutput))
#24 D:/Eureka/EducatioWeb/EducatioWeb_PriSec-main/vendor/laravel/framework/src/Illuminate/Foundation/Application.php(1235): Illuminate/Foundation/Console/Kernel->handle(Object(Symfony/Component/Console/Input/ArgvInput), Object(Symfony/Component/Console/Output/ConsoleOutput))
#25 D:/Eureka/EducatioWeb/EducatioWeb_PriSec-main/artisan(16): Illuminate/Foundation/Application->handleCommand(Object(Symfony/Component/Console/Input/ArgvInput))
#26 {main}

[previous exception] [object] (PDOException(code: 2002): SQLSTATE[HY000] [2002] No se puede establecer una conexión ya que el equipo de destino denegó expresamente dicha conexión at D:/Eureka/EducatioWeb/EducatioWeb_PriSec-main/vendor/laravel/framework/src/Illuminate/Database/Connectors/Connector.php:66)
[stacktrace]
#0 D:/Eureka/EducatioWeb/EducatioWeb_PriSec-main/vendor/laravel/framework/src/Illuminate/Database/Connectors/Connector.php(66): PDO->__construct('mysql:host=127....', 'root', Object(SensitiveParameterValue), Array)
#1 D:/Eureka/EducatioWeb/EducatioWeb_PriSec-main/vendor/laravel/framework/src/Illuminate/Database/Connectors/Connector.php(44): Illuminate/Database/Connectors/Connector->createPdoConnection('mysql:host=127....', 'root', Object(SensitiveParameterValue), Array)
#2 D:/Eureka/EducatioWeb/EducatioWeb_PriSec-main/vendor/laravel/framework/src/Illuminate/Database/Connectors/MySqlConnector.php(24): Illuminate/Database/Connectors/Connector->createConnection('mysql:host=127....', Array, Array)
#3 D:/Eureka/EducatioWeb/EducatioWeb_PriSec-main/vendor/laravel/framework/src/Illuminate/Database/Connectors/ConnectionFactory.php(188): Illuminate/Database/Connectors/MySqlConnector->connect(Array)
#4 [internal function]: Illuminate/Database/Connectors/ConnectionFactory->Illuminate/Database/Connectors/{closure}()
#5 D:/Eureka/EducatioWeb/EducatioWeb_PriSec-main/vendor/laravel/framework/src/Illuminate/Database/Connection.php(1279): call_user_func(Object(Closure))
#6 D:/Eureka/EducatioWeb/EducatioWeb_PriSec-main/vendor/laravel/framework/src/Illuminate/Database/Connection.php(1317): Illuminate/Database/Connection->getPdo()
#7 D:/Eureka/EducatioWeb/EducatioWeb_PriSec-main/vendor/laravel/framework/src/Illuminate/Database/Connection.php(528): Illuminate/Database/Connection->getReadPdo()
#8 D:/Eureka/EducatioWeb/EducatioWeb_PriSec-main/vendor/laravel/framework/src/Illuminate/Database/Connection.php(421): Illuminate/Database/Connection->getPdoForSelect(true)
#9 D:/Eureka/EducatioWeb/EducatioWeb_PriSec-main/vendor/laravel/framework/src/Illuminate/Database/Connection.php(830): Illuminate/Database/Connection->Illuminate/Database/{closure}('select * from `...', Array)
#10 D:/Eureka/EducatioWeb/EducatioWeb_PriSec-main/vendor/laravel/framework/src/Illuminate/Database/Connection.php(797): Illuminate/Database/Connection->runQueryCallback('select * from `...', Array, Object(Closure))
#11 D:/Eureka/EducatioWeb/EducatioWeb_PriSec-main/vendor/laravel/framework/src/Illuminate/Database/Connection.php(412): Illuminate/Database/Connection->run('select * from `...', Array, Object(Closure))
#12 D:/Eureka/EducatioWeb/EducatioWeb_PriSec-main/vendor/laravel/framework/src/Illuminate/Database/Query/Builder.php(3567): Illuminate/Database/Connection->select('select * from `...', Array, true, Array)
#13 D:/Eureka/EducatioWeb/EducatioWeb_PriSec-main/vendor/laravel/framework/src/Illuminate/Database/Query/Builder.php(3551): Illuminate/Database/Query/Builder->runSelect()
#14 D:/Eureka/EducatioWeb/EducatioWeb_PriSec-main/vendor/laravel/framework/src/Illuminate/Cache/DatabaseStore.php(142): Illuminate/Database/Query/Builder->get()
#15 D:/Eureka/EducatioWeb/EducatioWeb_PriSec-main/vendor/laravel/framework/src/Illuminate/Cache/Repository.php(160): Illuminate/Cache/DatabaseStore->many(Array)
#16 D:/Eureka/EducatioWeb/EducatioWeb_PriSec-main/vendor/laravel/framework/src/Illuminate/Queue/QueueManager.php(298): Illuminate/Cache/Repository->many(Array)
#17 D:/Eureka/EducatioWeb/EducatioWeb_PriSec-main/vendor/laravel/framework/src/Illuminate/Queue/Worker.php(483): Illuminate/Queue/QueueManager->getPausedQueues('database', Array)
#18 D:/Eureka/EducatioWeb/EducatioWeb_PriSec-main/vendor/laravel/framework/src/Illuminate/Queue/Worker.php(444): Illuminate/Queue/Worker->getPausedQueues('database', Array)
#19 D:/Eureka/EducatioWeb/EducatioWeb_PriSec-main/vendor/laravel/framework/src/Illuminate/Queue/Worker.php(404): Illuminate/Queue/Worker->getNextJob(Object(Illuminate/Queue/DatabaseQueue), 'default')
#20 D:/Eureka/EducatioWeb/EducatioWeb_PriSec-main/vendor/laravel/framework/src/Illuminate/Queue/Console/WorkCommand.php(149): Illuminate/Queue/Worker->runNextJob('database', 'default', Object(Illuminate/Queue/WorkerOptions))
#21 D:/Eureka/EducatioWeb/EducatioWeb_PriSec-main/vendor/laravel/framework/src/Illuminate/Queue/Console/WorkCommand.php(132): Illuminate/Queue/Console/WorkCommand->runWorker('database', 'default')
#22 D:/Eureka/EducatioWeb/EducatioWeb_PriSec-main/vendor/laravel/framework/src/Illuminate/Container/BoundMethod.php(36): Illuminate/Queue/Console/WorkCommand->handle()
#23 D:/Eureka/EducatioWeb/EducatioWeb_PriSec-main/vendor/laravel/framework/src/Illuminate/Container/Util.php(43): Illuminate/Container/BoundMethod::Illuminate/Container/{closure}()
#24 D:/Eureka/EducatioWeb/EducatioWeb_PriSec-main/vendor/laravel/framework/src/Illuminate/Container/BoundMethod.php(96): Illuminate/Container/Util::unwrapIfClosure(Object(Closure))
#25 D:/Eureka/EducatioWeb/EducatioWeb_PriSec-main/vendor/laravel/framework/src/Illuminate/Container/BoundMethod.php(35): Illuminate/Container/BoundMethod::callBoundMethod(Object(Illuminate/Foundation/Application), Array, Object(Closure))
#26 D:/Eureka/EducatioWeb/EducatioWeb_PriSec-main/vendor/laravel/framework/src/Illuminate/Container/Container.php(799): Illuminate/Container/BoundMethod::call(Object(Illuminate/Foundation/Application), Array, Array, NULL)
#27 D:/Eureka/EducatioWeb/EducatioWeb_PriSec-main/vendor/laravel/framework/src/Illuminate/Console/Command.php(280): Illuminate/Container/Container->call(Array)
#28 D:/Eureka/EducatioWeb/EducatioWeb_PriSec-main/vendor/symfony/console/Command/Command.php(341): Illuminate/Console/Command->execute(Object(Symfony/Component/Console/Input/ArgvInput), Object(Illuminate/Console/OutputStyle))
#29 D:/Eureka/EducatioWeb/EducatioWeb_PriSec-main/vendor/laravel/framework/src/Illuminate/Console/Command.php(249): Symfony/Component/Console/Command/Command->run(Object(Symfony/Component/Console/Input/ArgvInput), Object(Illuminate/Console/OutputStyle))
#30 D:/Eureka/EducatioWeb/EducatioWeb_PriSec-main/vendor/symfony/console/Application.php(1117): Illuminate/Console/Command->run(Object(Symfony/Component/Console/Input/ArgvInput), Object(Symfony/Component/Console/Output/ConsoleOutput))
#31 D:/Eureka/EducatioWeb/EducatioWeb_PriSec-main/vendor/symfony/console/Application.php(356): Symfony/Component/Console/Application->doRunCommand(Object(Illuminate/Queue/Console/WorkCommand), Object(Symfony/Component/Console/Input/ArgvInput), Object(Symfony/Component/Console/Output/ConsoleOutput))
#32 D:/Eureka/EducatioWeb/EducatioWeb_PriSec-main/vendor/symfony/console/Application.php(195): Symfony/Component/Console/Application->doRun(Object(Symfony/Component/Console/Input/ArgvInput), Object(Symfony/Component/Console/Output/ConsoleOutput))
#33 D:/Eureka/EducatioWeb/EducatioWeb_PriSec-main/vendor/laravel/framework/src/Illuminate/Foundation/Console/Kernel.php(198): Symfony/Component/Console/Application->run(Object(Symfony/Component/Console/Input/ArgvInput), Object(Symfony/Component/Console/Output/ConsoleOutput))
#34 D:/Eureka/EducatioWeb/EducatioWeb_PriSec-main/vendor/laravel/framework/src/Illuminate/Foundation/Application.php(1235): Illuminate/Foundation/Console/Kernel->handle(Object(Symfony/Component/Console/Input/ArgvInput), Object(Symfony/Component/Console/Output/ConsoleOutput))
#35 D:/Eureka/EducatioWeb/EducatioWeb_PriSec-main/artisan(16): Illuminate/Foundation/Application->handleCommand(Object(Symfony/Component/Console/Input/ArgvInput))
#36 {main}
"} 
[2026-07-29 08:47:01] local.ERROR: SQLSTATE[HY000] [2002] No se puede establecer una conexión ya que el equipo de destino denegó expresamente dicha conexión (Connection: mariadb, Host: 127.0.0.1, Port: 3306, Database: educatioweb01db, SQL: select * from `cache` where `key` in (eureframework-cache-illuminate:queue:paused:database:default)) {"exception":"[object] (Illuminate\\Database\\QueryException(code: 2002): SQLSTATE[HY000] [2002] No se puede establecer una conexión ya que el equipo de destino denegó expresamente dicha conexión (Connection: mariadb, Host: 127.0.0.1, Port: 3306, Database: educatioweb01db, SQL: select * from `cache` where `key` in (eureframework-cache-illuminate:queue:paused:database:default)) at D:/Eureka/EducatioWeb/EducatioWeb_PriSec-main/vendor/laravel/framework/src/Illuminate/Database/Connection.php:841)
[stacktrace]
#0 D:/Eureka/EducatioWeb/EducatioWeb_PriSec-main/vendor/laravel/framework/src/Illuminate/Database/Connection.php(797): Illuminate/Database/Connection->runQueryCallback('select * from `...', Array, Object(Closure))
#1 D:/Eureka/EducatioWeb/EducatioWeb_PriSec-main/vendor/laravel/framework/src/Illuminate/Database/Connection.php(412): Illuminate/Database/Connection->run('select * from `...', Array, Object(Closure))
#2 D:/Eureka/EducatioWeb/EducatioWeb_PriSec-main/vendor/laravel/framework/src/Illuminate/Database/Query/Builder.php(3567): Illuminate/Database/Connection->select('select * from `...', Array, true, Array)
#3 D:/Eureka/EducatioWeb/EducatioWeb_PriSec-main/vendor/laravel/framework/src/Illuminate/Database/Query/Builder.php(3551): Illuminate/Database/Query/Builder->runSelect()
#4 D:/Eureka/EducatioWeb/EducatioWeb_PriSec-main/vendor/laravel/framework/src/Illuminate/Cache/DatabaseStore.php(142): Illuminate/Database/Query/Builder->get()
#5 D:/Eureka/EducatioWeb/EducatioWeb_PriSec-main/vendor/laravel/framework/src/Illuminate/Cache/Repository.php(160): Illuminate/Cache/DatabaseStore->many(Array)
#6 D:/Eureka/EducatioWeb/EducatioWeb_PriSec-main/vendor/laravel/framework/src/Illuminate/Queue/QueueManager.php(298): Illuminate/Cache/Repository->many(Array)
#7 D:/Eureka/EducatioWeb/EducatioWeb_PriSec-main/vendor/laravel/framework/src/Illuminate/Queue/Worker.php(483): Illuminate/Queue/QueueManager->getPausedQueues('database', Array)
#8 D:/Eureka/EducatioWeb/EducatioWeb_PriSec-main/vendor/laravel/framework/src/Illuminate/Queue/Worker.php(444): Illuminate/Queue/Worker->getPausedQueues('database', Array)
#9 D:/Eureka/EducatioWeb/EducatioWeb_PriSec-main/vendor/laravel/framework/src/Illuminate/Queue/Worker.php(404): Illuminate/Queue/Worker->getNextJob(Object(Illuminate/Queue/DatabaseQueue), 'default')
#10 D:/Eureka/EducatioWeb/EducatioWeb_PriSec-main/vendor/laravel/framework/src/Illuminate/Queue/Console/WorkCommand.php(149): Illuminate/Queue/Worker->runNextJob('database', 'default', Object(Illuminate/Queue/WorkerOptions))
#11 D:/Eureka/EducatioWeb/EducatioWeb_PriSec-main/vendor/laravel/framework/src/Illuminate/Queue/Console/WorkCommand.php(132): Illuminate/Queue/Console/WorkCommand->runWorker('database', 'default')
#12 D:/Eureka/EducatioWeb/EducatioWeb_PriSec-main/vendor/laravel/framework/src/Illuminate/Container/BoundMethod.php(36): Illuminate/Queue/Console/WorkCommand->handle()
#13 D:/Eureka/EducatioWeb/EducatioWeb_PriSec-main/vendor/laravel/framework/src/Illuminate/Container/Util.php(43): Illuminate/Container/BoundMethod::Illuminate/Container/{closure}()
#14 D:/Eureka/EducatioWeb/EducatioWeb_PriSec-main/vendor/laravel/framework/src/Illuminate/Container/BoundMethod.php(96): Illuminate/Container/Util::unwrapIfClosure(Object(Closure))
#15 D:/Eureka/EducatioWeb/EducatioWeb_PriSec-main/vendor/laravel/framework/src/Illuminate/Container/BoundMethod.php(35): Illuminate/Container/BoundMethod::callBoundMethod(Object(Illuminate/Foundation/Application), Array, Object(Closure))
#16 D:/Eureka/EducatioWeb/EducatioWeb_PriSec-main/vendor/laravel/framework/src/Illuminate/Container/Container.php(799): Illuminate/Container/BoundMethod::call(Object(Illuminate/Foundation/Application), Array, Array, NULL)
#17 D:/Eureka/EducatioWeb/EducatioWeb_PriSec-main/vendor/laravel/framework/src/Illuminate/Console/Command.php(280): Illuminate/Container/Container->call(Array)
#18 D:/Eureka/EducatioWeb/EducatioWeb_PriSec-main/vendor/symfony/console/Command/Command.php(341): Illuminate/Console/Command->execute(Object(Symfony/Component/Console/Input/ArgvInput), Object(Illuminate/Console/OutputStyle))
#19 D:/Eureka/EducatioWeb/EducatioWeb_PriSec-main/vendor/laravel/framework/src/Illuminate/Console/Command.php(249): Symfony/Component/Console/Command/Command->run(Object(Symfony/Component/Console/Input/ArgvInput), Object(Illuminate/Console/OutputStyle))
#20 D:/Eureka/EducatioWeb/EducatioWeb_PriSec-main/vendor/symfony/console/Application.php(1117): Illuminate/Console/Command->run(Object(Symfony/Component/Console/Input/ArgvInput), Object(Symfony/Component/Console/Output/ConsoleOutput))
#21 D:/Eureka/EducatioWeb/EducatioWeb_PriSec-main/vendor/symfony/console/Application.php(356): Symfony/Component/Console/Application->doRunCommand(Object(Illuminate/Queue/Console/WorkCommand), Object(Symfony/Component/Console/Input/ArgvInput), Object(Symfony/Component/Console/Output/ConsoleOutput))
#22 D:/Eureka/EducatioWeb/EducatioWeb_PriSec-main/vendor/symfony/console/Application.php(195): Symfony/Component/Console/Application->doRun(Object(Symfony/Component/Console/Input/ArgvInput), Object(Symfony/Component/Console/Output/ConsoleOutput))
#23 D:/Eureka/EducatioWeb/EducatioWeb_PriSec-main/vendor/laravel/framework/src/Illuminate/Foundation/Console/Kernel.php(198): Symfony/Component/Console/Application->run(Object(Symfony/Component/Console/Input/ArgvInput), Object(Symfony/Component/Console/Output/ConsoleOutput))
#24 D:/Eureka/EducatioWeb/EducatioWeb_PriSec-main/vendor/laravel/framework/src/Illuminate/Foundation/Application.php(1235): Illuminate/Foundation/Console/Kernel->handle(Object(Symfony/Component/Console/Input/ArgvInput), Object(Symfony/Component/Console/Output/ConsoleOutput))
#25 D:/Eureka/EducatioWeb/EducatioWeb_PriSec-main/artisan(16): Illuminate/Foundation/Application->handleCommand(Object(Symfony/Component/Console/Input/ArgvInput))
#26 {main}

[previous exception] [object] (PDOException(code: 2002): SQLSTATE[HY000] [2002] No se puede establecer una conexión ya que el equipo de destino denegó expresamente dicha conexión at D:/Eureka/EducatioWeb/EducatioWeb_PriSec-main/vendor/laravel/framework/src/Illuminate/Database/Connectors/Connector.php:66)
[stacktrace]
#0 D:/Eureka/EducatioWeb/EducatioWeb_PriSec-main/vendor/laravel/framework/src/Illuminate/Database/Connectors/Connector.php(66): PDO->__construct('mysql:host=127....', 'root', Object(SensitiveParameterValue), Array)
#1 D:/Eureka/EducatioWeb/EducatioWeb_PriSec-main/vendor/laravel/framework/src/Illuminate/Database/Connectors/Connector.php(44): Illuminate/Database/Connectors/Connector->createPdoConnection('mysql:host=127....', 'root', Object(SensitiveParameterValue), Array)
#2 D:/Eureka/EducatioWeb/EducatioWeb_PriSec-main/vendor/laravel/framework/src/Illuminate/Database/Connectors/MySqlConnector.php(24): Illuminate/Database/Connectors/Connector->createConnection('mysql:host=127....', Array, Array)
#3 D:/Eureka/EducatioWeb/EducatioWeb_PriSec-main/vendor/laravel/framework/src/Illuminate/Database/Connectors/ConnectionFactory.php(188): Illuminate/Database/Connectors/MySqlConnector->connect(Array)
#4 [internal function]: Illuminate/Database/Connectors/ConnectionFactory->Illuminate/Database/Connectors/{closure}()
#5 D:/Eureka/EducatioWeb/EducatioWeb_PriSec-main/vendor/laravel/framework/src/Illuminate/Database/Connection.php(1279): call_user_func(Object(Closure))
#6 D:/Eureka/EducatioWeb/EducatioWeb_PriSec-main/vendor/laravel/framework/src/Illuminate/Database/Connection.php(1317): Illuminate/Database/Connection->getPdo()
#7 D:/Eureka/EducatioWeb/EducatioWeb_PriSec-main/vendor/laravel/framework/src/Illuminate/Database/Connection.php(528): Illuminate/Database/Connection->getReadPdo()
#8 D:/Eureka/EducatioWeb/EducatioWeb_PriSec-main/vendor/laravel/framework/src/Illuminate/Database/Connection.php(421): Illuminate/Database/Connection->getPdoForSelect(true)
#9 D:/Eureka/EducatioWeb/EducatioWeb_PriSec-main/vendor/laravel/framework/src/Illuminate/Database/Connection.php(830): Illuminate/Database/Connection->Illuminate/Database/{closure}('select * from `...', Array)
#10 D:/Eureka/EducatioWeb/EducatioWeb_PriSec-main/vendor/laravel/framework/src/Illuminate/Database/Connection.php(797): Illuminate/Database/Connection->runQueryCallback('select * from `...', Array, Object(Closure))
#11 D:/Eureka/EducatioWeb/EducatioWeb_PriSec-main/vendor/laravel/framework/src/Illuminate/Database/Connection.php(412): Illuminate/Database/Connection->run('select * from `...', Array, Object(Closure))
#12 D:/Eureka/EducatioWeb/EducatioWeb_PriSec-main/vendor/laravel/framework/src/Illuminate/Database/Query/Builder.php(3567): Illuminate/Database/Connection->select('select * from `...', Array, true, Array)
#13 D:/Eureka/EducatioWeb/EducatioWeb_PriSec-main/vendor/laravel/framework/src/Illuminate/Database/Query/Builder.php(3551): Illuminate/Database/Query/Builder->runSelect()
#14 D:/Eureka/EducatioWeb/EducatioWeb_PriSec-main/vendor/laravel/framework/src/Illuminate/Cache/DatabaseStore.php(142): Illuminate/Database/Query/Builder->get()
#15 D:/Eureka/EducatioWeb/EducatioWeb_PriSec-main/vendor/laravel/framework/src/Illuminate/Cache/Repository.php(160): Illuminate/Cache/DatabaseStore->many(Array)
#16 D:/Eureka/EducatioWeb/EducatioWeb_PriSec-main/vendor/laravel/framework/src/Illuminate/Queue/QueueManager.php(298): Illuminate/Cache/Repository->many(Array)
#17 D:/Eureka/EducatioWeb/EducatioWeb_PriSec-main/vendor/laravel/framework/src/Illuminate/Queue/Worker.php(483): Illuminate/Queue/QueueManager->getPausedQueues('database', Array)
#18 D:/Eureka/EducatioWeb/EducatioWeb_PriSec-main/vendor/laravel/framework/src/Illuminate/Queue/Worker.php(444): Illuminate/Queue/Worker->getPausedQueues('database', Array)
#19 D:/Eureka/EducatioWeb/EducatioWeb_PriSec-main/vendor/laravel/framework/src/Illuminate/Queue/Worker.php(404): Illuminate/Queue/Worker->getNextJob(Object(Illuminate/Queue/DatabaseQueue), 'default')
#20 D:/Eureka/EducatioWeb/EducatioWeb_PriSec-main/vendor/laravel/framework/src/Illuminate/Queue/Console/WorkCommand.php(149): Illuminate/Queue/Worker->runNextJob('database', 'default', Object(Illuminate/Queue/WorkerOptions))
#21 D:/Eureka/EducatioWeb/EducatioWeb_PriSec-main/vendor/laravel/framework/src/Illuminate/Queue/Console/WorkCommand.php(132): Illuminate/Queue/Console/WorkCommand->runWorker('database', 'default')
#22 D:/Eureka/EducatioWeb/EducatioWeb_PriSec-main/vendor/laravel/framework/src/Illuminate/Container/BoundMethod.php(36): Illuminate/Queue/Console/WorkCommand->handle()
#23 D:/Eureka/EducatioWeb/EducatioWeb_PriSec-main/vendor/laravel/framework/src/Illuminate/Container/Util.php(43): Illuminate/Container/BoundMethod::Illuminate/Container/{closure}()
#24 D:/Eureka/EducatioWeb/EducatioWeb_PriSec-main/vendor/laravel/framework/src/Illuminate/Container/BoundMethod.php(96): Illuminate/Container/Util::unwrapIfClosure(Object(Closure))
#25 D:/Eureka/EducatioWeb/EducatioWeb_PriSec-main/vendor/laravel/framework/src/Illuminate/Container/BoundMethod.php(35): Illuminate/Container/BoundMethod::callBoundMethod(Object(Illuminate/Foundation/Application), Array, Object(Closure))
#26 D:/Eureka/EducatioWeb/EducatioWeb_PriSec-main/vendor/laravel/framework/src/Illuminate/Container/Container.php(799): Illuminate/Container/BoundMethod::call(Object(Illuminate/Foundation/Application), Array, Array, NULL)
#27 D:/Eureka/EducatioWeb/EducatioWeb_PriSec-main/vendor/laravel/framework/src/Illuminate/Console/Command.php(280): Illuminate/Container/Container->call(Array)
#28 D:/Eureka/EducatioWeb/EducatioWeb_PriSec-main/vendor/symfony/console/Command/Command.php(341): Illuminate/Console/Command->execute(Object(Symfony/Component/Console/Input/ArgvInput), Object(Illuminate/Console/OutputStyle))
#29 D:/Eureka/EducatioWeb/EducatioWeb_PriSec-main/vendor/laravel/framework/src/Illuminate/Console/Command.php(249): Symfony/Component/Console/Command/Command->run(Object(Symfony/Component/Console/Input/ArgvInput), Object(Illuminate/Console/OutputStyle))
#30 D:/Eureka/EducatioWeb/EducatioWeb_PriSec-main/vendor/symfony/console/Application.php(1117): Illuminate/Console/Command->run(Object(Symfony/Component/Console/Input/ArgvInput), Object(Symfony/Component/Console/Output/ConsoleOutput))
#31 D:/Eureka/EducatioWeb/EducatioWeb_PriSec-main/vendor/symfony/console/Application.php(356): Symfony/Component/Console/Application->doRunCommand(Object(Illuminate/Queue/Console/WorkCommand), Object(Symfony/Component/Console/Input/ArgvInput), Object(Symfony/Component/Console/Output/ConsoleOutput))
#32 D:/Eureka/EducatioWeb/EducatioWeb_PriSec-main/vendor/symfony/console/Application.php(195): Symfony/Component/Console/Application->doRun(Object(Symfony/Component/Console/Input/ArgvInput), Object(Symfony/Component/Console/Output/ConsoleOutput))
#33 D:/Eureka/EducatioWeb/EducatioWeb_PriSec-main/vendor/laravel/framework/src/Illuminate/Foundation/Console/Kernel.php(198): Symfony/Component/Console/Application->run(Object(Symfony/Component/Console/Input/ArgvInput), Object(Symfony/Component/Console/Output/ConsoleOutput))
#34 D:/Eureka/EducatioWeb/EducatioWeb_PriSec-main/vendor/laravel/framework/src/Illuminate/Foundation/Application.php(1235): Illuminate/Foundation/Console/Kernel->handle(Object(Symfony/Component/Console/Input/ArgvInput), Object(Symfony/Component/Console/Output/ConsoleOutput))
#35 D:/Eureka/EducatioWeb/EducatioWeb_PriSec-main/artisan(16): Illuminate/Foundation/Application->handleCommand(Object(Symfony/Component/Console/Input/ArgvInput))
#36 {main}
"} 
[2026-07-29 08:47:07] local.ERROR: SQLSTATE[HY000] [2002] No se puede establecer una conexión ya que el equipo de destino denegó expresamente dicha conexión (Connection: mariadb, Host: 127.0.0.1, Port: 3306, Database: educatioweb01db, SQL: select * from `cache` where `key` in (eureframework-cache-illuminate:queue:paused:database:default)) {"exception":"[object] (Illuminate\\Database\\QueryException(code: 2002): SQLSTATE[HY000] [2002] No se puede establecer una conexión ya que el equipo de destino denegó expresamente dicha conexión (Connection: mariadb, Host: 127.0.0.1, Port: 3306, Database: educatioweb01db, SQL: select * from `cache` where `key` in (eureframework-cache-illuminate:queue:paused:database:default)) at D:/Eureka/EducatioWeb/EducatioWeb_PriSec-main/vendor/laravel/framework/src/Illuminate/Database/Connection.php:841)
[stacktrace]
#0 D:/Eureka/EducatioWeb/EducatioWeb_PriSec-main/vendor/laravel/framework/src/Illuminate/Database/Connection.php(797): Illuminate/Database/Connection->runQueryCallback('select * from `...', Array, Object(Closure))
#1 D:/Eureka/EducatioWeb/EducatioWeb_PriSec-main/vendor/laravel/framework/src/Illuminate/Database/Connection.php(412): Illuminate/Database/Connection->run('select * from `...', Array, Object(Closure))
#2 D:/Eureka/EducatioWeb/EducatioWeb_PriSec-main/vendor/laravel/framework/src/Illuminate/Database/Query/Builder.php(3567): Illuminate/Database/Connection->select('select * from `...', Array, true, Array)
#3 D:/Eureka/EducatioWeb/EducatioWeb_PriSec-main/vendor/laravel/framework/src/Illuminate/Database/Query/Builder.php(3551): Illuminate/Database/Query/Builder->runSelect()
#4 D:/Eureka/EducatioWeb/EducatioWeb_PriSec-main/vendor/laravel/framework/src/Illuminate/Cache/DatabaseStore.php(142): Illuminate/Database/Query/Builder->get()
#5 D:/Eureka/EducatioWeb/EducatioWeb_PriSec-main/vendor/laravel/framework/src/Illuminate/Cache/Repository.php(160): Illuminate/Cache/DatabaseStore->many(Array)
#6 D:/Eureka/EducatioWeb/EducatioWeb_PriSec-main/vendor/laravel/framework/src/Illuminate/Queue/QueueManager.php(298): Illuminate/Cache/Repository->many(Array)
#7 D:/Eureka/EducatioWeb/EducatioWeb_PriSec-main/vendor/laravel/framework/src/Illuminate/Queue/Worker.php(483): Illuminate/Queue/QueueManager->getPausedQueues('database', Array)
#8 D:/Eureka/EducatioWeb/EducatioWeb_PriSec-main/vendor/laravel/framework/src/Illuminate/Queue/Worker.php(444): Illuminate/Queue/Worker->getPausedQueues('database', Array)
#9 D:/Eureka/EducatioWeb/EducatioWeb_PriSec-main/vendor/laravel/framework/src/Illuminate/Queue/Worker.php(404): Illuminate/Queue/Worker->getNextJob(Object(Illuminate/Queue/DatabaseQueue), 'default')
#10 D:/Eureka/EducatioWeb/EducatioWeb_PriSec-main/vendor/laravel/framework/src/Illuminate/Queue/Console/WorkCommand.php(149): Illuminate/Queue/Worker->runNextJob('database', 'default', Object(Illuminate/Queue/WorkerOptions))
#11 D:/Eureka/EducatioWeb/EducatioWeb_PriSec-main/vendor/laravel/framework/src/Illuminate/Queue/Console/WorkCommand.php(132): Illuminate/Queue/Console/WorkCommand->runWorker('database', 'default')
#12 D:/Eureka/EducatioWeb/EducatioWeb_PriSec-main/vendor/laravel/framework/src/Illuminate/Container/BoundMethod.php(36): Illuminate/Queue/Console/WorkCommand->handle()
#13 D:/Eureka/EducatioWeb/EducatioWeb_PriSec-main/vendor/laravel/framework/src/Illuminate/Container/Util.php(43): Illuminate/Container/BoundMethod::Illuminate/Container/{closure}()
#14 D:/Eureka/EducatioWeb/EducatioWeb_PriSec-main/vendor/laravel/framework/src/Illuminate/Container/BoundMethod.php(96): Illuminate/Container/Util::unwrapIfClosure(Object(Closure))
#15 D:/Eureka/EducatioWeb/EducatioWeb_PriSec-main/vendor/laravel/framework/src/Illuminate/Container/BoundMethod.php(35): Illuminate/Container/BoundMethod::callBoundMethod(Object(Illuminate/Foundation/Application), Array, Object(Closure))
#16 D:/Eureka/EducatioWeb/EducatioWeb_PriSec-main/vendor/laravel/framework/src/Illuminate/Container/Container.php(799): Illuminate/Container/BoundMethod::call(Object(Illuminate/Foundation/Application), Array, Array, NULL)
#17 D:/Eureka/EducatioWeb/EducatioWeb_PriSec-main/vendor/laravel/framework/src/Illuminate/Console/Command.php(280): Illuminate/Container/Container->call(Array)
#18 D:/Eureka/EducatioWeb/EducatioWeb_PriSec-main/vendor/symfony/console/Command/Command.php(341): Illuminate/Console/Command->execute(Object(Symfony/Component/Console/Input/ArgvInput), Object(Illuminate/Console/OutputStyle))
#19 D:/Eureka/EducatioWeb/EducatioWeb_PriSec-main/vendor/laravel/framework/src/Illuminate/Console/Command.php(249): Symfony/Component/Console/Command/Command->run(Object(Symfony/Component/Console/Input/ArgvInput), Object(Illuminate/Console/OutputStyle))
#20 D:/Eureka/EducatioWeb/EducatioWeb_PriSec-main/vendor/symfony/console/Application.php(1117): Illuminate/Console/Command->run(Object(Symfony/Component/Console/Input/ArgvInput), Object(Symfony/Component/Console/Output/ConsoleOutput))
#21 D:/Eureka/EducatioWeb/EducatioWeb_PriSec-main/vendor/symfony/console/Application.php(356): Symfony/Component/Console/Application->doRunCommand(Object(Illuminate/Queue/Console/WorkCommand), Object(Symfony/Component/Console/Input/ArgvInput), Object(Symfony/Component/Console/Output/ConsoleOutput))
#22 D:/Eureka/EducatioWeb/EducatioWeb_PriSec-main/vendor/symfony/console/Application.php(195): Symfony/Component/Console/Application->doRun(Object(Symfony/Component/Console/Input/ArgvInput), Object(Symfony/Component/Console/Output/ConsoleOutput))
#23 D:/Eureka/EducatioWeb/EducatioWeb_PriSec-main/vendor/laravel/framework/src/Illuminate/Foundation/Console/Kernel.php(198): Symfony/Component/Console/Application->run(Object(Symfony/Component/Console/Input/ArgvInput), Object(Symfony/Component/Console/Output/ConsoleOutput))
#24 D:/Eureka/EducatioWeb/EducatioWeb_PriSec-main/vendor/laravel/framework/src/Illuminate/Foundation/Application.php(1235): Illuminate/Foundation/Console/Kernel->handle(Object(Symfony/Component/Console/Input/ArgvInput), Object(Symfony/Component/Console/Output/ConsoleOutput))
#25 D:/Eureka/EducatioWeb/EducatioWeb_PriSec-main/artisan(16): Illuminate/Foundation/Application->handleCommand(Object(Symfony/Component/Console/Input/ArgvInput))
#26 {main}

[previous exception] [object] (PDOException(code: 2002): SQLSTATE[HY000] [2002] No se puede establecer una conexión ya que el equipo de destino denegó expresamente dicha conexión at D:/Eureka/EducatioWeb/EducatioWeb_PriSec-main/vendor/laravel/framework/src/Illuminate/Database/Connectors/Connector.php:66)
[stacktrace]
#0 D:/Eureka/EducatioWeb/EducatioWeb_PriSec-main/vendor/laravel/framework/src/Illuminate/Database/Connectors/Connector.php(66): PDO->__construct('mysql:host=127....', 'root', Object(SensitiveParameterValue), Array)
#1 D:/Eureka/EducatioWeb/EducatioWeb_PriSec-main/vendor/laravel/framework/src/Illuminate/Database/Connectors/Connector.php(44): Illuminate/Database/Connectors/Connector->createPdoConnection('mysql:host=127....', 'root', Object(SensitiveParameterValue), Array)
#2 D:/Eureka/EducatioWeb/EducatioWeb_PriSec-main/vendor/laravel/framework/src/Illuminate/Database/Connectors/MySqlConnector.php(24): Illuminate/Database/Connectors/Connector->createConnection('mysql:host=127....', Array, Array)
#3 D:/Eureka/EducatioWeb/EducatioWeb_PriSec-main/vendor/laravel/framework/src/Illuminate/Database/Connectors/ConnectionFactory.php(188): Illuminate/Database/Connectors/MySqlConnector->connect(Array)
#4 [internal function]: Illuminate/Database/Connectors/ConnectionFactory->Illuminate/Database/Connectors/{closure}()
#5 D:/Eureka/EducatioWeb/EducatioWeb_PriSec-main/vendor/laravel/framework/src/Illuminate/Database/Connection.php(1279): call_user_func(Object(Closure))
#6 D:/Eureka/EducatioWeb/EducatioWeb_PriSec-main/vendor/laravel/framework/src/Illuminate/Database/Connection.php(1317): Illuminate/Database/Connection->getPdo()
#7 D:/Eureka/EducatioWeb/EducatioWeb_PriSec-main/vendor/laravel/framework/src/Illuminate/Database/Connection.php(528): Illuminate/Database/Connection->getReadPdo()
#8 D:/Eureka/EducatioWeb/EducatioWeb_PriSec-main/vendor/laravel/framework/src/Illuminate/Database/Connection.php(421): Illuminate/Database/Connection->getPdoForSelect(true)
#9 D:/Eureka/EducatioWeb/EducatioWeb_PriSec-main/vendor/laravel/framework/src/Illuminate/Database/Connection.php(830): Illuminate/Database/Connection->Illuminate/Database/{closure}('select * from `...', Array)
#10 D:/Eureka/EducatioWeb/EducatioWeb_PriSec-main/vendor/laravel/framework/src/Illuminate/Database/Connection.php(797): Illuminate/Database/Connection->runQueryCallback('select * from `...', Array, Object(Closure))
#11 D:/Eureka/EducatioWeb/EducatioWeb_PriSec-main/vendor/laravel/framework/src/Illuminate/Database/Connection.php(412): Illuminate/Database/Connection->run('select * from `...', Array, Object(Closure))
#12 D:/Eureka/EducatioWeb/EducatioWeb_PriSec-main/vendor/laravel/framework/src/Illuminate/Database/Query/Builder.php(3567): Illuminate/Database/Connection->select('select * from `...', Array, true, Array)
#13 D:/Eureka/EducatioWeb/EducatioWeb_PriSec-main/vendor/laravel/framework/src/Illuminate/Database/Query/Builder.php(3551): Illuminate/Database/Query/Builder->runSelect()
#14 D:/Eureka/EducatioWeb/EducatioWeb_PriSec-main/vendor/laravel/framework/src/Illuminate/Cache/DatabaseStore.php(142): Illuminate/Database/Query/Builder->get()
#15 D:/Eureka/EducatioWeb/EducatioWeb_PriSec-main/vendor/laravel/framework/src/Illuminate/Cache/Repository.php(160): Illuminate/Cache/DatabaseStore->many(Array)
#16 D:/Eureka/EducatioWeb/EducatioWeb_PriSec-main/vendor/laravel/framework/src/Illuminate/Queue/QueueManager.php(298): Illuminate/Cache/Repository->many(Array)
#17 D:/Eureka/EducatioWeb/EducatioWeb_PriSec-main/vendor/laravel/framework/src/Illuminate/Queue/Worker.php(483): Illuminate/Queue/QueueManager->getPausedQueues('database', Array)
#18 D:/Eureka/EducatioWeb/EducatioWeb_PriSec-main/vendor/laravel/framework/src/Illuminate/Queue/Worker.php(444): Illuminate/Queue/Worker->getPausedQueues('database', Array)
#19 D:/Eureka/EducatioWeb/EducatioWeb_PriSec-main/vendor/laravel/framework/src/Illuminate/Queue/Worker.php(404): Illuminate/Queue/Worker->getNextJob(Object(Illuminate/Queue/DatabaseQueue), 'default')
#20 D:/Eureka/EducatioWeb/EducatioWeb_PriSec-main/vendor/laravel/framework/src/Illuminate/Queue/Console/WorkCommand.php(149): Illuminate/Queue/Worker->runNextJob('database', 'default', Object(Illuminate/Queue/WorkerOptions))
#21 D:/Eureka/EducatioWeb/EducatioWeb_PriSec-main/vendor/laravel/framework/src/Illuminate/Queue/Console/WorkCommand.php(132): Illuminate/Queue/Console/WorkCommand->runWorker('database', 'default')
#22 D:/Eureka/EducatioWeb/EducatioWeb_PriSec-main/vendor/laravel/framework/src/Illuminate/Container/BoundMethod.php(36): Illuminate/Queue/Console/WorkCommand->handle()
#23 D:/Eureka/EducatioWeb/EducatioWeb_PriSec-main/vendor/laravel/framework/src/Illuminate/Container/Util.php(43): Illuminate/Container/BoundMethod::Illuminate/Container/{closure}()
#24 D:/Eureka/EducatioWeb/EducatioWeb_PriSec-main/vendor/laravel/framework/src/Illuminate/Container/BoundMethod.php(96): Illuminate/Container/Util::unwrapIfClosure(Object(Closure))
#25 D:/Eureka/EducatioWeb/EducatioWeb_PriSec-main/vendor/laravel/framework/src/Illuminate/Container/BoundMethod.php(35): Illuminate/Container/BoundMethod::callBoundMethod(Object(Illuminate/Foundation/Application), Array, Object(Closure))
#26 D:/Eureka/EducatioWeb/EducatioWeb_PriSec-main/vendor/laravel/framework/src/Illuminate/Container/Container.php(799): Illuminate/Container/BoundMethod::call(Object(Illuminate/Foundation/Application), Array, Array, NULL)
#27 D:/Eureka/EducatioWeb/EducatioWeb_PriSec-main/vendor/laravel/framework/src/Illuminate/Console/Command.php(280): Illuminate/Container/Container->call(Array)
#28 D:/Eureka/EducatioWeb/EducatioWeb_PriSec-main/vendor/symfony/console/Command/Command.php(341): Illuminate/Console/Command->execute(Object(Symfony/Component/Console/Input/ArgvInput), Object(Illuminate/Console/OutputStyle))
#29 D:/Eureka/EducatioWeb/EducatioWeb_PriSec-main/vendor/laravel/framework/src/Illuminate/Console/Command.php(249): Symfony/Component/Console/Command/Command->run(Object(Symfony/Component/Console/Input/ArgvInput), Object(Illuminate/Console/OutputStyle))
#30 D:/Eureka/EducatioWeb/EducatioWeb_PriSec-main/vendor/symfony/console/Application.php(1117): Illuminate/Console/Command->run(Object(Symfony/Component/Console/Input/ArgvInput), Object(Symfony/Component/Console/Output/ConsoleOutput))
#31 D:/Eureka/EducatioWeb/EducatioWeb_PriSec-main/vendor/symfony/console/Application.php(356): Symfony/Component/Console/Application->doRunCommand(Object(Illuminate/Queue/Console/WorkCommand), Object(Symfony/Component/Console/Input/ArgvInput), Object(Symfony/Component/Console/Output/ConsoleOutput))
#32 D:/Eureka/EducatioWeb/EducatioWeb_PriSec-main/vendor/symfony/console/Application.php(195): Symfony/Component/Console/Application->doRun(Object(Symfony/Component/Console/Input/ArgvInput), Object(Symfony/Component/Console/Output/ConsoleOutput))
#33 D:/Eureka/EducatioWeb/EducatioWeb_PriSec-main/vendor/laravel/framework/src/Illuminate/Foundation/Console/Kernel.php(198): Symfony/Component/Console/Application->run(Object(Symfony/Component/Console/Input/ArgvInput), Object(Symfony/Component/Console/Output/ConsoleOutput))
#34 D:/Eureka/EducatioWeb/EducatioWeb_PriSec-main/vendor/laravel/framework/src/Illuminate/Foundation/Application.php(1235): Illuminate/Foundation/Console/Kernel->handle(Object(Symfony/Component/Console/Input/ArgvInput), Object(Symfony/Component/Console/Output/ConsoleOutput))
#35 D:/Eureka/EducatioWeb/EducatioWeb_PriSec-main/artisan(16): Illuminate/Foundation/Application->handleCommand(Object(Symfony/Component/Console/Input/ArgvInput))
#36 {main}
"} 
[2026-07-29 08:47:13] local.ERROR: SQLSTATE[HY000] [2002] No se puede establecer una conexión ya que el equipo de destino denegó expresamente dicha conexión (Connection: mariadb, Host: 127.0.0.1, Port: 3306, Database: educatioweb01db, SQL: select * from `cache` where `key` in (eureframework-cache-illuminate:queue:paused:database:default)) {"exception":"[object] (Illuminate\\Database\\QueryException(code: 2002): SQLSTATE[HY000] [2002] No se puede establecer una conexión ya que el equipo de destino denegó expresamente dicha conexión (Connection: mariadb, Host: 127.0.0.1, Port: 3306, Database: educatioweb01db, SQL: select * from `cache` where `key` in (eureframework-cache-illuminate:queue:paused:database:default)) at D:/Eureka/EducatioWeb/EducatioWeb_PriSec-main/vendor/laravel/framework/src/Illuminate/Database/Connection.php:841)
[stacktrace]
#0 D:/Eureka/EducatioWeb/EducatioWeb_PriSec-main/vendor/laravel/framework/src/Illuminate/Database/Connection.php(797): Illuminate/Database/Connection->runQueryCallback('select * from `...', Array, Object(Closure))
#1 D:/Eureka/EducatioWeb/EducatioWeb_PriSec-main/vendor/laravel/framework/src/Illuminate/Database/Connection.php(412): Illuminate/Database/Connection->run('select * from `...', Array, Object(Closure))
#2 D:/Eureka/EducatioWeb/EducatioWeb_PriSec-main/vendor/laravel/framework/src/Illuminate/Database/Query/Builder.php(3567): Illuminate/Database/Connection->select('select * from `...', Array, true, Array)
#3 D:/Eureka/EducatioWeb/EducatioWeb_PriSec-main/vendor/laravel/framework/src/Illuminate/Database/Query/Builder.php(3551): Illuminate/Database/Query/Builder->runSelect()
#4 D:/Eureka/EducatioWeb/EducatioWeb_PriSec-main/vendor/laravel/framework/src/Illuminate/Cache/DatabaseStore.php(142): Illuminate/Database/Query/Builder->get()
#5 D:/Eureka/EducatioWeb/EducatioWeb_PriSec-main/vendor/laravel/framework/src/Illuminate/Cache/Repository.php(160): Illuminate/Cache/DatabaseStore->many(Array)
#6 D:/Eureka/EducatioWeb/EducatioWeb_PriSec-main/vendor/laravel/framework/src/Illuminate/Queue/QueueManager.php(298): Illuminate/Cache/Repository->many(Array)
#7 D:/Eureka/EducatioWeb/EducatioWeb_PriSec-main/vendor/laravel/framework/src/Illuminate/Queue/Worker.php(483): Illuminate/Queue/QueueManager->getPausedQueues('database', Array)
#8 D:/Eureka/EducatioWeb/EducatioWeb_PriSec-main/vendor/laravel/framework/src/Illuminate/Queue/Worker.php(444): Illuminate/Queue/Worker->getPausedQueues('database', Array)
#9 D:/Eureka/EducatioWeb/EducatioWeb_PriSec-main/vendor/laravel/framework/src/Illuminate/Queue/Worker.php(404): Illuminate/Queue/Worker->getNextJob(Object(Illuminate/Queue/DatabaseQueue), 'default')
#10 D:/Eureka/EducatioWeb/EducatioWeb_PriSec-main/vendor/laravel/framework/src/Illuminate/Queue/Console/WorkCommand.php(149): Illuminate/Queue/Worker->runNextJob('database', 'default', Object(Illuminate/Queue/WorkerOptions))
#11 D:/Eureka/EducatioWeb/EducatioWeb_PriSec-main/vendor/laravel/framework/src/Illuminate/Queue/Console/WorkCommand.php(132): Illuminate/Queue/Console/WorkCommand->runWorker('database', 'default')
#12 D:/Eureka/EducatioWeb/EducatioWeb_PriSec-main/vendor/laravel/framework/src/Illuminate/Container/BoundMethod.php(36): Illuminate/Queue/Console/WorkCommand->handle()
#13 D:/Eureka/EducatioWeb/EducatioWeb_PriSec-main/vendor/laravel/framework/src/Illuminate/Container/Util.php(43): Illuminate/Container/BoundMethod::Illuminate/Container/{closure}()
#14 D:/Eureka/EducatioWeb/EducatioWeb_PriSec-main/vendor/laravel/framework/src/Illuminate/Container/BoundMethod.php(96): Illuminate/Container/Util::unwrapIfClosure(Object(Closure))
#15 D:/Eureka/EducatioWeb/EducatioWeb_PriSec-main/vendor/laravel/framework/src/Illuminate/Container/BoundMethod.php(35): Illuminate/Container/BoundMethod::callBoundMethod(Object(Illuminate/Foundation/Application), Array, Object(Closure))
#16 D:/Eureka/EducatioWeb/EducatioWeb_PriSec-main/vendor/laravel/framework/src/Illuminate/Container/Container.php(799): Illuminate/Container/BoundMethod::call(Object(Illuminate/Foundation/Application), Array, Array, NULL)
#17 D:/Eureka/EducatioWeb/EducatioWeb_PriSec-main/vendor/laravel/framework/src/Illuminate/Console/Command.php(280): Illuminate/Container/Container->call(Array)
#18 D:/Eureka/EducatioWeb/EducatioWeb_PriSec-main/vendor/symfony/console/Command/Command.php(341): Illuminate/Console/Command->execute(Object(Symfony/Component/Console/Input/ArgvInput), Object(Illuminate/Console/OutputStyle))
#19 D:/Eureka/EducatioWeb/EducatioWeb_PriSec-main/vendor/laravel/framework/src/Illuminate/Console/Command.php(249): Symfony/Component/Console/Command/Command->run(Object(Symfony/Component/Console/Input/ArgvInput), Object(Illuminate/Console/OutputStyle))
#20 D:/Eureka/EducatioWeb/EducatioWeb_PriSec-main/vendor/symfony/console/Application.php(1117): Illuminate/Console/Command->run(Object(Symfony/Component/Console/Input/ArgvInput), Object(Symfony/Component/Console/Output/ConsoleOutput))
#21 D:/Eureka/EducatioWeb/EducatioWeb_PriSec-main/vendor/symfony/console/Application.php(356): Symfony/Component/Console/Application->doRunCommand(Object(Illuminate/Queue/Console/WorkCommand), Object(Symfony/Component/Console/Input/ArgvInput), Object(Symfony/Component/Console/Output/ConsoleOutput))
#22 D:/Eureka/EducatioWeb/EducatioWeb_PriSec-main/vendor/symfony/console/Application.php(195): Symfony/Component/Console/Application->doRun(Object(Symfony/Component/Console/Input/ArgvInput), Object(Symfony/Component/Console/Output/ConsoleOutput))
#23 D:/Eureka/EducatioWeb/EducatioWeb_PriSec-main/vendor/laravel/framework/src/Illuminate/Foundation/Console/Kernel.php(198): Symfony/Component/Console/Application->run(Object(Symfony/Component/Console/Input/ArgvInput), Object(Symfony/Component/Console/Output/ConsoleOutput))
#24 D:/Eureka/EducatioWeb/EducatioWeb_PriSec-main/vendor/laravel/framework/src/Illuminate/Foundation/Application.php(1235): Illuminate/Foundation/Console/Kernel->handle(Object(Symfony/Component/Console/Input/ArgvInput), Object(Symfony/Component/Console/Output/ConsoleOutput))
#25 D:/Eureka/EducatioWeb/EducatioWeb_PriSec-main/artisan(16): Illuminate/Foundation/Application->handleCommand(Object(Symfony/Component/Console/Input/ArgvInput))
#26 {main}

[previous exception] [object] (PDOException(code: 2002): SQLSTATE[HY000] [2002] No se puede establecer una conexión ya que el equipo de destino denegó expresamente dicha conexión at D:/Eureka/EducatioWeb/EducatioWeb_PriSec-main/vendor/laravel/framework/src/Illuminate/Database/Connectors/Connector.php:66)
[stacktrace]
#0 D:/Eureka/EducatioWeb/EducatioWeb_PriSec-main/vendor/laravel/framework/src/Illuminate/Database/Connectors/Connector.php(66): PDO->__construct('mysql:host=127....', 'root', Object(SensitiveParameterValue), Array)
#1 D:/Eureka/EducatioWeb/EducatioWeb_PriSec-main/vendor/laravel/framework/src/Illuminate/Database/Connectors/Connector.php(44): Illuminate/Database/Connectors/Connector->createPdoConnection('mysql:host=127....', 'root', Object(SensitiveParameterValue), Array)
#2 D:/Eureka/EducatioWeb/EducatioWeb_PriSec-main/vendor/laravel/framework/src/Illuminate/Database/Connectors/MySqlConnector.php(24): Illuminate/Database/Connectors/Connector->createConnection('mysql:host=127....', Array, Array)
#3 D:/Eureka/EducatioWeb/EducatioWeb_PriSec-main/vendor/laravel/framework/src/Illuminate/Database/Connectors/ConnectionFactory.php(188): Illuminate/Database/Connectors/MySqlConnector->connect(Array)
#4 [internal function]: Illuminate/Database/Connectors/ConnectionFactory->Illuminate/Database/Connectors/{closure}()
#5 D:/Eureka/EducatioWeb/EducatioWeb_PriSec-main/vendor/laravel/framework/src/Illuminate/Database/Connection.php(1279): call_user_func(Object(Closure))
#6 D:/Eureka/EducatioWeb/EducatioWeb_PriSec-main/vendor/laravel/framework/src/Illuminate/Database/Connection.php(1317): Illuminate/Database/Connection->getPdo()
#7 D:/Eureka/EducatioWeb/EducatioWeb_PriSec-main/vendor/laravel/framework/src/Illuminate/Database/Connection.php(528): Illuminate/Database/Connection->getReadPdo()
#8 D:/Eureka/EducatioWeb/EducatioWeb_PriSec-main/vendor/laravel/framework/src/Illuminate/Database/Connection.php(421): Illuminate/Database/Connection->getPdoForSelect(true)
#9 D:/Eureka/EducatioWeb/EducatioWeb_PriSec-main/vendor/laravel/framework/src/Illuminate/Database/Connection.php(830): Illuminate/Database/Connection->Illuminate/Database/{closure}('select * from `...', Array)
#10 D:/Eureka/EducatioWeb/EducatioWeb_PriSec-main/vendor/laravel/framework/src/Illuminate/Database/Connection.php(797): Illuminate/Database/Connection->runQueryCallback('select * from `...', Array, Object(Closure))
#11 D:/Eureka/EducatioWeb/EducatioWeb_PriSec-main/vendor/laravel/framework/src/Illuminate/Database/Connection.php(412): Illuminate/Database/Connection->run('select * from `...', Array, Object(Closure))
#12 D:/Eureka/EducatioWeb/EducatioWeb_PriSec-main/vendor/laravel/framework/src/Illuminate/Database/Query/Builder.php(3567): Illuminate/Database/Connection->select('select * from `...', Array, true, Array)
#13 D:/Eureka/EducatioWeb/EducatioWeb_PriSec-main/vendor/laravel/framework/src/Illuminate/Database/Query/Builder.php(3551): Illuminate/Database/Query/Builder->runSelect()
#14 D:/Eureka/EducatioWeb/EducatioWeb_PriSec-main/vendor/laravel/framework/src/Illuminate/Cache/DatabaseStore.php(142): Illuminate/Database/Query/Builder->get()
#15 D:/Eureka/EducatioWeb/EducatioWeb_PriSec-main/vendor/laravel/framework/src/Illuminate/Cache/Repository.php(160): Illuminate/Cache/DatabaseStore->many(Array)
#16 D:/Eureka/EducatioWeb/EducatioWeb_PriSec-main/vendor/laravel/framework/src/Illuminate/Queue/QueueManager.php(298): Illuminate/Cache/Repository->many(Array)
#17 D:/Eureka/EducatioWeb/EducatioWeb_PriSec-main/vendor/laravel/framework/src/Illuminate/Queue/Worker.php(483): Illuminate/Queue/QueueManager->getPausedQueues('database', Array)
#18 D:/Eureka/EducatioWeb/EducatioWeb_PriSec-main/vendor/laravel/framework/src/Illuminate/Queue/Worker.php(444): Illuminate/Queue/Worker->getPausedQueues('database', Array)
#19 D:/Eureka/EducatioWeb/EducatioWeb_PriSec-main/vendor/laravel/framework/src/Illuminate/Queue/Worker.php(404): Illuminate/Queue/Worker->getNextJob(Object(Illuminate/Queue/DatabaseQueue), 'default')
#20 D:/Eureka/EducatioWeb/EducatioWeb_PriSec-main/vendor/laravel/framework/src/Illuminate/Queue/Console/WorkCommand.php(149): Illuminate/Queue/Worker->runNextJob('database', 'default', Object(Illuminate/Queue/WorkerOptions))
#21 D:/Eureka/EducatioWeb/EducatioWeb_PriSec-main/vendor/laravel/framework/src/Illuminate/Queue/Console/WorkCommand.php(132): Illuminate/Queue/Console/WorkCommand->runWorker('database', 'default')
#22 D:/Eureka/EducatioWeb/EducatioWeb_PriSec-main/vendor/laravel/framework/src/Illuminate/Container/BoundMethod.php(36): Illuminate/Queue/Console/WorkCommand->handle()
#23 D:/Eureka/EducatioWeb/EducatioWeb_PriSec-main/vendor/laravel/framework/src/Illuminate/Container/Util.php(43): Illuminate/Container/BoundMethod::Illuminate/Container/{closure}()
#24 D:/Eureka/EducatioWeb/EducatioWeb_PriSec-main/vendor/laravel/framework/src/Illuminate/Container/BoundMethod.php(96): Illuminate/Container/Util::unwrapIfClosure(Object(Closure))
#25 D:/Eureka/EducatioWeb/EducatioWeb_PriSec-main/vendor/laravel/framework/src/Illuminate/Container/BoundMethod.php(35): Illuminate/Container/BoundMethod::callBoundMethod(Object(Illuminate/Foundation/Application), Array, Object(Closure))
#26 D:/Eureka/EducatioWeb/EducatioWeb_PriSec-main/vendor/laravel/framework/src/Illuminate/Container/Container.php(799): Illuminate/Container/BoundMethod::call(Object(Illuminate/Foundation/Application), Array, Array, NULL)
#27 D:/Eureka/EducatioWeb/EducatioWeb_PriSec-main/vendor/laravel/framework/src/Illuminate/Console/Command.php(280): Illuminate/Container/Container->call(Array)
#28 D:/Eureka/EducatioWeb/EducatioWeb_PriSec-main/vendor/symfony/console/Command/Command.php(341): Illuminate/Console/Command->execute(Object(Symfony/Component/Console/Input/ArgvInput), Object(Illuminate/Console/OutputStyle))
#29 D:/Eureka/EducatioWeb/EducatioWeb_PriSec-main/vendor/laravel/framework/src/Illuminate/Console/Command.php(249): Symfony/Component/Console/Command/Command->run(Object(Symfony/Component/Console/Input/ArgvInput), Object(Illuminate/Console/OutputStyle))
#30 D:/Eureka/EducatioWeb/EducatioWeb_PriSec-main/vendor/symfony/console/Application.php(1117): Illuminate/Console/Command->run(Object(Symfony/Component/Console/Input/ArgvInput), Object(Symfony/Component/Console/Output/ConsoleOutput))
#31 D:/Eureka/EducatioWeb/EducatioWeb_PriSec-main/vendor/symfony/console/Application.php(356): Symfony/Component/Console/Application->doRunCommand(Object(Illuminate/Queue/Console/WorkCommand), Object(Symfony/Component/Console/Input/ArgvInput), Object(Symfony/Component/Console/Output/ConsoleOutput))
#32 D:/Eureka/EducatioWeb/EducatioWeb_PriSec-main/vendor/symfony/console/Application.php(195): Symfony/Component/Console/Application->doRun(Object(Symfony/Component/Console/Input/ArgvInput), Object(Symfony/Component/Console/Output/ConsoleOutput))
#33 D:/Eureka/EducatioWeb/EducatioWeb_PriSec-main/vendor/laravel/framework/src/Illuminate/Foundation/Console/Kernel.php(198): Symfony/Component/Console/Application->run(Object(Symfony/Component/Console/Input/ArgvInput), Object(Symfony/Component/Console/Output/ConsoleOutput))
#34 D:/Eureka/EducatioWeb/EducatioWeb_PriSec-main/vendor/laravel/framework/src/Illuminate/Foundation/Application.php(1235): Illuminate/Foundation/Console/Kernel->handle(Object(Symfony/Component/Console/Input/ArgvInput), Object(Symfony/Component/Console/Output/ConsoleOutput))
#35 D:/Eureka/EducatioWeb/EducatioWeb_PriSec-main/artisan(16): Illuminate/Foundation/Application->handleCommand(Object(Symfony/Component/Console/Input/ArgvInput))
#36 {main}
"} 
[2026-07-29 08:47:20] local.ERROR: SQLSTATE[HY000] [2002] No se puede establecer una conexión ya que el equipo de destino denegó expresamente dicha conexión (Connection: mariadb, Host: 127.0.0.1, Port: 3306, Database: educatioweb01db, SQL: select * from `cache` where `key` in (eureframework-cache-illuminate:queue:paused:database:default)) {"exception":"[object] (Illuminate\\Database\\QueryException(code: 2002): SQLSTATE[HY000] [2002] No se puede establecer una conexión ya que el equipo de destino denegó expresamente dicha conexión (Connection: mariadb, Host: 127.0.0.1, Port: 3306, Database: educatioweb01db, SQL: select * from `cache` where `key` in (eureframework-cache-illuminate:queue:paused:database:default)) at D:/Eureka/EducatioWeb/EducatioWeb_PriSec-main/vendor/laravel/framework/src/Illuminate/Database/Connection.php:841)
[stacktrace]
#0 D:/Eureka/EducatioWeb/EducatioWeb_PriSec-main/vendor/laravel/framework/src/Illuminate/Database/Connection.php(797): Illuminate/Database/Connection->runQueryCallback('select * from `...', Array, Object(Closure))
#1 D:/Eureka/EducatioWeb/EducatioWeb_PriSec-main/vendor/laravel/framework/src/Illuminate/Database/Connection.php(412): Illuminate/Database/Connection->run('select * from `...', Array, Object(Closure))
#2 D:/Eureka/EducatioWeb/EducatioWeb_PriSec-main/vendor/laravel/framework/src/Illuminate/Database/Query/Builder.php(3567): Illuminate/Database/Connection->select('select * from `...', Array, true, Array)
#3 D:/Eureka/EducatioWeb/EducatioWeb_PriSec-main/vendor/laravel/framework/src/Illuminate/Database/Query/Builder.php(3551): Illuminate/Database/Query/Builder->runSelect()
#4 D:/Eureka/EducatioWeb/EducatioWeb_PriSec-main/vendor/laravel/framework/src/Illuminate/Cache/DatabaseStore.php(142): Illuminate/Database/Query/Builder->get()
#5 D:/Eureka/EducatioWeb/EducatioWeb_PriSec-main/vendor/laravel/framework/src/Illuminate/Cache/Repository.php(160): Illuminate/Cache/DatabaseStore->many(Array)
#6 D:/Eureka/EducatioWeb/EducatioWeb_PriSec-main/vendor/laravel/framework/src/Illuminate/Queue/QueueManager.php(298): Illuminate/Cache/Repository->many(Array)
#7 D:/Eureka/EducatioWeb/EducatioWeb_PriSec-main/vendor/laravel/framework/src/Illuminate/Queue/Worker.php(483): Illuminate/Queue/QueueManager->getPausedQueues('database', Array)
#8 D:/Eureka/EducatioWeb/EducatioWeb_PriSec-main/vendor/laravel/framework/src/Illuminate/Queue/Worker.php(444): Illuminate/Queue/Worker->getPausedQueues('database', Array)
#9 D:/Eureka/EducatioWeb/EducatioWeb_PriSec-main/vendor/laravel/framework/src/Illuminate/Queue/Worker.php(404): Illuminate/Queue/Worker->getNextJob(Object(Illuminate/Queue/DatabaseQueue), 'default')
#10 D:/Eureka/EducatioWeb/EducatioWeb_PriSec-main/vendor/laravel/framework/src/Illuminate/Queue/Console/WorkCommand.php(149): Illuminate/Queue/Worker->runNextJob('database', 'default', Object(Illuminate/Queue/WorkerOptions))
#11 D:/Eureka/EducatioWeb/EducatioWeb_PriSec-main/vendor/laravel/framework/src/Illuminate/Queue/Console/WorkCommand.php(132): Illuminate/Queue/Console/WorkCommand->runWorker('database', 'default')
#12 D:/Eureka/EducatioWeb/EducatioWeb_PriSec-main/vendor/laravel/framework/src/Illuminate/Container/BoundMethod.php(36): Illuminate/Queue/Console/WorkCommand->handle()
#13 D:/Eureka/EducatioWeb/EducatioWeb_PriSec-main/vendor/laravel/framework/src/Illuminate/Container/Util.php(43): Illuminate/Container/BoundMethod::Illuminate/Container/{closure}()
#14 D:/Eureka/EducatioWeb/EducatioWeb_PriSec-main/vendor/laravel/framework/src/Illuminate/Container/BoundMethod.php(96): Illuminate/Container/Util::unwrapIfClosure(Object(Closure))
#15 D:/Eureka/EducatioWeb/EducatioWeb_PriSec-main/vendor/laravel/framework/src/Illuminate/Container/BoundMethod.php(35): Illuminate/Container/BoundMethod::callBoundMethod(Object(Illuminate/Foundation/Application), Array, Object(Closure))
#16 D:/Eureka/EducatioWeb/EducatioWeb_PriSec-main/vendor/laravel/framework/src/Illuminate/Container/Container.php(799): Illuminate/Container/BoundMethod::call(Object(Illuminate/Foundation/Application), Array, Array, NULL)
#17 D:/Eureka/EducatioWeb/EducatioWeb_PriSec-main/vendor/laravel/framework/src/Illuminate/Console/Command.php(280): Illuminate/Container/Container->call(Array)
#18 D:/Eureka/EducatioWeb/EducatioWeb_PriSec-main/vendor/symfony/console/Command/Command.php(341): Illuminate/Console/Command->execute(Object(Symfony/Component/Console/Input/ArgvInput), Object(Illuminate/Console/OutputStyle))
#19 D:/Eureka/EducatioWeb/EducatioWeb_PriSec-main/vendor/laravel/framework/src/Illuminate/Console/Command.php(249): Symfony/Component/Console/Command/Command->run(Object(Symfony/Component/Console/Input/ArgvInput), Object(Illuminate/Console/OutputStyle))
#20 D:/Eureka/EducatioWeb/EducatioWeb_PriSec-main/vendor/symfony/console/Application.php(1117): Illuminate/Console/Command->run(Object(Symfony/Component/Console/Input/ArgvInput), Object(Symfony/Component/Console/Output/ConsoleOutput))
#21 D:/Eureka/EducatioWeb/EducatioWeb_PriSec-main/vendor/symfony/console/Application.php(356): Symfony/Component/Console/Application->doRunCommand(Object(Illuminate/Queue/Console/WorkCommand), Object(Symfony/Component/Console/Input/ArgvInput), Object(Symfony/Component/Console/Output/ConsoleOutput))
#22 D:/Eureka/EducatioWeb/EducatioWeb_PriSec-main/vendor/symfony/console/Application.php(195): Symfony/Component/Console/Application->doRun(Object(Symfony/Component/Console/Input/ArgvInput), Object(Symfony/Component/Console/Output/ConsoleOutput))
#23 D:/Eureka/EducatioWeb/EducatioWeb_PriSec-main/vendor/laravel/framework/src/Illuminate/Foundation/Console/Kernel.php(198): Symfony/Component/Console/Application->run(Object(Symfony/Component/Console/Input/ArgvInput), Object(Symfony/Component/Console/Output/ConsoleOutput))
#24 D:/Eureka/EducatioWeb/EducatioWeb_PriSec-main/vendor/laravel/framework/src/Illuminate/Foundation/Application.php(1235): Illuminate/Foundation/Console/Kernel->handle(Object(Symfony/Component/Console/Input/ArgvInput), Object(Symfony/Component/Console/Output/ConsoleOutput))
#25 D:/Eureka/EducatioWeb/EducatioWeb_PriSec-main/artisan(16): Illuminate/Foundation/Application->handleCommand(Object(Symfony/Component/Console/Input/ArgvInput))
#26 {main}

[previous exception] [object] (PDOException(code: 2002): SQLSTATE[HY000] [2002] No se puede establecer una conexión ya que el equipo de destino denegó expresamente dicha conexión at D:/Eureka/EducatioWeb/EducatioWeb_PriSec-main/vendor/laravel/framework/src/Illuminate/Database/Connectors/Connector.php:66)
[stacktrace]
#0 D:/Eureka/EducatioWeb/EducatioWeb_PriSec-main/vendor/laravel/framework/src/Illuminate/Database/Connectors/Connector.php(66): PDO->__construct('mysql:host=127....', 'root', Object(SensitiveParameterValue), Array)
#1 D:/Eureka/EducatioWeb/EducatioWeb_PriSec-main/vendor/laravel/framework/src/Illuminate/Database/Connectors/Connector.php(44): Illuminate/Database/Connectors/Connector->createPdoConnection('mysql:host=127....', 'root', Object(SensitiveParameterValue), Array)
#2 D:/Eureka/EducatioWeb/EducatioWeb_PriSec-main/vendor/laravel/framework/src/Illuminate/Database/Connectors/MySqlConnector.php(24): Illuminate/Database/Connectors/Connector->createConnection('mysql:host=127....', Array, Array)
#3 D:/Eureka/EducatioWeb/EducatioWeb_PriSec-main/vendor/laravel/framework/src/Illuminate/Database/Connectors/ConnectionFactory.php(188): Illuminate/Database/Connectors/MySqlConnector->connect(Array)
#4 [internal function]: Illuminate/Database/Connectors/ConnectionFactory->Illuminate/Database/Connectors/{closure}()
#5 D:/Eureka/EducatioWeb/EducatioWeb_PriSec-main/vendor/laravel/framework/src/Illuminate/Database/Connection.php(1279): call_user_func(Object(Closure))
#6 D:/Eureka/EducatioWeb/EducatioWeb_PriSec-main/vendor/laravel/framework/src/Illuminate/Database/Connection.php(1317): Illuminate/Database/Connection->getPdo()
#7 D:/Eureka/EducatioWeb/EducatioWeb_PriSec-main/vendor/laravel/framework/src/Illuminate/Database/Connection.php(528): Illuminate/Database/Connection->getReadPdo()
#8 D:/Eureka/EducatioWeb/EducatioWeb_PriSec-main/vendor/laravel/framework/src/Illuminate/Database/Connection.php(421): Illuminate/Database/Connection->getPdoForSelect(true)
#9 D:/Eureka/EducatioWeb/EducatioWeb_PriSec-main/vendor/laravel/framework/src/Illuminate/Database/Connection.php(830): Illuminate/Database/Connection->Illuminate/Database/{closure}('select * from `...', Array)
#10 D:/Eureka/EducatioWeb/EducatioWeb_PriSec-main/vendor/laravel/framework/src/Illuminate/Database/Connection.php(797): Illuminate/Database/Connection->runQueryCallback('select * from `...', Array, Object(Closure))
#11 D:/Eureka/EducatioWeb/EducatioWeb_PriSec-main/vendor/laravel/framework/src/Illuminate/Database/Connection.php(412): Illuminate/Database/Connection->run('select * from `...', Array, Object(Closure))
#12 D:/Eureka/EducatioWeb/EducatioWeb_PriSec-main/vendor/laravel/framework/src/Illuminate/Database/Query/Builder.php(3567): Illuminate/Database/Connection->select('select * from `...', Array, true, Array)
#13 D:/Eureka/EducatioWeb/EducatioWeb_PriSec-main/vendor/laravel/framework/src/Illuminate/Database/Query/Builder.php(3551): Illuminate/Database/Query/Builder->runSelect()
#14 D:/Eureka/EducatioWeb/EducatioWeb_PriSec-main/vendor/laravel/framework/src/Illuminate/Cache/DatabaseStore.php(142): Illuminate/Database/Query/Builder->get()
#15 D:/Eureka/EducatioWeb/EducatioWeb_PriSec-main/vendor/laravel/framework/src/Illuminate/Cache/Repository.php(160): Illuminate/Cache/DatabaseStore->many(Array)
#16 D:/Eureka/EducatioWeb/EducatioWeb_PriSec-main/vendor/laravel/framework/src/Illuminate/Queue/QueueManager.php(298): Illuminate/Cache/Repository->many(Array)
#17 D:/Eureka/EducatioWeb/EducatioWeb_PriSec-main/vendor/laravel/framework/src/Illuminate/Queue/Worker.php(483): Illuminate/Queue/QueueManager->getPausedQueues('database', Array)
#18 D:/Eureka/EducatioWeb/EducatioWeb_PriSec-main/vendor/laravel/framework/src/Illuminate/Queue/Worker.php(444): Illuminate/Queue/Worker->getPausedQueues('database', Array)
#19 D:/Eureka/EducatioWeb/EducatioWeb_PriSec-main/vendor/laravel/framework/src/Illuminate/Queue/Worker.php(404): Illuminate/Queue/Worker->getNextJob(Object(Illuminate/Queue/DatabaseQueue), 'default')
#20 D:/Eureka/EducatioWeb/EducatioWeb_PriSec-main/vendor/laravel/framework/src/Illuminate/Queue/Console/WorkCommand.php(149): Illuminate/Queue/Worker->runNextJob('database', 'default', Object(Illuminate/Queue/WorkerOptions))
#21 D:/Eureka/EducatioWeb/EducatioWeb_PriSec-main/vendor/laravel/framework/src/Illuminate/Queue/Console/WorkCommand.php(132): Illuminate/Queue/Console/WorkCommand->runWorker('database', 'default')
#22 D:/Eureka/EducatioWeb/EducatioWeb_PriSec-main/vendor/laravel/framework/src/Illuminate/Container/BoundMethod.php(36): Illuminate/Queue/Console/WorkCommand->handle()
#23 D:/Eureka/EducatioWeb/EducatioWeb_PriSec-main/vendor/laravel/framework/src/Illuminate/Container/Util.php(43): Illuminate/Container/BoundMethod::Illuminate/Container/{closure}()
#24 D:/Eureka/EducatioWeb/EducatioWeb_PriSec-main/vendor/laravel/framework/src/Illuminate/Container/BoundMethod.php(96): Illuminate/Container/Util::unwrapIfClosure(Object(Closure))
#25 D:/Eureka/EducatioWeb/EducatioWeb_PriSec-main/vendor/laravel/framework/src/Illuminate/Container/BoundMethod.php(35): Illuminate/Container/BoundMethod::callBoundMethod(Object(Illuminate/Foundation/Application), Array, Object(Closure))
#26 D:/Eureka/EducatioWeb/EducatioWeb_PriSec-main/vendor/laravel/framework/src/Illuminate/Container/Container.php(799): Illuminate/Container/BoundMethod::call(Object(Illuminate/Foundation/Application), Array, Array, NULL)
#27 D:/Eureka/EducatioWeb/EducatioWeb_PriSec-main/vendor/laravel/framework/src/Illuminate/Console/Command.php(280): Illuminate/Container/Container->call(Array)
#28 D:/Eureka/EducatioWeb/EducatioWeb_PriSec-main/vendor/symfony/console/Command/Command.php(341): Illuminate/Console/Command->execute(Object(Symfony/Component/Console/Input/ArgvInput), Object(Illuminate/Console/OutputStyle))
#29 D:/Eureka/EducatioWeb/EducatioWeb_PriSec-main/vendor/laravel/framework/src/Illuminate/Console/Command.php(249): Symfony/Component/Console/Command/Command->run(Object(Symfony/Component/Console/Input/ArgvInput), Object(Illuminate/Console/OutputStyle))
#30 D:/Eureka/EducatioWeb/EducatioWeb_PriSec-main/vendor/symfony/console/Application.php(1117): Illuminate/Console/Command->run(Object(Symfony/Component/Console/Input/ArgvInput), Object(Symfony/Component/Console/Output/ConsoleOutput))
#31 D:/Eureka/EducatioWeb/EducatioWeb_PriSec-main/vendor/symfony/console/Application.php(356): Symfony/Component/Console/Application->doRunCommand(Object(Illuminate/Queue/Console/WorkCommand), Object(Symfony/Component/Console/Input/ArgvInput), Object(Symfony/Component/Console/Output/ConsoleOutput))
#32 D:/Eureka/EducatioWeb/EducatioWeb_PriSec-main/vendor/symfony/console/Application.php(195): Symfony/Component/Console/Application->doRun(Object(Symfony/Component/Console/Input/ArgvInput), Object(Symfony/Component/Console/Output/ConsoleOutput))
#33 D:/Eureka/EducatioWeb/EducatioWeb_PriSec-main/vendor/laravel/framework/src/Illuminate/Foundation/Console/Kernel.php(198): Symfony/Component/Console/Application->run(Object(Symfony/Component/Console/Input/ArgvInput), Object(Symfony/Component/Console/Output/ConsoleOutput))
#34 D:/Eureka/EducatioWeb/EducatioWeb_PriSec-main/vendor/laravel/framework/src/Illuminate/Foundation/Application.php(1235): Illuminate/Foundation/Console/Kernel->handle(Object(Symfony/Component/Console/Input/ArgvInput), Object(Symfony/Component/Console/Output/ConsoleOutput))
#35 D:/Eureka/EducatioWeb/EducatioWeb_PriSec-main/artisan(16): Illuminate/Foundation/Application->handleCommand(Object(Symfony/Component/Console/Input/ArgvInput))
#36 {main}
"} 
[2026-07-29 08:47:26] local.ERROR: SQLSTATE[HY000] [2002] No se puede establecer una conexión ya que el equipo de destino denegó expresamente dicha conexión (Connection: mariadb, Host: 127.0.0.1, Port: 3306, Database: educatioweb01db, SQL: select * from `cache` where `key` in (eureframework-cache-illuminate:queue:paused:database:default)) {"exception":"[object] (Illuminate\\Database\\QueryException(code: 2002): SQLSTATE[HY000] [2002] No se puede establecer una conexión ya que el equipo de destino denegó expresamente dicha conexión (Connection: mariadb, Host: 127.0.0.1, Port: 3306, Database: educatioweb01db, SQL: select * from `cache` where `key` in (eureframework-cache-illuminate:queue:paused:database:default)) at D:/Eureka/EducatioWeb/EducatioWeb_PriSec-main/vendor/laravel/framework/src/Illuminate/Database/Connection.php:841)
[stacktrace]
#0 D:/Eureka/EducatioWeb/EducatioWeb_PriSec-main/vendor/laravel/framework/src/Illuminate/Database/Connection.php(797): Illuminate/Database/Connection->runQueryCallback('select * from `...', Array, Object(Closure))
#1 D:/Eureka/EducatioWeb/EducatioWeb_PriSec-main/vendor/laravel/framework/src/Illuminate/Database/Connection.php(412): Illuminate/Database/Connection->run('select * from `...', Array, Object(Closure))
#2 D:/Eureka/EducatioWeb/EducatioWeb_PriSec-main/vendor/laravel/framework/src/Illuminate/Database/Query/Builder.php(3567): Illuminate/Database/Connection->select('select * from `...', Array, true, Array)
#3 D:/Eureka/EducatioWeb/EducatioWeb_PriSec-main/vendor/laravel/framework/src/Illuminate/Database/Query/Builder.php(3551): Illuminate/Database/Query/Builder->runSelect()
#4 D:/Eureka/EducatioWeb/EducatioWeb_PriSec-main/vendor/laravel/framework/src/Illuminate/Cache/DatabaseStore.php(142): Illuminate/Database/Query/Builder->get()
#5 D:/Eureka/EducatioWeb/EducatioWeb_PriSec-main/vendor/laravel/framework/src/Illuminate/Cache/Repository.php(160): Illuminate/Cache/DatabaseStore->many(Array)
#6 D:/Eureka/EducatioWeb/EducatioWeb_PriSec-main/vendor/laravel/framework/src/Illuminate/Queue/QueueManager.php(298): Illuminate/Cache/Repository->many(Array)
#7 D:/Eureka/EducatioWeb/EducatioWeb_PriSec-main/vendor/laravel/framework/src/Illuminate/Queue/Worker.php(483): Illuminate/Queue/QueueManager->getPausedQueues('database', Array)
#8 D:/Eureka/EducatioWeb/EducatioWeb_PriSec-main/vendor/laravel/framework/src/Illuminate/Queue/Worker.php(444): Illuminate/Queue/Worker->getPausedQueues('database', Array)
#9 D:/Eureka/EducatioWeb/EducatioWeb_PriSec-main/vendor/laravel/framework/src/Illuminate/Queue/Worker.php(404): Illuminate/Queue/Worker->getNextJob(Object(Illuminate/Queue/DatabaseQueue), 'default')
#10 D:/Eureka/EducatioWeb/EducatioWeb_PriSec-main/vendor/laravel/framework/src/Illuminate/Queue/Console/WorkCommand.php(149): Illuminate/Queue/Worker->runNextJob('database', 'default', Object(Illuminate/Queue/WorkerOptions))
#11 D:/Eureka/EducatioWeb/EducatioWeb_PriSec-main/vendor/laravel/framework/src/Illuminate/Queue/Console/WorkCommand.php(132): Illuminate/Queue/Console/WorkCommand->runWorker('database', 'default')
#12 D:/Eureka/EducatioWeb/EducatioWeb_PriSec-main/vendor/laravel/framework/src/Illuminate/Container/BoundMethod.php(36): Illuminate/Queue/Console/WorkCommand->handle()
#13 D:/Eureka/EducatioWeb/EducatioWeb_PriSec-main/vendor/laravel/framework/src/Illuminate/Container/Util.php(43): Illuminate/Container/BoundMethod::Illuminate/Container/{closure}()
#14 D:/Eureka/EducatioWeb/EducatioWeb_PriSec-main/vendor/laravel/framework/src/Illuminate/Container/BoundMethod.php(96): Illuminate/Container/Util::unwrapIfClosure(Object(Closure))
#15 D:/Eureka/EducatioWeb/EducatioWeb_PriSec-main/vendor/laravel/framework/src/Illuminate/Container/BoundMethod.php(35): Illuminate/Container/BoundMethod::callBoundMethod(Object(Illuminate/Foundation/Application), Array, Object(Closure))
#16 D:/Eureka/EducatioWeb/EducatioWeb_PriSec-main/vendor/laravel/framework/src/Illuminate/Container/Container.php(799): Illuminate/Container/BoundMethod::call(Object(Illuminate/Foundation/Application), Array, Array, NULL)
#17 D:/Eureka/EducatioWeb/EducatioWeb_PriSec-main/vendor/laravel/framework/src/Illuminate/Console/Command.php(280): Illuminate/Container/Container->call(Array)
#18 D:/Eureka/EducatioWeb/EducatioWeb_PriSec-main/vendor/symfony/console/Command/Command.php(341): Illuminate/Console/Command->execute(Object(Symfony/Component/Console/Input/ArgvInput), Object(Illuminate/Console/OutputStyle))
#19 D:/Eureka/EducatioWeb/EducatioWeb_PriSec-main/vendor/laravel/framework/src/Illuminate/Console/Command.php(249): Symfony/Component/Console/Command/Command->run(Object(Symfony/Component/Console/Input/ArgvInput), Object(Illuminate/Console/OutputStyle))
#20 D:/Eureka/EducatioWeb/EducatioWeb_PriSec-main/vendor/symfony/console/Application.php(1117): Illuminate/Console/Command->run(Object(Symfony/Component/Console/Input/ArgvInput), Object(Symfony/Component/Console/Output/ConsoleOutput))
#21 D:/Eureka/EducatioWeb/EducatioWeb_PriSec-main/vendor/symfony/console/Application.php(356): Symfony/Component/Console/Application->doRunCommand(Object(Illuminate/Queue/Console/WorkCommand), Object(Symfony/Component/Console/Input/ArgvInput), Object(Symfony/Component/Console/Output/ConsoleOutput))
#22 D:/Eureka/EducatioWeb/EducatioWeb_PriSec-main/vendor/symfony/console/Application.php(195): Symfony/Component/Console/Application->doRun(Object(Symfony/Component/Console/Input/ArgvInput), Object(Symfony/Component/Console/Output/ConsoleOutput))
#23 D:/Eureka/EducatioWeb/EducatioWeb_PriSec-main/vendor/laravel/framework/src/Illuminate/Foundation/Console/Kernel.php(198): Symfony/Component/Console/Application->run(Object(Symfony/Component/Console/Input/ArgvInput), Object(Symfony/Component/Console/Output/ConsoleOutput))
#24 D:/Eureka/EducatioWeb/EducatioWeb_PriSec-main/vendor/laravel/framework/src/Illuminate/Foundation/Application.php(1235): Illuminate/Foundation/Console/Kernel->handle(Object(Symfony/Component/Console/Input/ArgvInput), Object(Symfony/Component/Console/Output/ConsoleOutput))
#25 D:/Eureka/EducatioWeb/EducatioWeb_PriSec-main/artisan(16): Illuminate/Foundation/Application->handleCommand(Object(Symfony/Component/Console/Input/ArgvInput))
#26 {main}

[previous exception] [object] (PDOException(code: 2002): SQLSTATE[HY000] [2002] No se puede establecer una conexión ya que el equipo de destino denegó expresamente dicha conexión at D:/Eureka/EducatioWeb/EducatioWeb_PriSec-main/vendor/laravel/framework/src/Illuminate/Database/Connectors/Connector.php:66)
[stacktrace]
#0 D:/Eureka/EducatioWeb/EducatioWeb_PriSec-main/vendor/laravel/framework/src/Illuminate/Database/Connectors/Connector.php(66): PDO->__construct('mysql:host=127....', 'root', Object(SensitiveParameterValue), Array)
#1 D:/Eureka/EducatioWeb/EducatioWeb_PriSec-main/vendor/laravel/framework/src/Illuminate/Database/Connectors/Connector.php(44): Illuminate/Database/Connectors/Connector->createPdoConnection('mysql:host=127....', 'root', Object(SensitiveParameterValue), Array)
#2 D:/Eureka/EducatioWeb/EducatioWeb_PriSec-main/vendor/laravel/framework/src/Illuminate/Database/Connectors/MySqlConnector.php(24): Illuminate/Database/Connectors/Connector->createConnection('mysql:host=127....', Array, Array)
#3 D:/Eureka/EducatioWeb/EducatioWeb_PriSec-main/vendor/laravel/framework/src/Illuminate/Database/Connectors/ConnectionFactory.php(188): Illuminate/Database/Connectors/MySqlConnector->connect(Array)
#4 [internal function]: Illuminate/Database/Connectors/ConnectionFactory->Illuminate/Database/Connectors/{closure}()
#5 D:/Eureka/EducatioWeb/EducatioWeb_PriSec-main/vendor/laravel/framework/src/Illuminate/Database/Connection.php(1279): call_user_func(Object(Closure))
#6 D:/Eureka/EducatioWeb/EducatioWeb_PriSec-main/vendor/laravel/framework/src/Illuminate/Database/Connection.php(1317): Illuminate/Database/Connection->getPdo()
#7 D:/Eureka/EducatioWeb/EducatioWeb_PriSec-main/vendor/laravel/framework/src/Illuminate/Database/Connection.php(528): Illuminate/Database/Connection->getReadPdo()
#8 D:/Eureka/EducatioWeb/EducatioWeb_PriSec-main/vendor/laravel/framework/src/Illuminate/Database/Connection.php(421): Illuminate/Database/Connection->getPdoForSelect(true)
#9 D:/Eureka/EducatioWeb/EducatioWeb_PriSec-main/vendor/laravel/framework/src/Illuminate/Database/Connection.php(830): Illuminate/Database/Connection->Illuminate/Database/{closure}('select * from `...', Array)
#10 D:/Eureka/EducatioWeb/EducatioWeb_PriSec-main/vendor/laravel/framework/src/Illuminate/Database/Connection.php(797): Illuminate/Database/Connection->runQueryCallback('select * from `...', Array, Object(Closure))
#11 D:/Eureka/EducatioWeb/EducatioWeb_PriSec-main/vendor/laravel/framework/src/Illuminate/Database/Connection.php(412): Illuminate/Database/Connection->run('select * from `...', Array, Object(Closure))
#12 D:/Eureka/EducatioWeb/EducatioWeb_PriSec-main/vendor/laravel/framework/src/Illuminate/Database/Query/Builder.php(3567): Illuminate/Database/Connection->select('select * from `...', Array, true, Array)
#13 D:/Eureka/EducatioWeb/EducatioWeb_PriSec-main/vendor/laravel/framework/src/Illuminate/Database/Query/Builder.php(3551): Illuminate/Database/Query/Builder->runSelect()
#14 D:/Eureka/EducatioWeb/EducatioWeb_PriSec-main/vendor/laravel/framework/src/Illuminate/Cache/DatabaseStore.php(142): Illuminate/Database/Query/Builder->get()
#15 D:/Eureka/EducatioWeb/EducatioWeb_PriSec-main/vendor/laravel/framework/src/Illuminate/Cache/Repository.php(160): Illuminate/Cache/DatabaseStore->many(Array)
#16 D:/Eureka/EducatioWeb/EducatioWeb_PriSec-main/vendor/laravel/framework/src/Illuminate/Queue/QueueManager.php(298): Illuminate/Cache/Repository->many(Array)
#17 D:/Eureka/EducatioWeb/EducatioWeb_PriSec-main/vendor/laravel/framework/src/Illuminate/Queue/Worker.php(483): Illuminate/Queue/QueueManager->getPausedQueues('database', Array)
#18 D:/Eureka/EducatioWeb/EducatioWeb_PriSec-main/vendor/laravel/framework/src/Illuminate/Queue/Worker.php(444): Illuminate/Queue/Worker->getPausedQueues('database', Array)
#19 D:/Eureka/EducatioWeb/EducatioWeb_PriSec-main/vendor/laravel/framework/src/Illuminate/Queue/Worker.php(404): Illuminate/Queue/Worker->getNextJob(Object(Illuminate/Queue/DatabaseQueue), 'default')
#20 D:/Eureka/EducatioWeb/EducatioWeb_PriSec-main/vendor/laravel/framework/src/Illuminate/Queue/Console/WorkCommand.php(149): Illuminate/Queue/Worker->runNextJob('database', 'default', Object(Illuminate/Queue/WorkerOptions))
#21 D:/Eureka/EducatioWeb/EducatioWeb_PriSec-main/vendor/laravel/framework/src/Illuminate/Queue/Console/WorkCommand.php(132): Illuminate/Queue/Console/WorkCommand->runWorker('database', 'default')
#22 D:/Eureka/EducatioWeb/EducatioWeb_PriSec-main/vendor/laravel/framework/src/Illuminate/Container/BoundMethod.php(36): Illuminate/Queue/Console/WorkCommand->handle()
#23 D:/Eureka/EducatioWeb/EducatioWeb_PriSec-main/vendor/laravel/framework/src/Illuminate/Container/Util.php(43): Illuminate/Container/BoundMethod::Illuminate/Container/{closure}()
#24 D:/Eureka/EducatioWeb/EducatioWeb_PriSec-main/vendor/laravel/framework/src/Illuminate/Container/BoundMethod.php(96): Illuminate/Container/Util::unwrapIfClosure(Object(Closure))
#25 D:/Eureka/EducatioWeb/EducatioWeb_PriSec-main/vendor/laravel/framework/src/Illuminate/Container/BoundMethod.php(35): Illuminate/Container/BoundMethod::callBoundMethod(Object(Illuminate/Foundation/Application), Array, Object(Closure))
#26 D:/Eureka/EducatioWeb/EducatioWeb_PriSec-main/vendor/laravel/framework/src/Illuminate/Container/Container.php(799): Illuminate/Container/BoundMethod::call(Object(Illuminate/Foundation/Application), Array, Array, NULL)
#27 D:/Eureka/EducatioWeb/EducatioWeb_PriSec-main/vendor/laravel/framework/src/Illuminate/Console/Command.php(280): Illuminate/Container/Container->call(Array)
#28 D:/Eureka/EducatioWeb/EducatioWeb_PriSec-main/vendor/symfony/console/Command/Command.php(341): Illuminate/Console/Command->execute(Object(Symfony/Component/Console/Input/ArgvInput), Object(Illuminate/Console/OutputStyle))
#29 D:/Eureka/EducatioWeb/EducatioWeb_PriSec-main/vendor/laravel/framework/src/Illuminate/Console/Command.php(249): Symfony/Component/Console/Command/Command->run(Object(Symfony/Component/Console/Input/ArgvInput), Object(Illuminate/Console/OutputStyle))
#30 D:/Eureka/EducatioWeb/EducatioWeb_PriSec-main/vendor/symfony/console/Application.php(1117): Illuminate/Console/Command->run(Object(Symfony/Component/Console/Input/ArgvInput), Object(Symfony/Component/Console/Output/ConsoleOutput))
#31 D:/Eureka/EducatioWeb/EducatioWeb_PriSec-main/vendor/symfony/console/Application.php(356): Symfony/Component/Console/Application->doRunCommand(Object(Illuminate/Queue/Console/WorkCommand), Object(Symfony/Component/Console/Input/ArgvInput), Object(Symfony/Component/Console/Output/ConsoleOutput))
#32 D:/Eureka/EducatioWeb/EducatioWeb_PriSec-main/vendor/symfony/console/Application.php(195): Symfony/Component/Console/Application->doRun(Object(Symfony/Component/Console/Input/ArgvInput), Object(Symfony/Component/Console/Output/ConsoleOutput))
#33 D:/Eureka/EducatioWeb/EducatioWeb_PriSec-main/vendor/laravel/framework/src/Illuminate/Foundation/Console/Kernel.php(198): Symfony/Component/Console/Application->run(Object(Symfony/Component/Console/Input/ArgvInput), Object(Symfony/Component/Console/Output/ConsoleOutput))
#34 D:/Eureka/EducatioWeb/EducatioWeb_PriSec-main/vendor/laravel/framework/src/Illuminate/Foundation/Application.php(1235): Illuminate/Foundation/Console/Kernel->handle(Object(Symfony/Component/Console/Input/ArgvInput), Object(Symfony/Component/Console/Output/ConsoleOutput))
#35 D:/Eureka/EducatioWeb/EducatioWeb_PriSec-main/artisan(16): Illuminate/Foundation/Application->handleCommand(Object(Symfony/Component/Console/Input/ArgvInput))
#36 {main}
"} 
[2026-07-29 08:47:32] local.ERROR: SQLSTATE[HY000] [2002] No se puede establecer una conexión ya que el equipo de destino denegó expresamente dicha conexión (Connection: mariadb, Host: 127.0.0.1, Port: 3306, Database: educatioweb01db, SQL: select * from `cache` where `key` in (eureframework-cache-illuminate:queue:paused:database:default)) {"exception":"[object] (Illuminate\\Database\\QueryException(code: 2002): SQLSTATE[HY000] [2002] No se puede establecer una conexión ya que el equipo de destino denegó expresamente dicha conexión (Connection: mariadb, Host: 127.0.0.1, Port: 3306, Database: educatioweb01db, SQL: select * from `cache` where `key` in (eureframework-cache-illuminate:queue:paused:database:default)) at D:/Eureka/EducatioWeb/EducatioWeb_PriSec-main/vendor/laravel/framework/src/Illuminate/Database/Connection.php:841)
[stacktrace]
#0 D:/Eureka/EducatioWeb/EducatioWeb_PriSec-main/vendor/laravel/framework/src/Illuminate/Database/Connection.php(797): Illuminate/Database/Connection->runQueryCallback('select * from `...', Array, Object(Closure))
#1 D:/Eureka/EducatioWeb/EducatioWeb_PriSec-main/vendor/laravel/framework/src/Illuminate/Database/Connection.php(412): Illuminate/Database/Connection->run('select * from `...', Array, Object(Closure))
#2 D:/Eureka/EducatioWeb/EducatioWeb_PriSec-main/vendor/laravel/framework/src/Illuminate/Database/Query/Builder.php(3567): Illuminate/Database/Connection->select('select * from `...', Array, true, Array)
#3 D:/Eureka/EducatioWeb/EducatioWeb_PriSec-main/vendor/laravel/framework/src/Illuminate/Database/Query/Builder.php(3551): Illuminate/Database/Query/Builder->runSelect()
#4 D:/Eureka/EducatioWeb/EducatioWeb_PriSec-main/vendor/laravel/framework/src/Illuminate/Cache/DatabaseStore.php(142): Illuminate/Database/Query/Builder->get()
#5 D:/Eureka/EducatioWeb/EducatioWeb_PriSec-main/vendor/laravel/framework/src/Illuminate/Cache/Repository.php(160): Illuminate/Cache/DatabaseStore->many(Array)
#6 D:/Eureka/EducatioWeb/EducatioWeb_PriSec-main/vendor/laravel/framework/src/Illuminate/Queue/QueueManager.php(298): Illuminate/Cache/Repository->many(Array)
#7 D:/Eureka/EducatioWeb/EducatioWeb_PriSec-main/vendor/laravel/framework/src/Illuminate/Queue/Worker.php(483): Illuminate/Queue/QueueManager->getPausedQueues('database', Array)
#8 D:/Eureka/EducatioWeb/EducatioWeb_PriSec-main/vendor/laravel/framework/src/Illuminate/Queue/Worker.php(444): Illuminate/Queue/Worker->getPausedQueues('database', Array)
#9 D:/Eureka/EducatioWeb/EducatioWeb_PriSec-main/vendor/laravel/framework/src/Illuminate/Queue/Worker.php(404): Illuminate/Queue/Worker->getNextJob(Object(Illuminate/Queue/DatabaseQueue), 'default')
#10 D:/Eureka/EducatioWeb/EducatioWeb_PriSec-main/vendor/laravel/framework/src/Illuminate/Queue/Console/WorkCommand.php(149): Illuminate/Queue/Worker->runNextJob('database', 'default', Object(Illuminate/Queue/WorkerOptions))
#11 D:/Eureka/EducatioWeb/EducatioWeb_PriSec-main/vendor/laravel/framework/src/Illuminate/Queue/Console/WorkCommand.php(132): Illuminate/Queue/Console/WorkCommand->runWorker('database', 'default')
#12 D:/Eureka/EducatioWeb/EducatioWeb_PriSec-main/vendor/laravel/framework/src/Illuminate/Container/BoundMethod.php(36): Illuminate/Queue/Console/WorkCommand->handle()
#13 D:/Eureka/EducatioWeb/EducatioWeb_PriSec-main/vendor/laravel/framework/src/Illuminate/Container/Util.php(43): Illuminate/Container/BoundMethod::Illuminate/Container/{closure}()
#14 D:/Eureka/EducatioWeb/EducatioWeb_PriSec-main/vendor/laravel/framework/src/Illuminate/Container/BoundMethod.php(96): Illuminate/Container/Util::unwrapIfClosure(Object(Closure))
#15 D:/Eureka/EducatioWeb/EducatioWeb_PriSec-main/vendor/laravel/framework/src/Illuminate/Container/BoundMethod.php(35): Illuminate/Container/BoundMethod::callBoundMethod(Object(Illuminate/Foundation/Application), Array, Object(Closure))
#16 D:/Eureka/EducatioWeb/EducatioWeb_PriSec-main/vendor/laravel/framework/src/Illuminate/Container/Container.php(799): Illuminate/Container/BoundMethod::call(Object(Illuminate/Foundation/Application), Array, Array, NULL)
#17 D:/Eureka/EducatioWeb/EducatioWeb_PriSec-main/vendor/laravel/framework/src/Illuminate/Console/Command.php(280): Illuminate/Container/Container->call(Array)
#18 D:/Eureka/EducatioWeb/EducatioWeb_PriSec-main/vendor/symfony/console/Command/Command.php(341): Illuminate/Console/Command->execute(Object(Symfony/Component/Console/Input/ArgvInput), Object(Illuminate/Console/OutputStyle))
#19 D:/Eureka/EducatioWeb/EducatioWeb_PriSec-main/vendor/laravel/framework/src/Illuminate/Console/Command.php(249): Symfony/Component/Console/Command/Command->run(Object(Symfony/Component/Console/Input/ArgvInput), Object(Illuminate/Console/OutputStyle))
#20 D:/Eureka/EducatioWeb/EducatioWeb_PriSec-main/vendor/symfony/console/Application.php(1117): Illuminate/Console/Command->run(Object(Symfony/Component/Console/Input/ArgvInput), Object(Symfony/Component/Console/Output/ConsoleOutput))
#21 D:/Eureka/EducatioWeb/EducatioWeb_PriSec-main/vendor/symfony/console/Application.php(356): Symfony/Component/Console/Application->doRunCommand(Object(Illuminate/Queue/Console/WorkCommand), Object(Symfony/Component/Console/Input/ArgvInput), Object(Symfony/Component/Console/Output/ConsoleOutput))
#22 D:/Eureka/EducatioWeb/EducatioWeb_PriSec-main/vendor/symfony/console/Application.php(195): Symfony/Component/Console/Application->doRun(Object(Symfony/Component/Console/Input/ArgvInput), Object(Symfony/Component/Console/Output/ConsoleOutput))
#23 D:/Eureka/EducatioWeb/EducatioWeb_PriSec-main/vendor/laravel/framework/src/Illuminate/Foundation/Console/Kernel.php(198): Symfony/Component/Console/Application->run(Object(Symfony/Component/Console/Input/ArgvInput), Object(Symfony/Component/Console/Output/ConsoleOutput))
#24 D:/Eureka/EducatioWeb/EducatioWeb_PriSec-main/vendor/laravel/framework/src/Illuminate/Foundation/Application.php(1235): Illuminate/Foundation/Console/Kernel->handle(Object(Symfony/Component/Console/Input/ArgvInput), Object(Symfony/Component/Console/Output/ConsoleOutput))
#25 D:/Eureka/EducatioWeb/EducatioWeb_PriSec-main/artisan(16): Illuminate/Foundation/Application->handleCommand(Object(Symfony/Component/Console/Input/ArgvInput))
#26 {main}

[previous exception] [object] (PDOException(code: 2002): SQLSTATE[HY000] [2002] No se puede establecer una conexión ya que el equipo de destino denegó expresamente dicha conexión at D:/Eureka/EducatioWeb/EducatioWeb_PriSec-main/vendor/laravel/framework/src/Illuminate/Database/Connectors/Connector.php:66)
[stacktrace]
#0 D:/Eureka/EducatioWeb/EducatioWeb_PriSec-main/vendor/laravel/framework/src/Illuminate/Database/Connectors/Connector.php(66): PDO->__construct('mysql:host=127....', 'root', Object(SensitiveParameterValue), Array)
#1 D:/Eureka/EducatioWeb/EducatioWeb_PriSec-main/vendor/laravel/framework/src/Illuminate/Database/Connectors/Connector.php(44): Illuminate/Database/Connectors/Connector->createPdoConnection('mysql:host=127....', 'root', Object(SensitiveParameterValue), Array)
#2 D:/Eureka/EducatioWeb/EducatioWeb_PriSec-main/vendor/laravel/framework/src/Illuminate/Database/Connectors/MySqlConnector.php(24): Illuminate/Database/Connectors/Connector->createConnection('mysql:host=127....', Array, Array)
#3 D:/Eureka/EducatioWeb/EducatioWeb_PriSec-main/vendor/laravel/framework/src/Illuminate/Database/Connectors/ConnectionFactory.php(188): Illuminate/Database/Connectors/MySqlConnector->connect(Array)
#4 [internal function]: Illuminate/Database/Connectors/ConnectionFactory->Illuminate/Database/Connectors/{closure}()
#5 D:/Eureka/EducatioWeb/EducatioWeb_PriSec-main/vendor/laravel/framework/src/Illuminate/Database/Connection.php(1279): call_user_func(Object(Closure))
#6 D:/Eureka/EducatioWeb/EducatioWeb_PriSec-main/vendor/laravel/framework/src/Illuminate/Database/Connection.php(1317): Illuminate/Database/Connection->getPdo()
#7 D:/Eureka/EducatioWeb/EducatioWeb_PriSec-main/vendor/laravel/framework/src/Illuminate/Database/Connection.php(528): Illuminate/Database/Connection->getReadPdo()
#8 D:/Eureka/EducatioWeb/EducatioWeb_PriSec-main/vendor/laravel/framework/src/Illuminate/Database/Connection.php(421): Illuminate/Database/Connection->getPdoForSelect(true)
#9 D:/Eureka/EducatioWeb/EducatioWeb_PriSec-main/vendor/laravel/framework/src/Illuminate/Database/Connection.php(830): Illuminate/Database/Connection->Illuminate/Database/{closure}('select * from `...', Array)
#10 D:/Eureka/EducatioWeb/EducatioWeb_PriSec-main/vendor/laravel/framework/src/Illuminate/Database/Connection.php(797): Illuminate/Database/Connection->runQueryCallback('select * from `...', Array, Object(Closure))
#11 D:/Eureka/EducatioWeb/EducatioWeb_PriSec-main/vendor/laravel/framework/src/Illuminate/Database/Connection.php(412): Illuminate/Database/Connection->run('select * from `...', Array, Object(Closure))
#12 D:/Eureka/EducatioWeb/EducatioWeb_PriSec-main/vendor/laravel/framework/src/Illuminate/Database/Query/Builder.php(3567): Illuminate/Database/Connection->select('select * from `...', Array, true, Array)
#13 D:/Eureka/EducatioWeb/EducatioWeb_PriSec-main/vendor/laravel/framework/src/Illuminate/Database/Query/Builder.php(3551): Illuminate/Database/Query/Builder->runSelect()
#14 D:/Eureka/EducatioWeb/EducatioWeb_PriSec-main/vendor/laravel/framework/src/Illuminate/Cache/DatabaseStore.php(142): Illuminate/Database/Query/Builder->get()
#15 D:/Eureka/EducatioWeb/EducatioWeb_PriSec-main/vendor/laravel/framework/src/Illuminate/Cache/Repository.php(160): Illuminate/Cache/DatabaseStore->many(Array)
#16 D:/Eureka/EducatioWeb/EducatioWeb_PriSec-main/vendor/laravel/framework/src/Illuminate/Queue/QueueManager.php(298): Illuminate/Cache/Repository->many(Array)
#17 D:/Eureka/EducatioWeb/EducatioWeb_PriSec-main/vendor/laravel/framework/src/Illuminate/Queue/Worker.php(483): Illuminate/Queue/QueueManager->getPausedQueues('database', Array)
#18 D:/Eureka/EducatioWeb/EducatioWeb_PriSec-main/vendor/laravel/framework/src/Illuminate/Queue/Worker.php(444): Illuminate/Queue/Worker->getPausedQueues('database', Array)
#19 D:/Eureka/EducatioWeb/EducatioWeb_PriSec-main/vendor/laravel/framework/src/Illuminate/Queue/Worker.php(404): Illuminate/Queue/Worker->getNextJob(Object(Illuminate/Queue/DatabaseQueue), 'default')
#20 D:/Eureka/EducatioWeb/EducatioWeb_PriSec-main/vendor/laravel/framework/src/Illuminate/Queue/Console/WorkCommand.php(149): Illuminate/Queue/Worker->runNextJob('database', 'default', Object(Illuminate/Queue/WorkerOptions))
#21 D:/Eureka/EducatioWeb/EducatioWeb_PriSec-main/vendor/laravel/framework/src/Illuminate/Queue/Console/WorkCommand.php(132): Illuminate/Queue/Console/WorkCommand->runWorker('database', 'default')
#22 D:/Eureka/EducatioWeb/EducatioWeb_PriSec-main/vendor/laravel/framework/src/Illuminate/Container/BoundMethod.php(36): Illuminate/Queue/Console/WorkCommand->handle()
#23 D:/Eureka/EducatioWeb/EducatioWeb_PriSec-main/vendor/laravel/framework/src/Illuminate/Container/Util.php(43): Illuminate/Container/BoundMethod::Illuminate/Container/{closure}()
#24 D:/Eureka/EducatioWeb/EducatioWeb_PriSec-main/vendor/laravel/framework/src/Illuminate/Container/BoundMethod.php(96): Illuminate/Container/Util::unwrapIfClosure(Object(Closure))
#25 D:/Eureka/EducatioWeb/EducatioWeb_PriSec-main/vendor/laravel/framework/src/Illuminate/Container/BoundMethod.php(35): Illuminate/Container/BoundMethod::callBoundMethod(Object(Illuminate/Foundation/Application), Array, Object(Closure))
#26 D:/Eureka/EducatioWeb/EducatioWeb_PriSec-main/vendor/laravel/framework/src/Illuminate/Container/Container.php(799): Illuminate/Container/BoundMethod::call(Object(Illuminate/Foundation/Application), Array, Array, NULL)
#27 D:/Eureka/EducatioWeb/EducatioWeb_PriSec-main/vendor/laravel/framework/src/Illuminate/Console/Command.php(280): Illuminate/Container/Container->call(Array)
#28 D:/Eureka/EducatioWeb/EducatioWeb_PriSec-main/vendor/symfony/console/Command/Command.php(341): Illuminate/Console/Command->execute(Object(Symfony/Component/Console/Input/ArgvInput), Object(Illuminate/Console/OutputStyle))
#29 D:/Eureka/EducatioWeb/EducatioWeb_PriSec-main/vendor/laravel/framework/src/Illuminate/Console/Command.php(249): Symfony/Component/Console/Command/Command->run(Object(Symfony/Component/Console/Input/ArgvInput), Object(Illuminate/Console/OutputStyle))
#30 D:/Eureka/EducatioWeb/EducatioWeb_PriSec-main/vendor/symfony/console/Application.php(1117): Illuminate/Console/Command->run(Object(Symfony/Component/Console/Input/ArgvInput), Object(Symfony/Component/Console/Output/ConsoleOutput))
#31 D:/Eureka/EducatioWeb/EducatioWeb_PriSec-main/vendor/symfony/console/Application.php(356): Symfony/Component/Console/Application->doRunCommand(Object(Illuminate/Queue/Console/WorkCommand), Object(Symfony/Component/Console/Input/ArgvInput), Object(Symfony/Component/Console/Output/ConsoleOutput))
#32 D:/Eureka/EducatioWeb/EducatioWeb_PriSec-main/vendor/symfony/console/Application.php(195): Symfony/Component/Console/Application->doRun(Object(Symfony/Component/Console/Input/ArgvInput), Object(Symfony/Component/Console/Output/ConsoleOutput))
#33 D:/Eureka/EducatioWeb/EducatioWeb_PriSec-main/vendor/laravel/framework/src/Illuminate/Foundation/Console/Kernel.php(198): Symfony/Component/Console/Application->run(Object(Symfony/Component/Console/Input/ArgvInput), Object(Symfony/Component/Console/Output/ConsoleOutput))
#34 D:/Eureka/EducatioWeb/EducatioWeb_PriSec-main/vendor/laravel/framework/src/Illuminate/Foundation/Application.php(1235): Illuminate/Foundation/Console/Kernel->handle(Object(Symfony/Component/Console/Input/ArgvInput), Object(Symfony/Component/Console/Output/ConsoleOutput))
#35 D:/Eureka/EducatioWeb/EducatioWeb_PriSec-main/artisan(16): Illuminate/Foundation/Application->handleCommand(Object(Symfony/Component/Console/Input/ArgvInput))
#36 {main}
"} 
[2026-07-29 08:47:39] local.ERROR: SQLSTATE[HY000] [2002] No se puede establecer una conexión ya que el equipo de destino denegó expresamente dicha conexión (Connection: mariadb, Host: 127.0.0.1, Port: 3306, Database: educatioweb01db, SQL: select * from `cache` where `key` in (eureframework-cache-illuminate:queue:paused:database:default)) {"exception":"[object] (Illuminate\\Database\\QueryException(code: 2002): SQLSTATE[HY000] [2002] No se puede establecer una conexión ya que el equipo de destino denegó expresamente dicha conexión (Connection: mariadb, Host: 127.0.0.1, Port: 3306, Database: educatioweb01db, SQL: select * from `cache` where `key` in (eureframework-cache-illuminate:queue:paused:database:default)) at D:/Eureka/EducatioWeb/EducatioWeb_PriSec-main/vendor/laravel/framework/src/Illuminate/Database/Connection.php:841)
[stacktrace]
#0 D:/Eureka/EducatioWeb/EducatioWeb_PriSec-main/vendor/laravel/framework/src/Illuminate/Database/Connection.php(797): Illuminate/Database/Connection->runQueryCallback('select * from `...', Array, Object(Closure))
#1 D:/Eureka/EducatioWeb/EducatioWeb_PriSec-main/vendor/laravel/framework/src/Illuminate/Database/Connection.php(412): Illuminate/Database/Connection->run('select * from `...', Array, Object(Closure))
#2 D:/Eureka/EducatioWeb/EducatioWeb_PriSec-main/vendor/laravel/framework/src/Illuminate/Database/Query/Builder.php(3567): Illuminate/Database/Connection->select('select * from `...', Array, true, Array)
#3 D:/Eureka/EducatioWeb/EducatioWeb_PriSec-main/vendor/laravel/framework/src/Illuminate/Database/Query/Builder.php(3551): Illuminate/Database/Query/Builder->runSelect()
#4 D:/Eureka/EducatioWeb/EducatioWeb_PriSec-main/vendor/laravel/framework/src/Illuminate/Cache/DatabaseStore.php(142): Illuminate/Database/Query/Builder->get()
#5 D:/Eureka/EducatioWeb/EducatioWeb_PriSec-main/vendor/laravel/framework/src/Illuminate/Cache/Repository.php(160): Illuminate/Cache/DatabaseStore->many(Array)
#6 D:/Eureka/EducatioWeb/EducatioWeb_PriSec-main/vendor/laravel/framework/src/Illuminate/Queue/QueueManager.php(298): Illuminate/Cache/Repository->many(Array)
#7 D:/Eureka/EducatioWeb/EducatioWeb_PriSec-main/vendor/laravel/framework/src/Illuminate/Queue/Worker.php(483): Illuminate/Queue/QueueManager->getPausedQueues('database', Array)
#8 D:/Eureka/EducatioWeb/EducatioWeb_PriSec-main/vendor/laravel/framework/src/Illuminate/Queue/Worker.php(444): Illuminate/Queue/Worker->getPausedQueues('database', Array)
#9 D:/Eureka/EducatioWeb/EducatioWeb_PriSec-main/vendor/laravel/framework/src/Illuminate/Queue/Worker.php(404): Illuminate/Queue/Worker->getNextJob(Object(Illuminate/Queue/DatabaseQueue), 'default')
#10 D:/Eureka/EducatioWeb/EducatioWeb_PriSec-main/vendor/laravel/framework/src/Illuminate/Queue/Console/WorkCommand.php(149): Illuminate/Queue/Worker->runNextJob('database', 'default', Object(Illuminate/Queue/WorkerOptions))
#11 D:/Eureka/EducatioWeb/EducatioWeb_PriSec-main/vendor/laravel/framework/src/Illuminate/Queue/Console/WorkCommand.php(132): Illuminate/Queue/Console/WorkCommand->runWorker('database', 'default')
#12 D:/Eureka/EducatioWeb/EducatioWeb_PriSec-main/vendor/laravel/framework/src/Illuminate/Container/BoundMethod.php(36): Illuminate/Queue/Console/WorkCommand->handle()
#13 D:/Eureka/EducatioWeb/EducatioWeb_PriSec-main/vendor/laravel/framework/src/Illuminate/Container/Util.php(43): Illuminate/Container/BoundMethod::Illuminate/Container/{closure}()
#14 D:/Eureka/EducatioWeb/EducatioWeb_PriSec-main/vendor/laravel/framework/src/Illuminate/Container/BoundMethod.php(96): Illuminate/Container/Util::unwrapIfClosure(Object(Closure))
#15 D:/Eureka/EducatioWeb/EducatioWeb_PriSec-main/vendor/laravel/framework/src/Illuminate/Container/BoundMethod.php(35): Illuminate/Container/BoundMethod::callBoundMethod(Object(Illuminate/Foundation/Application), Array, Object(Closure))
#16 D:/Eureka/EducatioWeb/EducatioWeb_PriSec-main/vendor/laravel/framework/src/Illuminate/Container/Container.php(799): Illuminate/Container/BoundMethod::call(Object(Illuminate/Foundation/Application), Array, Array, NULL)
#17 D:/Eureka/EducatioWeb/EducatioWeb_PriSec-main/vendor/laravel/framework/src/Illuminate/Console/Command.php(280): Illuminate/Container/Container->call(Array)
#18 D:/Eureka/EducatioWeb/EducatioWeb_PriSec-main/vendor/symfony/console/Command/Command.php(341): Illuminate/Console/Command->execute(Object(Symfony/Component/Console/Input/ArgvInput), Object(Illuminate/Console/OutputStyle))
#19 D:/Eureka/EducatioWeb/EducatioWeb_PriSec-main/vendor/laravel/framework/src/Illuminate/Console/Command.php(249): Symfony/Component/Console/Command/Command->run(Object(Symfony/Component/Console/Input/ArgvInput), Object(Illuminate/Console/OutputStyle))
#20 D:/Eureka/EducatioWeb/EducatioWeb_PriSec-main/vendor/symfony/console/Application.php(1117): Illuminate/Console/Command->run(Object(Symfony/Component/Console/Input/ArgvInput), Object(Symfony/Component/Console/Output/ConsoleOutput))
#21 D:/Eureka/EducatioWeb/EducatioWeb_PriSec-main/vendor/symfony/console/Application.php(356): Symfony/Component/Console/Application->doRunCommand(Object(Illuminate/Queue/Console/WorkCommand), Object(Symfony/Component/Console/Input/ArgvInput), Object(Symfony/Component/Console/Output/ConsoleOutput))
#22 D:/Eureka/EducatioWeb/EducatioWeb_PriSec-main/vendor/symfony/console/Application.php(195): Symfony/Component/Console/Application->doRun(Object(Symfony/Component/Console/Input/ArgvInput), Object(Symfony/Component/Console/Output/ConsoleOutput))
#23 D:/Eureka/EducatioWeb/EducatioWeb_PriSec-main/vendor/laravel/framework/src/Illuminate/Foundation/Console/Kernel.php(198): Symfony/Component/Console/Application->run(Object(Symfony/Component/Console/Input/ArgvInput), Object(Symfony/Component/Console/Output/ConsoleOutput))
#24 D:/Eureka/EducatioWeb/EducatioWeb_PriSec-main/vendor/laravel/framework/src/Illuminate/Foundation/Application.php(1235): Illuminate/Foundation/Console/Kernel->handle(Object(Symfony/Component/Console/Input/ArgvInput), Object(Symfony/Component/Console/Output/ConsoleOutput))
#25 D:/Eureka/EducatioWeb/EducatioWeb_PriSec-main/artisan(16): Illuminate/Foundation/Application->handleCommand(Object(Symfony/Component/Console/Input/ArgvInput))
#26 {main}

[previous exception] [object] (PDOException(code: 2002): SQLSTATE[HY000] [2002] No se puede establecer una conexión ya que el equipo de destino denegó expresamente dicha conexión at D:/Eureka/EducatioWeb/EducatioWeb_PriSec-main/vendor/laravel/framework/src/Illuminate/Database/Connectors/Connector.php:66)
[stacktrace]
#0 D:/Eureka/EducatioWeb/EducatioWeb_PriSec-main/vendor/laravel/framework/src/Illuminate/Database/Connectors/Connector.php(66): PDO->__construct('mysql:host=127....', 'root', Object(SensitiveParameterValue), Array)
#1 D:/Eureka/EducatioWeb/EducatioWeb_PriSec-main/vendor/laravel/framework/src/Illuminate/Database/Connectors/Connector.php(44): Illuminate/Database/Connectors/Connector->createPdoConnection('mysql:host=127....', 'root', Object(SensitiveParameterValue), Array)
#2 D:/Eureka/EducatioWeb/EducatioWeb_PriSec-main/vendor/laravel/framework/src/Illuminate/Database/Connectors/MySqlConnector.php(24): Illuminate/Database/Connectors/Connector->createConnection('mysql:host=127....', Array, Array)
#3 D:/Eureka/EducatioWeb/EducatioWeb_PriSec-main/vendor/laravel/framework/src/Illuminate/Database/Connectors/ConnectionFactory.php(188): Illuminate/Database/Connectors/MySqlConnector->connect(Array)
#4 [internal function]: Illuminate/Database/Connectors/ConnectionFactory->Illuminate/Database/Connectors/{closure}()
#5 D:/Eureka/EducatioWeb/EducatioWeb_PriSec-main/vendor/laravel/framework/src/Illuminate/Database/Connection.php(1279): call_user_func(Object(Closure))
#6 D:/Eureka/EducatioWeb/EducatioWeb_PriSec-main/vendor/laravel/framework/src/Illuminate/Database/Connection.php(1317): Illuminate/Database/Connection->getPdo()
#7 D:/Eureka/EducatioWeb/EducatioWeb_PriSec-main/vendor/laravel/framework/src/Illuminate/Database/Connection.php(528): Illuminate/Database/Connection->getReadPdo()
#8 D:/Eureka/EducatioWeb/EducatioWeb_PriSec-main/vendor/laravel/framework/src/Illuminate/Database/Connection.php(421): Illuminate/Database/Connection->getPdoForSelect(true)
#9 D:/Eureka/EducatioWeb/EducatioWeb_PriSec-main/vendor/laravel/framework/src/Illuminate/Database/Connection.php(830): Illuminate/Database/Connection->Illuminate/Database/{closure}('select * from `...', Array)
#10 D:/Eureka/EducatioWeb/EducatioWeb_PriSec-main/vendor/laravel/framework/src/Illuminate/Database/Connection.php(797): Illuminate/Database/Connection->runQueryCallback('select * from `...', Array, Object(Closure))
#11 D:/Eureka/EducatioWeb/EducatioWeb_PriSec-main/vendor/laravel/framework/src/Illuminate/Database/Connection.php(412): Illuminate/Database/Connection->run('select * from `...', Array, Object(Closure))
#12 D:/Eureka/EducatioWeb/EducatioWeb_PriSec-main/vendor/laravel/framework/src/Illuminate/Database/Query/Builder.php(3567): Illuminate/Database/Connection->select('select * from `...', Array, true, Array)
#13 D:/Eureka/EducatioWeb/EducatioWeb_PriSec-main/vendor/laravel/framework/src/Illuminate/Database/Query/Builder.php(3551): Illuminate/Database/Query/Builder->runSelect()
#14 D:/Eureka/EducatioWeb/EducatioWeb_PriSec-main/vendor/laravel/framework/src/Illuminate/Cache/DatabaseStore.php(142): Illuminate/Database/Query/Builder->get()
#15 D:/Eureka/EducatioWeb/EducatioWeb_PriSec-main/vendor/laravel/framework/src/Illuminate/Cache/Repository.php(160): Illuminate/Cache/DatabaseStore->many(Array)
#16 D:/Eureka/EducatioWeb/EducatioWeb_PriSec-main/vendor/laravel/framework/src/Illuminate/Queue/QueueManager.php(298): Illuminate/Cache/Repository->many(Array)
#17 D:/Eureka/EducatioWeb/EducatioWeb_PriSec-main/vendor/laravel/framework/src/Illuminate/Queue/Worker.php(483): Illuminate/Queue/QueueManager->getPausedQueues('database', Array)
#18 D:/Eureka/EducatioWeb/EducatioWeb_PriSec-main/vendor/laravel/framework/src/Illuminate/Queue/Worker.php(444): Illuminate/Queue/Worker->getPausedQueues('database', Array)
#19 D:/Eureka/EducatioWeb/EducatioWeb_PriSec-main/vendor/laravel/framework/src/Illuminate/Queue/Worker.php(404): Illuminate/Queue/Worker->getNextJob(Object(Illuminate/Queue/DatabaseQueue), 'default')
#20 D:/Eureka/EducatioWeb/EducatioWeb_PriSec-main/vendor/laravel/framework/src/Illuminate/Queue/Console/WorkCommand.php(149): Illuminate/Queue/Worker->runNextJob('database', 'default', Object(Illuminate/Queue/WorkerOptions))
#21 D:/Eureka/EducatioWeb/EducatioWeb_PriSec-main/vendor/laravel/framework/src/Illuminate/Queue/Console/WorkCommand.php(132): Illuminate/Queue/Console/WorkCommand->runWorker('database', 'default')
#22 D:/Eureka/EducatioWeb/EducatioWeb_PriSec-main/vendor/laravel/framework/src/Illuminate/Container/BoundMethod.php(36): Illuminate/Queue/Console/WorkCommand->handle()
#23 D:/Eureka/EducatioWeb/EducatioWeb_PriSec-main/vendor/laravel/framework/src/Illuminate/Container/Util.php(43): Illuminate/Container/BoundMethod::Illuminate/Container/{closure}()
#24 D:/Eureka/EducatioWeb/EducatioWeb_PriSec-main/vendor/laravel/framework/src/Illuminate/Container/BoundMethod.php(96): Illuminate/Container/Util::unwrapIfClosure(Object(Closure))
#25 D:/Eureka/EducatioWeb/EducatioWeb_PriSec-main/vendor/laravel/framework/src/Illuminate/Container/BoundMethod.php(35): Illuminate/Container/BoundMethod::callBoundMethod(Object(Illuminate/Foundation/Application), Array, Object(Closure))
#26 D:/Eureka/EducatioWeb/EducatioWeb_PriSec-main/vendor/laravel/framework/src/Illuminate/Container/Container.php(799): Illuminate/Container/BoundMethod::call(Object(Illuminate/Foundation/Application), Array, Array, NULL)
#27 D:/Eureka/EducatioWeb/EducatioWeb_PriSec-main/vendor/laravel/framework/src/Illuminate/Console/Command.php(280): Illuminate/Container/Container->call(Array)
#28 D:/Eureka/EducatioWeb/EducatioWeb_PriSec-main/vendor/symfony/console/Command/Command.php(341): Illuminate/Console/Command->execute(Object(Symfony/Component/Console/Input/ArgvInput), Object(Illuminate/Console/OutputStyle))
#29 D:/Eureka/EducatioWeb/EducatioWeb_PriSec-main/vendor/laravel/framework/src/Illuminate/Console/Command.php(249): Symfony/Component/Console/Command/Command->run(Object(Symfony/Component/Console/Input/ArgvInput), Object(Illuminate/Console/OutputStyle))
#30 D:/Eureka/EducatioWeb/EducatioWeb_PriSec-main/vendor/symfony/console/Application.php(1117): Illuminate/Console/Command->run(Object(Symfony/Component/Console/Input/ArgvInput), Object(Symfony/Component/Console/Output/ConsoleOutput))
#31 D:/Eureka/EducatioWeb/EducatioWeb_PriSec-main/vendor/symfony/console/Application.php(356): Symfony/Component/Console/Application->doRunCommand(Object(Illuminate/Queue/Console/WorkCommand), Object(Symfony/Component/Console/Input/ArgvInput), Object(Symfony/Component/Console/Output/ConsoleOutput))
#32 D:/Eureka/EducatioWeb/EducatioWeb_PriSec-main/vendor/symfony/console/Application.php(195): Symfony/Component/Console/Application->doRun(Object(Symfony/Component/Console/Input/ArgvInput), Object(Symfony/Component/Console/Output/ConsoleOutput))
#33 D:/Eureka/EducatioWeb/EducatioWeb_PriSec-main/vendor/laravel/framework/src/Illuminate/Foundation/Console/Kernel.php(198): Symfony/Component/Console/Application->run(Object(Symfony/Component/Console/Input/ArgvInput), Object(Symfony/Component/Console/Output/ConsoleOutput))
#34 D:/Eureka/EducatioWeb/EducatioWeb_PriSec-main/vendor/laravel/framework/src/Illuminate/Foundation/Application.php(1235): Illuminate/Foundation/Console/Kernel->handle(Object(Symfony/Component/Console/Input/ArgvInput), Object(Symfony/Component/Console/Output/ConsoleOutput))
#35 D:/Eureka/EducatioWeb/EducatioWeb_PriSec-main/artisan(16): Illuminate/Foundation/Application->handleCommand(Object(Symfony/Component/Console/Input/ArgvInput))
#36 {main}
"} 
[2026-07-29 08:47:45] local.ERROR: SQLSTATE[HY000] [2002] No se puede establecer una conexión ya que el equipo de destino denegó expresamente dicha conexión (Connection: mariadb, Host: 127.0.0.1, Port: 3306, Database: educatioweb01db, SQL: select * from `cache` where `key` in (eureframework-cache-illuminate:queue:paused:database:default)) {"exception":"[object] (Illuminate\\Database\\QueryException(code: 2002): SQLSTATE[HY000] [2002] No se puede establecer una conexión ya que el equipo de destino denegó expresamente dicha conexión (Connection: mariadb, Host: 127.0.0.1, Port: 3306, Database: educatioweb01db, SQL: select * from `cache` where `key` in (eureframework-cache-illuminate:queue:paused:database:default)) at D:/Eureka/EducatioWeb/EducatioWeb_PriSec-main/vendor/laravel/framework/src/Illuminate/Database/Connection.php:841)
[stacktrace]
#0 D:/Eureka/EducatioWeb/EducatioWeb_PriSec-main/vendor/laravel/framework/src/Illuminate/Database/Connection.php(797): Illuminate/Database/Connection->runQueryCallback('select * from `...', Array, Object(Closure))
#1 D:/Eureka/EducatioWeb/EducatioWeb_PriSec-main/vendor/laravel/framework/src/Illuminate/Database/Connection.php(412): Illuminate/Database/Connection->run('select * from `...', Array, Object(Closure))
#2 D:/Eureka/EducatioWeb/EducatioWeb_PriSec-main/vendor/laravel/framework/src/Illuminate/Database/Query/Builder.php(3567): Illuminate/Database/Connection->select('select * from `...', Array, true, Array)
#3 D:/Eureka/EducatioWeb/EducatioWeb_PriSec-main/vendor/laravel/framework/src/Illuminate/Database/Query/Builder.php(3551): Illuminate/Database/Query/Builder->runSelect()
#4 D:/Eureka/EducatioWeb/EducatioWeb_PriSec-main/vendor/laravel/framework/src/Illuminate/Cache/DatabaseStore.php(142): Illuminate/Database/Query/Builder->get()
#5 D:/Eureka/EducatioWeb/EducatioWeb_PriSec-main/vendor/laravel/framework/src/Illuminate/Cache/Repository.php(160): Illuminate/Cache/DatabaseStore->many(Array)
#6 D:/Eureka/EducatioWeb/EducatioWeb_PriSec-main/vendor/laravel/framework/src/Illuminate/Queue/QueueManager.php(298): Illuminate/Cache/Repository->many(Array)
#7 D:/Eureka/EducatioWeb/EducatioWeb_PriSec-main/vendor/laravel/framework/src/Illuminate/Queue/Worker.php(483): Illuminate/Queue/QueueManager->getPausedQueues('database', Array)
#8 D:/Eureka/EducatioWeb/EducatioWeb_PriSec-main/vendor/laravel/framework/src/Illuminate/Queue/Worker.php(444): Illuminate/Queue/Worker->getPausedQueues('database', Array)
#9 D:/Eureka/EducatioWeb/EducatioWeb_PriSec-main/vendor/laravel/framework/src/Illuminate/Queue/Worker.php(404): Illuminate/Queue/Worker->getNextJob(Object(Illuminate/Queue/DatabaseQueue), 'default')
#10 D:/Eureka/EducatioWeb/EducatioWeb_PriSec-main/vendor/laravel/framework/src/Illuminate/Queue/Console/WorkCommand.php(149): Illuminate/Queue/Worker->runNextJob('database', 'default', Object(Illuminate/Queue/WorkerOptions))
#11 D:/Eureka/EducatioWeb/EducatioWeb_PriSec-main/vendor/laravel/framework/src/Illuminate/Queue/Console/WorkCommand.php(132): Illuminate/Queue/Console/WorkCommand->runWorker('database', 'default')
#12 D:/Eureka/EducatioWeb/EducatioWeb_PriSec-main/vendor/laravel/framework/src/Illuminate/Container/BoundMethod.php(36): Illuminate/Queue/Console/WorkCommand->handle()
#13 D:/Eureka/EducatioWeb/EducatioWeb_PriSec-main/vendor/laravel/framework/src/Illuminate/Container/Util.php(43): Illuminate/Container/BoundMethod::Illuminate/Container/{closure}()
#14 D:/Eureka/EducatioWeb/EducatioWeb_PriSec-main/vendor/laravel/framework/src/Illuminate/Container/BoundMethod.php(96): Illuminate/Container/Util::unwrapIfClosure(Object(Closure))
#15 D:/Eureka/EducatioWeb/EducatioWeb_PriSec-main/vendor/laravel/framework/src/Illuminate/Container/BoundMethod.php(35): Illuminate/Container/BoundMethod::callBoundMethod(Object(Illuminate/Foundation/Application), Array, Object(Closure))
#16 D:/Eureka/EducatioWeb/EducatioWeb_PriSec-main/vendor/laravel/framework/src/Illuminate/Container/Container.php(799): Illuminate/Container/BoundMethod::call(Object(Illuminate/Foundation/Application), Array, Array, NULL)
#17 D:/Eureka/EducatioWeb/EducatioWeb_PriSec-main/vendor/laravel/framework/src/Illuminate/Console/Command.php(280): Illuminate/Container/Container->call(Array)
#18 D:/Eureka/EducatioWeb/EducatioWeb_PriSec-main/vendor/symfony/console/Command/Command.php(341): Illuminate/Console/Command->execute(Object(Symfony/Component/Console/Input/ArgvInput), Object(Illuminate/Console/OutputStyle))
#19 D:/Eureka/EducatioWeb/EducatioWeb_PriSec-main/vendor/laravel/framework/src/Illuminate/Console/Command.php(249): Symfony/Component/Console/Command/Command->run(Object(Symfony/Component/Console/Input/ArgvInput), Object(Illuminate/Console/OutputStyle))
#20 D:/Eureka/EducatioWeb/EducatioWeb_PriSec-main/vendor/symfony/console/Application.php(1117): Illuminate/Console/Command->run(Object(Symfony/Component/Console/Input/ArgvInput), Object(Symfony/Component/Console/Output/ConsoleOutput))
#21 D:/Eureka/EducatioWeb/EducatioWeb_PriSec-main/vendor/symfony/console/Application.php(356): Symfony/Component/Console/Application->doRunCommand(Object(Illuminate/Queue/Console/WorkCommand), Object(Symfony/Component/Console/Input/ArgvInput), Object(Symfony/Component/Console/Output/ConsoleOutput))
#22 D:/Eureka/EducatioWeb/EducatioWeb_PriSec-main/vendor/symfony/console/Application.php(195): Symfony/Component/Console/Application->doRun(Object(Symfony/Component/Console/Input/ArgvInput), Object(Symfony/Component/Console/Output/ConsoleOutput))
#23 D:/Eureka/EducatioWeb/EducatioWeb_PriSec-main/vendor/laravel/framework/src/Illuminate/Foundation/Console/Kernel.php(198): Symfony/Component/Console/Application->run(Object(Symfony/Component/Console/Input/ArgvInput), Object(Symfony/Component/Console/Output/ConsoleOutput))
#24 D:/Eureka/EducatioWeb/EducatioWeb_PriSec-main/vendor/laravel/framework/src/Illuminate/Foundation/Application.php(1235): Illuminate/Foundation/Console/Kernel->handle(Object(Symfony/Component/Console/Input/ArgvInput), Object(Symfony/Component/Console/Output/ConsoleOutput))
#25 D:/Eureka/EducatioWeb/EducatioWeb_PriSec-main/artisan(16): Illuminate/Foundation/Application->handleCommand(Object(Symfony/Component/Console/Input/ArgvInput))
#26 {main}

[previous exception] [object] (PDOException(code: 2002): SQLSTATE[HY000] [2002] No se puede establecer una conexión ya que el equipo de destino denegó expresamente dicha conexión at D:/Eureka/EducatioWeb/EducatioWeb_PriSec-main/vendor/laravel/framework/src/Illuminate/Database/Connectors/Connector.php:66)
[stacktrace]
#0 D:/Eureka/EducatioWeb/EducatioWeb_PriSec-main/vendor/laravel/framework/src/Illuminate/Database/Connectors/Connector.php(66): PDO->__construct('mysql:host=127....', 'root', Object(SensitiveParameterValue), Array)
#1 D:/Eureka/EducatioWeb/EducatioWeb_PriSec-main/vendor/laravel/framework/src/Illuminate/Database/Connectors/Connector.php(44): Illuminate/Database/Connectors/Connector->createPdoConnection('mysql:host=127....', 'root', Object(SensitiveParameterValue), Array)
#2 D:/Eureka/EducatioWeb/EducatioWeb_PriSec-main/vendor/laravel/framework/src/Illuminate/Database/Connectors/MySqlConnector.php(24): Illuminate/Database/Connectors/Connector->createConnection('mysql:host=127....', Array, Array)
#3 D:/Eureka/EducatioWeb/EducatioWeb_PriSec-main/vendor/laravel/framework/src/Illuminate/Database/Connectors/ConnectionFactory.php(188): Illuminate/Database/Connectors/MySqlConnector->connect(Array)
#4 [internal function]: Illuminate/Database/Connectors/ConnectionFactory->Illuminate/Database/Connectors/{closure}()
#5 D:/Eureka/EducatioWeb/EducatioWeb_PriSec-main/vendor/laravel/framework/src/Illuminate/Database/Connection.php(1279): call_user_func(Object(Closure))
#6 D:/Eureka/EducatioWeb/EducatioWeb_PriSec-main/vendor/laravel/framework/src/Illuminate/Database/Connection.php(1317): Illuminate/Database/Connection->getPdo()
#7 D:/Eureka/EducatioWeb/EducatioWeb_PriSec-main/vendor/laravel/framework/src/Illuminate/Database/Connection.php(528): Illuminate/Database/Connection->getReadPdo()
#8 D:/Eureka/EducatioWeb/EducatioWeb_PriSec-main/vendor/laravel/framework/src/Illuminate/Database/Connection.php(421): Illuminate/Database/Connection->getPdoForSelect(true)
#9 D:/Eureka/EducatioWeb/EducatioWeb_PriSec-main/vendor/laravel/framework/src/Illuminate/Database/Connection.php(830): Illuminate/Database/Connection->Illuminate/Database/{closure}('select * from `...', Array)
#10 D:/Eureka/EducatioWeb/EducatioWeb_PriSec-main/vendor/laravel/framework/src/Illuminate/Database/Connection.php(797): Illuminate/Database/Connection->runQueryCallback('select * from `...', Array, Object(Closure))
#11 D:/Eureka/EducatioWeb/EducatioWeb_PriSec-main/vendor/laravel/framework/src/Illuminate/Database/Connection.php(412): Illuminate/Database/Connection->run('select * from `...', Array, Object(Closure))
#12 D:/Eureka/EducatioWeb/EducatioWeb_PriSec-main/vendor/laravel/framework/src/Illuminate/Database/Query/Builder.php(3567): Illuminate/Database/Connection->select('select * from `...', Array, true, Array)
#13 D:/Eureka/EducatioWeb/EducatioWeb_PriSec-main/vendor/laravel/framework/src/Illuminate/Database/Query/Builder.php(3551): Illuminate/Database/Query/Builder->runSelect()
#14 D:/Eureka/EducatioWeb/EducatioWeb_PriSec-main/vendor/laravel/framework/src/Illuminate/Cache/DatabaseStore.php(142): Illuminate/Database/Query/Builder->get()
#15 D:/Eureka/EducatioWeb/EducatioWeb_PriSec-main/vendor/laravel/framework/src/Illuminate/Cache/Repository.php(160): Illuminate/Cache/DatabaseStore->many(Array)
#16 D:/Eureka/EducatioWeb/EducatioWeb_PriSec-main/vendor/laravel/framework/src/Illuminate/Queue/QueueManager.php(298): Illuminate/Cache/Repository->many(Array)
#17 D:/Eureka/EducatioWeb/EducatioWeb_PriSec-main/vendor/laravel/framework/src/Illuminate/Queue/Worker.php(483): Illuminate/Queue/QueueManager->getPausedQueues('database', Array)
#18 D:/Eureka/EducatioWeb/EducatioWeb_PriSec-main/vendor/laravel/framework/src/Illuminate/Queue/Worker.php(444): Illuminate/Queue/Worker->getPausedQueues('database', Array)
#19 D:/Eureka/EducatioWeb/EducatioWeb_PriSec-main/vendor/laravel/framework/src/Illuminate/Queue/Worker.php(404): Illuminate/Queue/Worker->getNextJob(Object(Illuminate/Queue/DatabaseQueue), 'default')
#20 D:/Eureka/EducatioWeb/EducatioWeb_PriSec-main/vendor/laravel/framework/src/Illuminate/Queue/Console/WorkCommand.php(149): Illuminate/Queue/Worker->runNextJob('database', 'default', Object(Illuminate/Queue/WorkerOptions))
#21 D:/Eureka/EducatioWeb/EducatioWeb_PriSec-main/vendor/laravel/framework/src/Illuminate/Queue/Console/WorkCommand.php(132): Illuminate/Queue/Console/WorkCommand->runWorker('database', 'default')
#22 D:/Eureka/EducatioWeb/EducatioWeb_PriSec-main/vendor/laravel/framework/src/Illuminate/Container/BoundMethod.php(36): Illuminate/Queue/Console/WorkCommand->handle()
#23 D:/Eureka/EducatioWeb/EducatioWeb_PriSec-main/vendor/laravel/framework/src/Illuminate/Container/Util.php(43): Illuminate/Container/BoundMethod::Illuminate/Container/{closure}()
#24 D:/Eureka/EducatioWeb/EducatioWeb_PriSec-main/vendor/laravel/framework/src/Illuminate/Container/BoundMethod.php(96): Illuminate/Container/Util::unwrapIfClosure(Object(Closure))
#25 D:/Eureka/EducatioWeb/EducatioWeb_PriSec-main/vendor/laravel/framework/src/Illuminate/Container/BoundMethod.php(35): Illuminate/Container/BoundMethod::callBoundMethod(Object(Illuminate/Foundation/Application), Array, Object(Closure))
#26 D:/Eureka/EducatioWeb/EducatioWeb_PriSec-main/vendor/laravel/framework/src/Illuminate/Container/Container.php(799): Illuminate/Container/BoundMethod::call(Object(Illuminate/Foundation/Application), Array, Array, NULL)
#27 D:/Eureka/EducatioWeb/EducatioWeb_PriSec-main/vendor/laravel/framework/src/Illuminate/Console/Command.php(280): Illuminate/Container/Container->call(Array)
#28 D:/Eureka/EducatioWeb/EducatioWeb_PriSec-main/vendor/symfony/console/Command/Command.php(341): Illuminate/Console/Command->execute(Object(Symfony/Component/Console/Input/ArgvInput), Object(Illuminate/Console/OutputStyle))
#29 D:/Eureka/EducatioWeb/EducatioWeb_PriSec-main/vendor/laravel/framework/src/Illuminate/Console/Command.php(249): Symfony/Component/Console/Command/Command->run(Object(Symfony/Component/Console/Input/ArgvInput), Object(Illuminate/Console/OutputStyle))
#30 D:/Eureka/EducatioWeb/EducatioWeb_PriSec-main/vendor/symfony/console/Application.php(1117): Illuminate/Console/Command->run(Object(Symfony/Component/Console/Input/ArgvInput), Object(Symfony/Component/Console/Output/ConsoleOutput))
#31 D:/Eureka/EducatioWeb/EducatioWeb_PriSec-main/vendor/symfony/console/Application.php(356): Symfony/Component/Console/Application->doRunCommand(Object(Illuminate/Queue/Console/WorkCommand), Object(Symfony/Component/Console/Input/ArgvInput), Object(Symfony/Component/Console/Output/ConsoleOutput))
#32 D:/Eureka/EducatioWeb/EducatioWeb_PriSec-main/vendor/symfony/console/Application.php(195): Symfony/Component/Console/Application->doRun(Object(Symfony/Component/Console/Input/ArgvInput), Object(Symfony/Component/Console/Output/ConsoleOutput))
#33 D:/Eureka/EducatioWeb/EducatioWeb_PriSec-main/vendor/laravel/framework/src/Illuminate/Foundation/Console/Kernel.php(198): Symfony/Component/Console/Application->run(Object(Symfony/Component/Console/Input/ArgvInput), Object(Symfony/Component/Console/Output/ConsoleOutput))
#34 D:/Eureka/EducatioWeb/EducatioWeb_PriSec-main/vendor/laravel/framework/src/Illuminate/Foundation/Application.php(1235): Illuminate/Foundation/Console/Kernel->handle(Object(Symfony/Component/Console/Input/ArgvInput), Object(Symfony/Component/Console/Output/ConsoleOutput))
#35 D:/Eureka/EducatioWeb/EducatioWeb_PriSec-main/artisan(16): Illuminate/Foundation/Application->handleCommand(Object(Symfony/Component/Console/Input/ArgvInput))
#36 {main}
"} 
[2026-07-29 08:47:50] local.ERROR: SQLSTATE[HY000] [2002] No se puede establecer una conexión ya que el equipo de destino denegó expresamente dicha conexión (Connection: mariadb, Host: 127.0.0.1, Port: 3306, Database: educatioweb01db, SQL: select * from `sessions` where `id` = bnOhIy6ABuEnlz8BZbm1Sjhzl2vVSu5n7PNvvFAq limit 1) {"exception":"[object] (Illuminate\\Database\\QueryException(code: 2002): SQLSTATE[HY000] [2002] No se puede establecer una conexión ya que el equipo de destino denegó expresamente dicha conexión (Connection: mariadb, Host: 127.0.0.1, Port: 3306, Database: educatioweb01db, SQL: select * from `sessions` where `id` = bnOhIy6ABuEnlz8BZbm1Sjhzl2vVSu5n7PNvvFAq limit 1) at D:/Eureka/EducatioWeb/EducatioWeb_PriSec-main/vendor/laravel/framework/src/Illuminate/Database/Connection.php:841)
[stacktrace]
#0 D:/Eureka/EducatioWeb/EducatioWeb_PriSec-main/vendor/laravel/framework/src/Illuminate/Database/Connection.php(797): Illuminate/Database/Connection->runQueryCallback('select * from `...', Array, Object(Closure))
#1 D:/Eureka/EducatioWeb/EducatioWeb_PriSec-main/vendor/laravel/framework/src/Illuminate/Database/Connection.php(412): Illuminate/Database/Connection->run('select * from `...', Array, Object(Closure))
#2 D:/Eureka/EducatioWeb/EducatioWeb_PriSec-main/vendor/laravel/framework/src/Illuminate/Database/Query/Builder.php(3567): Illuminate/Database/Connection->select('select * from `...', Array, false, Array)
#3 D:/Eureka/EducatioWeb/EducatioWeb_PriSec-main/vendor/laravel/framework/src/Illuminate/Database/Query/Builder.php(3551): Illuminate/Database/Query/Builder->runSelect()
#4 D:/Eureka/EducatioWeb/EducatioWeb_PriSec-main/vendor/laravel/framework/src/Illuminate/Database/Concerns/BuildsQueries.php(366): Illuminate/Database/Query/Builder->get(Array)
#5 D:/Eureka/EducatioWeb/EducatioWeb_PriSec-main/vendor/laravel/framework/src/Illuminate/Database/Query/Builder.php(3469): Illuminate/Database/Query/Builder->first(Array)
#6 D:/Eureka/EducatioWeb/EducatioWeb_PriSec-main/vendor/laravel/framework/src/Illuminate/Session/DatabaseSessionHandler.php(96): Illuminate/Database/Query/Builder->find('bnOhIy6ABuEnlz8...')
#7 D:/Eureka/EducatioWeb/EducatioWeb_PriSec-main/vendor/laravel/framework/src/Illuminate/Session/Store.php(128): Illuminate/Session/DatabaseSessionHandler->read('bnOhIy6ABuEnlz8...')
#8 D:/Eureka/EducatioWeb/EducatioWeb_PriSec-main/vendor/laravel/framework/src/Illuminate/Session/Store.php(116): Illuminate/Session/Store->readFromHandler()
#9 D:/Eureka/EducatioWeb/EducatioWeb_PriSec-main/vendor/laravel/framework/src/Illuminate/Session/Store.php(100): Illuminate/Session/Store->loadSession()
#10 D:/Eureka/EducatioWeb/EducatioWeb_PriSec-main/vendor/laravel/framework/src/Illuminate/Session/Middleware/StartSession.php(146): Illuminate/Session/Store->start()
#11 D:/Eureka/EducatioWeb/EducatioWeb_PriSec-main/vendor/laravel/framework/src/Illuminate/Support/helpers.php(393): Illuminate/Session/Middleware/StartSession->Illuminate/Session/Middleware/{closure}(Object(Illuminate/Session/Store))
#12 D:/Eureka/EducatioWeb/EducatioWeb_PriSec-main/vendor/laravel/framework/src/Illuminate/Session/Middleware/StartSession.php(143): tap(Object(Illuminate/Session/Store), Object(Closure))
#13 D:/Eureka/EducatioWeb/EducatioWeb_PriSec-main/vendor/laravel/framework/src/Illuminate/Session/Middleware/StartSession.php(115): Illuminate/Session/Middleware/StartSession->startSession(Object(Illuminate/Http/Request), Object(Illuminate/Session/Store))
#14 D:/Eureka/EducatioWeb/EducatioWeb_PriSec-main/vendor/laravel/framework/src/Illuminate/Session/Middleware/StartSession.php(63): Illuminate/Session/Middleware/StartSession->handleStatefulRequest(Object(Illuminate/Http/Request), Object(Illuminate/Session/Store), Object(Closure))
#15 D:/Eureka/EducatioWeb/EducatioWeb_PriSec-main/vendor/laravel/framework/src/Illuminate/Pipeline/Pipeline.php(219): Illuminate/Session/Middleware/StartSession->handle(Object(Illuminate/Http/Request), Object(Closure))
#16 D:/Eureka/EducatioWeb/EducatioWeb_PriSec-main/vendor/laravel/framework/src/Illuminate/Cookie/Middleware/AddQueuedCookiesToResponse.php(36): Illuminate/Pipeline/Pipeline->Illuminate/Pipeline/{closure}(Object(Illuminate/Http/Request))
#17 D:/Eureka/EducatioWeb/EducatioWeb_PriSec-main/vendor/laravel/framework/src/Illuminate/Pipeline/Pipeline.php(219): Illuminate/Cookie/Middleware/AddQueuedCookiesToResponse->handle(Object(Illuminate/Http/Request), Object(Closure))
#18 D:/Eureka/EducatioWeb/EducatioWeb_PriSec-main/vendor/laravel/framework/src/Illuminate/Cookie/Middleware/EncryptCookies.php(74): Illuminate/Pipeline/Pipeline->Illuminate/Pipeline/{closure}(Object(Illuminate/Http/Request))
#19 D:/Eureka/EducatioWeb/EducatioWeb_PriSec-main/vendor/laravel/framework/src/Illuminate/Pipeline/Pipeline.php(219): Illuminate/Cookie/Middleware/EncryptCookies->handle(Object(Illuminate/Http/Request), Object(Closure))
#20 D:/Eureka/EducatioWeb/EducatioWeb_PriSec-main/vendor/laravel/framework/src/Illuminate/Pipeline/Pipeline.php(137): Illuminate/Pipeline/Pipeline->Illuminate/Pipeline/{closure}(Object(Illuminate/Http/Request))
#21 D:/Eureka/EducatioWeb/EducatioWeb_PriSec-main/vendor/laravel/framework/src/Illuminate/Routing/Router.php(821): Illuminate/Pipeline/Pipeline->then(Object(Closure))
#22 D:/Eureka/EducatioWeb/EducatioWeb_PriSec-main/vendor/laravel/framework/src/Illuminate/Routing/Router.php(800): Illuminate/Routing/Router->runRouteWithinStack(Object(Illuminate/Routing/Route), Object(Illuminate/Http/Request))
#23 D:/Eureka/EducatioWeb/EducatioWeb_PriSec-main/vendor/laravel/framework/src/Illuminate/Routing/Router.php(764): Illuminate/Routing/Router->runRoute(Object(Illuminate/Http/Request), Object(Illuminate/Routing/Route))
#24 D:/Eureka/EducatioWeb/EducatioWeb_PriSec-main/vendor/laravel/framework/src/Illuminate/Routing/Router.php(753): Illuminate/Routing/Router->dispatchToRoute(Object(Illuminate/Http/Request))
#25 D:/Eureka/EducatioWeb/EducatioWeb_PriSec-main/vendor/laravel/framework/src/Illuminate/Foundation/Http/Kernel.php(200): Illuminate/Routing/Router->dispatch(Object(Illuminate/Http/Request))
#26 D:/Eureka/EducatioWeb/EducatioWeb_PriSec-main/vendor/laravel/framework/src/Illuminate/Pipeline/Pipeline.php(180): Illuminate/Foundation/Http/Kernel->Illuminate/Foundation/Http/{closure}(Object(Illuminate/Http/Request))
#27 D:/Eureka/EducatioWeb/EducatioWeb_PriSec-main/vendor/inertiajs/inertia-laravel/src/Middleware/EnsureGetOnRedirect.php(19): Illuminate/Pipeline/Pipeline->Illuminate/Pipeline/{closure}(Object(Illuminate/Http/Request))
#28 D:/Eureka/EducatioWeb/EducatioWeb_PriSec-main/vendor/laravel/framework/src/Illuminate/Pipeline/Pipeline.php(219): Inertia/Middleware/EnsureGetOnRedirect->handle(Object(Illuminate/Http/Request), Object(Closure))
#29 D:/Eureka/EducatioWeb/EducatioWeb_PriSec-main/vendor/laravel/framework/src/Illuminate/Foundation/Http/Middleware/TransformsRequest.php(21): Illuminate/Pipeline/Pipeline->Illuminate/Pipeline/{closure}(Object(Illuminate/Http/Request))
#30 D:/Eureka/EducatioWeb/EducatioWeb_PriSec-main/vendor/laravel/framework/src/Illuminate/Foundation/Http/Middleware/ConvertEmptyStringsToNull.php(31): Illuminate/Foundation/Http/Middleware/TransformsRequest->handle(Object(Illuminate/Http/Request), Object(Closure))
#31 D:/Eureka/EducatioWeb/EducatioWeb_PriSec-main/vendor/laravel/framework/src/Illuminate/Pipeline/Pipeline.php(219): Illuminate/Foundation/Http/Middleware/ConvertEmptyStringsToNull->handle(Object(Illuminate/Http/Request), Object(Closure))
#32 D:/Eureka/EducatioWeb/EducatioWeb_PriSec-main/vendor/laravel/framework/src/Illuminate/Foundation/Http/Middleware/TransformsRequest.php(21): Illuminate/Pipeline/Pipeline->Illuminate/Pipeline/{closure}(Object(Illuminate/Http/Request))
#33 D:/Eureka/EducatioWeb/EducatioWeb_PriSec-main/vendor/laravel/framework/src/Illuminate/Foundation/Http/Middleware/TrimStrings.php(51): Illuminate/Foundation/Http/Middleware/TransformsRequest->handle(Object(Illuminate/Http/Request), Object(Closure))
#34 D:/Eureka/EducatioWeb/EducatioWeb_PriSec-main/vendor/laravel/framework/src/Illuminate/Pipeline/Pipeline.php(219): Illuminate/Foundation/Http/Middleware/TrimStrings->handle(Object(Illuminate/Http/Request), Object(Closure))
#35 D:/Eureka/EducatioWeb/EducatioWeb_PriSec-main/vendor/laravel/framework/src/Illuminate/Http/Middleware/ValidatePostSize.php(27): Illuminate/Pipeline/Pipeline->Illuminate/Pipeline/{closure}(Object(Illuminate/Http/Request))
#36 D:/Eureka/EducatioWeb/EducatioWeb_PriSec-main/vendor/laravel/framework/src/Illuminate/Pipeline/Pipeline.php(219): Illuminate/Http/Middleware/ValidatePostSize->handle(Object(Illuminate/Http/Request), Object(Closure))
#37 D:/Eureka/EducatioWeb/EducatioWeb_PriSec-main/vendor/laravel/framework/src/Illuminate/Foundation/Http/Middleware/PreventRequestsDuringMaintenance.php(109): Illuminate/Pipeline/Pipeline->Illuminate/Pipeline/{closure}(Object(Illuminate/Http/Request))
#38 D:/Eureka/EducatioWeb/EducatioWeb_PriSec-main/vendor/laravel/framework/src/Illuminate/Pipeline/Pipeline.php(219): Illuminate/Foundation/Http/Middleware/PreventRequestsDuringMaintenance->handle(Object(Illuminate/Http/Request), Object(Closure))
#39 D:/Eureka/EducatioWeb/EducatioWeb_PriSec-main/vendor/laravel/framework/src/Illuminate/Http/Middleware/HandleCors.php(61): Illuminate/Pipeline/Pipeline->Illuminate/Pipeline/{closure}(Object(Illuminate/Http/Request))
#40 D:/Eureka/EducatioWeb/EducatioWeb_PriSec-main/vendor/laravel/framework/src/Illuminate/Pipeline/Pipeline.php(219): Illuminate/Http/Middleware/HandleCors->handle(Object(Illuminate/Http/Request), Object(Closure))
#41 D:/Eureka/EducatioWeb/EducatioWeb_PriSec-main/vendor/laravel/framework/src/Illuminate/Http/Middleware/TrustProxies.php(58): Illuminate/Pipeline/Pipeline->Illuminate/Pipeline/{closure}(Object(Illuminate/Http/Request))
#42 D:/Eureka/EducatioWeb/EducatioWeb_PriSec-main/vendor/laravel/framework/src/Illuminate/Pipeline/Pipeline.php(219): Illuminate/Http/Middleware/TrustProxies->handle(Object(Illuminate/Http/Request), Object(Closure))
#43 D:/Eureka/EducatioWeb/EducatioWeb_PriSec-main/vendor/laravel/framework/src/Illuminate/Foundation/Http/Middleware/InvokeDeferredCallbacks.php(22): Illuminate/Pipeline/Pipeline->Illuminate/Pipeline/{closure}(Object(Illuminate/Http/Request))
#44 D:/Eureka/EducatioWeb/EducatioWeb_PriSec-main/vendor/laravel/framework/src/Illuminate/Pipeline/Pipeline.php(219): Illuminate/Foundation/Http/Middleware/InvokeDeferredCallbacks->handle(Object(Illuminate/Http/Request), Object(Closure))
#45 D:/Eureka/EducatioWeb/EducatioWeb_PriSec-main/vendor/laravel/framework/src/Illuminate/Http/Middleware/ValidatePathEncoding.php(28): Illuminate/Pipeline/Pipeline->Illuminate/Pipeline/{closure}(Object(Illuminate/Http/Request))
#46 D:/Eureka/EducatioWeb/EducatioWeb_PriSec-main/vendor/laravel/framework/src/Illuminate/Pipeline/Pipeline.php(219): Illuminate/Http/Middleware/ValidatePathEncoding->handle(Object(Illuminate/Http/Request), Object(Closure))
#47 D:/Eureka/EducatioWeb/EducatioWeb_PriSec-main/vendor/laravel/framework/src/Illuminate/Pipeline/Pipeline.php(137): Illuminate/Pipeline/Pipeline->Illuminate/Pipeline/{closure}(Object(Illuminate/Http/Request))
#48 D:/Eureka/EducatioWeb/EducatioWeb_PriSec-main/vendor/laravel/framework/src/Illuminate/Foundation/Http/Kernel.php(175): Illuminate/Pipeline/Pipeline->then(Object(Closure))
#49 D:/Eureka/EducatioWeb/EducatioWeb_PriSec-main/vendor/laravel/framework/src/Illuminate/Foundation/Http/Kernel.php(144): Illuminate/Foundation/Http/Kernel->sendRequestThroughRouter(Object(Illuminate/Http/Request))
#50 D:/Eureka/EducatioWeb/EducatioWeb_PriSec-main/vendor/laravel/framework/src/Illuminate/Foundation/Application.php(1220): Illuminate/Foundation/Http/Kernel->handle(Object(Illuminate/Http/Request))
#51 D:/Eureka/EducatioWeb/EducatioWeb_PriSec-main/public/index.php(20): Illuminate/Foundation/Application->handleRequest(Object(Illuminate/Http/Request))
#52 D:/Eureka/EducatioWeb/EducatioWeb_PriSec-main/vendor/laravel/framework/src/Illuminate/Foundation/resources/server.php(23): require_once('D://Eureka//Educa...')
#53 {main}

[previous exception] [object] (PDOException(code: 2002): SQLSTATE[HY000] [2002] No se puede establecer una conexión ya que el equipo de destino denegó expresamente dicha conexión at D:/Eureka/EducatioWeb/EducatioWeb_PriSec-main/vendor/laravel/framework/src/Illuminate/Database/Connectors/Connector.php:66)
[stacktrace]
#0 D:/Eureka/EducatioWeb/EducatioWeb_PriSec-main/vendor/laravel/framework/src/Illuminate/Database/Connectors/Connector.php(66): PDO->__construct('mysql:host=127....', 'root', Object(SensitiveParameterValue), Array)
#1 D:/Eureka/EducatioWeb/EducatioWeb_PriSec-main/vendor/laravel/framework/src/Illuminate/Database/Connectors/Connector.php(44): Illuminate/Database/Connectors/Connector->createPdoConnection('mysql:host=127....', 'root', Object(SensitiveParameterValue), Array)
#2 D:/Eureka/EducatioWeb/EducatioWeb_PriSec-main/vendor/laravel/framework/src/Illuminate/Database/Connectors/MySqlConnector.php(24): Illuminate/Database/Connectors/Connector->createConnection('mysql:host=127....', Array, Array)
#3 D:/Eureka/EducatioWeb/EducatioWeb_PriSec-main/vendor/laravel/framework/src/Illuminate/Database/Connectors/ConnectionFactory.php(188): Illuminate/Database/Connectors/MySqlConnector->connect(Array)
#4 [internal function]: Illuminate/Database/Connectors/ConnectionFactory->Illuminate/Database/Connectors/{closure}()
#5 D:/Eureka/EducatioWeb/EducatioWeb_PriSec-main/vendor/laravel/framework/src/Illuminate/Database/Connection.php(1279): call_user_func(Object(Closure))
#6 D:/Eureka/EducatioWeb/EducatioWeb_PriSec-main/vendor/laravel/framework/src/Illuminate/Database/Connection.php(528): Illuminate/Database/Connection->getPdo()
#7 D:/Eureka/EducatioWeb/EducatioWeb_PriSec-main/vendor/laravel/framework/src/Illuminate/Database/Connection.php(421): Illuminate/Database/Connection->getPdoForSelect(false)
#8 D:/Eureka/EducatioWeb/EducatioWeb_PriSec-main/vendor/laravel/framework/src/Illuminate/Database/Connection.php(830): Illuminate/Database/Connection->Illuminate/Database/{closure}('select * from `...', Array)
#9 D:/Eureka/EducatioWeb/EducatioWeb_PriSec-main/vendor/laravel/framework/src/Illuminate/Database/Connection.php(797): Illuminate/Database/Connection->runQueryCallback('select * from `...', Array, Object(Closure))
#10 D:/Eureka/EducatioWeb/EducatioWeb_PriSec-main/vendor/laravel/framework/src/Illuminate/Database/Connection.php(412): Illuminate/Database/Connection->run('select * from `...', Array, Object(Closure))
#11 D:/Eureka/EducatioWeb/EducatioWeb_PriSec-main/vendor/laravel/framework/src/Illuminate/Database/Query/Builder.php(3567): Illuminate/Database/Connection->select('select * from `...', Array, false, Array)
#12 D:/Eureka/EducatioWeb/EducatioWeb_PriSec-main/vendor/laravel/framework/src/Illuminate/Database/Query/Builder.php(3551): Illuminate/Database/Query/Builder->runSelect()
#13 D:/Eureka/EducatioWeb/EducatioWeb_PriSec-main/vendor/laravel/framework/src/Illuminate/Database/Concerns/BuildsQueries.php(366): Illuminate/Database/Query/Builder->get(Array)
#14 D:/Eureka/EducatioWeb/EducatioWeb_PriSec-main/vendor/laravel/framework/src/Illuminate/Database/Query/Builder.php(3469): Illuminate/Database/Query/Builder->first(Array)
#15 D:/Eureka/EducatioWeb/EducatioWeb_PriSec-main/vendor/laravel/framework/src/Illuminate/Session/DatabaseSessionHandler.php(96): Illuminate/Database/Query/Builder->find('bnOhIy6ABuEnlz8...')
#16 D:/Eureka/EducatioWeb/EducatioWeb_PriSec-main/vendor/laravel/framework/src/Illuminate/Session/Store.php(128): Illuminate/Session/DatabaseSessionHandler->read('bnOhIy6ABuEnlz8...')
#17 D:/Eureka/EducatioWeb/EducatioWeb_PriSec-main/vendor/laravel/framework/src/Illuminate/Session/Store.php(116): Illuminate/Session/Store->readFromHandler()
#18 D:/Eureka/EducatioWeb/EducatioWeb_PriSec-main/vendor/laravel/framework/src/Illuminate/Session/Store.php(100): Illuminate/Session/Store->loadSession()
#19 D:/Eureka/EducatioWeb/EducatioWeb_PriSec-main/vendor/laravel/framework/src/Illuminate/Session/Middleware/StartSession.php(146): Illuminate/Session/Store->start()
#20 D:/Eureka/EducatioWeb/EducatioWeb_PriSec-main/vendor/laravel/framework/src/Illuminate/Support/helpers.php(393): Illuminate/Session/Middleware/StartSession->Illuminate/Session/Middleware/{closure}(Object(Illuminate/Session/Store))
#21 D:/Eureka/EducatioWeb/EducatioWeb_PriSec-main/vendor/laravel/framework/src/Illuminate/Session/Middleware/StartSession.php(143): tap(Object(Illuminate/Session/Store), Object(Closure))
#22 D:/Eureka/EducatioWeb/EducatioWeb_PriSec-main/vendor/laravel/framework/src/Illuminate/Session/Middleware/StartSession.php(115): Illuminate/Session/Middleware/StartSession->startSession(Object(Illuminate/Http/Request), Object(Illuminate/Session/Store))
#23 D:/Eureka/EducatioWeb/EducatioWeb_PriSec-main/vendor/laravel/framework/src/Illuminate/Session/Middleware/StartSession.php(63): Illuminate/Session/Middleware/StartSession->handleStatefulRequest(Object(Illuminate/Http/Request), Object(Illuminate/Session/Store), Object(Closure))
#24 D:/Eureka/EducatioWeb/EducatioWeb_PriSec-main/vendor/laravel/framework/src/Illuminate/Pipeline/Pipeline.php(219): Illuminate/Session/Middleware/StartSession->handle(Object(Illuminate/Http/Request), Object(Closure))
#25 D:/Eureka/EducatioWeb/EducatioWeb_PriSec-main/vendor/laravel/framework/src/Illuminate/Cookie/Middleware/AddQueuedCookiesToResponse.php(36): Illuminate/Pipeline/Pipeline->Illuminate/Pipeline/{closure}(Object(Illuminate/Http/Request))
#26 D:/Eureka/EducatioWeb/EducatioWeb_PriSec-main/vendor/laravel/framework/src/Illuminate/Pipeline/Pipeline.php(219): Illuminate/Cookie/Middleware/AddQueuedCookiesToResponse->handle(Object(Illuminate/Http/Request), Object(Closure))
#27 D:/Eureka/EducatioWeb/EducatioWeb_PriSec-main/vendor/laravel/framework/src/Illuminate/Cookie/Middleware/EncryptCookies.php(74): Illuminate/Pipeline/Pipeline->Illuminate/Pipeline/{closure}(Object(Illuminate/Http/Request))
#28 D:/Eureka/EducatioWeb/EducatioWeb_PriSec-main/vendor/laravel/framework/src/Illuminate/Pipeline/Pipeline.php(219): Illuminate/Cookie/Middleware/EncryptCookies->handle(Object(Illuminate/Http/Request), Object(Closure))
#29 D:/Eureka/EducatioWeb/EducatioWeb_PriSec-main/vendor/laravel/framework/src/Illuminate/Pipeline/Pipeline.php(137): Illuminate/Pipeline/Pipeline->Illuminate/Pipeline/{closure}(Object(Illuminate/Http/Request))
#30 D:/Eureka/EducatioWeb/EducatioWeb_PriSec-main/vendor/laravel/framework/src/Illuminate/Routing/Router.php(821): Illuminate/Pipeline/Pipeline->then(Object(Closure))
#31 D:/Eureka/EducatioWeb/EducatioWeb_PriSec-main/vendor/laravel/framework/src/Illuminate/Routing/Router.php(800): Illuminate/Routing/Router->runRouteWithinStack(Object(Illuminate/Routing/Route), Object(Illuminate/Http/Request))
#32 D:/Eureka/EducatioWeb/EducatioWeb_PriSec-main/vendor/laravel/framework/src/Illuminate/Routing/Router.php(764): Illuminate/Routing/Router->runRoute(Object(Illuminate/Http/Request), Object(Illuminate/Routing/Route))
#33 D:/Eureka/EducatioWeb/EducatioWeb_PriSec-main/vendor/laravel/framework/src/Illuminate/Routing/Router.php(753): Illuminate/Routing/Router->dispatchToRoute(Object(Illuminate/Http/Request))
#34 D:/Eureka/EducatioWeb/EducatioWeb_PriSec-main/vendor/laravel/framework/src/Illuminate/Foundation/Http/Kernel.php(200): Illuminate/Routing/Router->dispatch(Object(Illuminate/Http/Request))
#35 D:/Eureka/EducatioWeb/EducatioWeb_PriSec-main/vendor/laravel/framework/src/Illuminate/Pipeline/Pipeline.php(180): Illuminate/Foundation/Http/Kernel->Illuminate/Foundation/Http/{closure}(Object(Illuminate/Http/Request))
#36 D:/Eureka/EducatioWeb/EducatioWeb_PriSec-main/vendor/inertiajs/inertia-laravel/src/Middleware/EnsureGetOnRedirect.php(19): Illuminate/Pipeline/Pipeline->Illuminate/Pipeline/{closure}(Object(Illuminate/Http/Request))
#37 D:/Eureka/EducatioWeb/EducatioWeb_PriSec-main/vendor/laravel/framework/src/Illuminate/Pipeline/Pipeline.php(219): Inertia/Middleware/EnsureGetOnRedirect->handle(Object(Illuminate/Http/Request), Object(Closure))
#38 D:/Eureka/EducatioWeb/EducatioWeb_PriSec-main/vendor/laravel/framework/src/Illuminate/Foundation/Http/Middleware/TransformsRequest.php(21): Illuminate/Pipeline/Pipeline->Illuminate/Pipeline/{closure}(Object(Illuminate/Http/Request))
#39 D:/Eureka/EducatioWeb/EducatioWeb_PriSec-main/vendor/laravel/framework/src/Illuminate/Foundation/Http/Middleware/ConvertEmptyStringsToNull.php(31): Illuminate/Foundation/Http/Middleware/TransformsRequest->handle(Object(Illuminate/Http/Request), Object(Closure))
#40 D:/Eureka/EducatioWeb/EducatioWeb_PriSec-main/vendor/laravel/framework/src/Illuminate/Pipeline/Pipeline.php(219): Illuminate/Foundation/Http/Middleware/ConvertEmptyStringsToNull->handle(Object(Illuminate/Http/Request), Object(Closure))
#41 D:/Eureka/EducatioWeb/EducatioWeb_PriSec-main/vendor/laravel/framework/src/Illuminate/Foundation/Http/Middleware/TransformsRequest.php(21): Illuminate/Pipeline/Pipeline->Illuminate/Pipeline/{closure}(Object(Illuminate/Http/Request))
#42 D:/Eureka/EducatioWeb/EducatioWeb_PriSec-main/vendor/laravel/framework/src/Illuminate/Foundation/Http/Middleware/TrimStrings.php(51): Illuminate/Foundation/Http/Middleware/TransformsRequest->handle(Object(Illuminate/Http/Request), Object(Closure))
#43 D:/Eureka/EducatioWeb/EducatioWeb_PriSec-main/vendor/laravel/framework/src/Illuminate/Pipeline/Pipeline.php(219): Illuminate/Foundation/Http/Middleware/TrimStrings->handle(Object(Illuminate/Http/Request), Object(Closure))
#44 D:/Eureka/EducatioWeb/EducatioWeb_PriSec-main/vendor/laravel/framework/src/Illuminate/Http/Middleware/ValidatePostSize.php(27): Illuminate/Pipeline/Pipeline->Illuminate/Pipeline/{closure}(Object(Illuminate/Http/Request))
#45 D:/Eureka/EducatioWeb/EducatioWeb_PriSec-main/vendor/laravel/framework/src/Illuminate/Pipeline/Pipeline.php(219): Illuminate/Http/Middleware/ValidatePostSize->handle(Object(Illuminate/Http/Request), Object(Closure))
#46 D:/Eureka/EducatioWeb/EducatioWeb_PriSec-main/vendor/laravel/framework/src/Illuminate/Foundation/Http/Middleware/PreventRequestsDuringMaintenance.php(109): Illuminate/Pipeline/Pipeline->Illuminate/Pipeline/{closure}(Object(Illuminate/Http/Request))
#47 D:/Eureka/EducatioWeb/EducatioWeb_PriSec-main/vendor/laravel/framework/src/Illuminate/Pipeline/Pipeline.php(219): Illuminate/Foundation/Http/Middleware/PreventRequestsDuringMaintenance->handle(Object(Illuminate/Http/Request), Object(Closure))
#48 D:/Eureka/EducatioWeb/EducatioWeb_PriSec-main/vendor/laravel/framework/src/Illuminate/Http/Middleware/HandleCors.php(61): Illuminate/Pipeline/Pipeline->Illuminate/Pipeline/{closure}(Object(Illuminate/Http/Request))
#49 D:/Eureka/EducatioWeb/EducatioWeb_PriSec-main/vendor/laravel/framework/src/Illuminate/Pipeline/Pipeline.php(219): Illuminate/Http/Middleware/HandleCors->handle(Object(Illuminate/Http/Request), Object(Closure))
#50 D:/Eureka/EducatioWeb/EducatioWeb_PriSec-main/vendor/laravel/framework/src/Illuminate/Http/Middleware/TrustProxies.php(58): Illuminate/Pipeline/Pipeline->Illuminate/Pipeline/{closure}(Object(Illuminate/Http/Request))
#51 D:/Eureka/EducatioWeb/EducatioWeb_PriSec-main/vendor/laravel/framework/src/Illuminate/Pipeline/Pipeline.php(219): Illuminate/Http/Middleware/TrustProxies->handle(Object(Illuminate/Http/Request), Object(Closure))
#52 D:/Eureka/EducatioWeb/EducatioWeb_PriSec-main/vendor/laravel/framework/src/Illuminate/Foundation/Http/Middleware/InvokeDeferredCallbacks.php(22): Illuminate/Pipeline/Pipeline->Illuminate/Pipeline/{closure}(Object(Illuminate/Http/Request))
#53 D:/Eureka/EducatioWeb/EducatioWeb_PriSec-main/vendor/laravel/framework/src/Illuminate/Pipeline/Pipeline.php(219): Illuminate/Foundation/Http/Middleware/InvokeDeferredCallbacks->handle(Object(Illuminate/Http/Request), Object(Closure))
#54 D:/Eureka/EducatioWeb/EducatioWeb_PriSec-main/vendor/laravel/framework/src/Illuminate/Http/Middleware/ValidatePathEncoding.php(28): Illuminate/Pipeline/Pipeline->Illuminate/Pipeline/{closure}(Object(Illuminate/Http/Request))
#55 D:/Eureka/EducatioWeb/EducatioWeb_PriSec-main/vendor/laravel/framework/src/Illuminate/Pipeline/Pipeline.php(219): Illuminate/Http/Middleware/ValidatePathEncoding->handle(Object(Illuminate/Http/Request), Object(Closure))
#56 D:/Eureka/EducatioWeb/EducatioWeb_PriSec-main/vendor/laravel/framework/src/Illuminate/Pipeline/Pipeline.php(137): Illuminate/Pipeline/Pipeline->Illuminate/Pipeline/{closure}(Object(Illuminate/Http/Request))
#57 D:/Eureka/EducatioWeb/EducatioWeb_PriSec-main/vendor/laravel/framework/src/Illuminate/Foundation/Http/Kernel.php(175): Illuminate/Pipeline/Pipeline->then(Object(Closure))
#58 D:/Eureka/EducatioWeb/EducatioWeb_PriSec-main/vendor/laravel/framework/src/Illuminate/Foundation/Http/Kernel.php(144): Illuminate/Foundation/Http/Kernel->sendRequestThroughRouter(Object(Illuminate/Http/Request))
#59 D:/Eureka/EducatioWeb/EducatioWeb_PriSec-main/vendor/laravel/framework/src/Illuminate/Foundation/Application.php(1220): Illuminate/Foundation/Http/Kernel->handle(Object(Illuminate/Http/Request))
#60 D:/Eureka/EducatioWeb/EducatioWeb_PriSec-main/public/index.php(20): Illuminate/Foundation/Application->handleRequest(Object(Illuminate/Http/Request))
#61 D:/Eureka/EducatioWeb/EducatioWeb_PriSec-main/vendor/laravel/framework/src/Illuminate/Foundation/resources/server.php(23): require_once('D://Eureka//Educa...')
#62 {main}
"} 
[2026-07-29 08:47:52] local.ERROR: SQLSTATE[HY000] [2002] No se puede establecer una conexión ya que el equipo de destino denegó expresamente dicha conexión (Connection: mariadb, Host: 127.0.0.1, Port: 3306, Database: educatioweb01db, SQL: select * from `cache` where `key` in (eureframework-cache-illuminate:queue:paused:database:default)) {"exception":"[object] (Illuminate\\Database\\QueryException(code: 2002): SQLSTATE[HY000] [2002] No se puede establecer una conexión ya que el equipo de destino denegó expresamente dicha conexión (Connection: mariadb, Host: 127.0.0.1, Port: 3306, Database: educatioweb01db, SQL: select * from `cache` where `key` in (eureframework-cache-illuminate:queue:paused:database:default)) at D:/Eureka/EducatioWeb/EducatioWeb_PriSec-main/vendor/laravel/framework/src/Illuminate/Database/Connection.php:841)
[stacktrace]
#0 D:/Eureka/EducatioWeb/EducatioWeb_PriSec-main/vendor/laravel/framework/src/Illuminate/Database/Connection.php(797): Illuminate/Database/Connection->runQueryCallback('select * from `...', Array, Object(Closure))
#1 D:/Eureka/EducatioWeb/EducatioWeb_PriSec-main/vendor/laravel/framework/src/Illuminate/Database/Connection.php(412): Illuminate/Database/Connection->run('select * from `...', Array, Object(Closure))
#2 D:/Eureka/EducatioWeb/EducatioWeb_PriSec-main/vendor/laravel/framework/src/Illuminate/Database/Query/Builder.php(3567): Illuminate/Database/Connection->select('select * from `...', Array, true, Array)
#3 D:/Eureka/EducatioWeb/EducatioWeb_PriSec-main/vendor/laravel/framework/src/Illuminate/Database/Query/Builder.php(3551): Illuminate/Database/Query/Builder->runSelect()
#4 D:/Eureka/EducatioWeb/EducatioWeb_PriSec-main/vendor/laravel/framework/src/Illuminate/Cache/DatabaseStore.php(142): Illuminate/Database/Query/Builder->get()
#5 D:/Eureka/EducatioWeb/EducatioWeb_PriSec-main/vendor/laravel/framework/src/Illuminate/Cache/Repository.php(160): Illuminate/Cache/DatabaseStore->many(Array)
#6 D:/Eureka/EducatioWeb/EducatioWeb_PriSec-main/vendor/laravel/framework/src/Illuminate/Queue/QueueManager.php(298): Illuminate/Cache/Repository->many(Array)
#7 D:/Eureka/EducatioWeb/EducatioWeb_PriSec-main/vendor/laravel/framework/src/Illuminate/Queue/Worker.php(483): Illuminate/Queue/QueueManager->getPausedQueues('database', Array)
#8 D:/Eureka/EducatioWeb/EducatioWeb_PriSec-main/vendor/laravel/framework/src/Illuminate/Queue/Worker.php(444): Illuminate/Queue/Worker->getPausedQueues('database', Array)
#9 D:/Eureka/EducatioWeb/EducatioWeb_PriSec-main/vendor/laravel/framework/src/Illuminate/Queue/Worker.php(404): Illuminate/Queue/Worker->getNextJob(Object(Illuminate/Queue/DatabaseQueue), 'default')
#10 D:/Eureka/EducatioWeb/EducatioWeb_PriSec-main/vendor/laravel/framework/src/Illuminate/Queue/Console/WorkCommand.php(149): Illuminate/Queue/Worker->runNextJob('database', 'default', Object(Illuminate/Queue/WorkerOptions))
#11 D:/Eureka/EducatioWeb/EducatioWeb_PriSec-main/vendor/laravel/framework/src/Illuminate/Queue/Console/WorkCommand.php(132): Illuminate/Queue/Console/WorkCommand->runWorker('database', 'default')
#12 D:/Eureka/EducatioWeb/EducatioWeb_PriSec-main/vendor/laravel/framework/src/Illuminate/Container/BoundMethod.php(36): Illuminate/Queue/Console/WorkCommand->handle()
#13 D:/Eureka/EducatioWeb/EducatioWeb_PriSec-main/vendor/laravel/framework/src/Illuminate/Container/Util.php(43): Illuminate/Container/BoundMethod::Illuminate/Container/{closure}()
#14 D:/Eureka/EducatioWeb/EducatioWeb_PriSec-main/vendor/laravel/framework/src/Illuminate/Container/BoundMethod.php(96): Illuminate/Container/Util::unwrapIfClosure(Object(Closure))
#15 D:/Eureka/EducatioWeb/EducatioWeb_PriSec-main/vendor/laravel/framework/src/Illuminate/Container/BoundMethod.php(35): Illuminate/Container/BoundMethod::callBoundMethod(Object(Illuminate/Foundation/Application), Array, Object(Closure))
#16 D:/Eureka/EducatioWeb/EducatioWeb_PriSec-main/vendor/laravel/framework/src/Illuminate/Container/Container.php(799): Illuminate/Container/BoundMethod::call(Object(Illuminate/Foundation/Application), Array, Array, NULL)
#17 D:/Eureka/EducatioWeb/EducatioWeb_PriSec-main/vendor/laravel/framework/src/Illuminate/Console/Command.php(280): Illuminate/Container/Container->call(Array)
#18 D:/Eureka/EducatioWeb/EducatioWeb_PriSec-main/vendor/symfony/console/Command/Command.php(341): Illuminate/Console/Command->execute(Object(Symfony/Component/Console/Input/ArgvInput), Object(Illuminate/Console/OutputStyle))
#19 D:/Eureka/EducatioWeb/EducatioWeb_PriSec-main/vendor/laravel/framework/src/Illuminate/Console/Command.php(249): Symfony/Component/Console/Command/Command->run(Object(Symfony/Component/Console/Input/ArgvInput), Object(Illuminate/Console/OutputStyle))
#20 D:/Eureka/EducatioWeb/EducatioWeb_PriSec-main/vendor/symfony/console/Application.php(1117): Illuminate/Console/Command->run(Object(Symfony/Component/Console/Input/ArgvInput), Object(Symfony/Component/Console/Output/ConsoleOutput))
#21 D:/Eureka/EducatioWeb/EducatioWeb_PriSec-main/vendor/symfony/console/Application.php(356): Symfony/Component/Console/Application->doRunCommand(Object(Illuminate/Queue/Console/WorkCommand), Object(Symfony/Component/Console/Input/ArgvInput), Object(Symfony/Component/Console/Output/ConsoleOutput))
#22 D:/Eureka/EducatioWeb/EducatioWeb_PriSec-main/vendor/symfony/console/Application.php(195): Symfony/Component/Console/Application->doRun(Object(Symfony/Component/Console/Input/ArgvInput), Object(Symfony/Component/Console/Output/ConsoleOutput))
#23 D:/Eureka/EducatioWeb/EducatioWeb_PriSec-main/vendor/laravel/framework/src/Illuminate/Foundation/Console/Kernel.php(198): Symfony/Component/Console/Application->run(Object(Symfony/Component/Console/Input/ArgvInput), Object(Symfony/Component/Console/Output/ConsoleOutput))
#24 D:/Eureka/EducatioWeb/EducatioWeb_PriSec-main/vendor/laravel/framework/src/Illuminate/Foundation/Application.php(1235): Illuminate/Foundation/Console/Kernel->handle(Object(Symfony/Component/Console/Input/ArgvInput), Object(Symfony/Component/Console/Output/ConsoleOutput))
#25 D:/Eureka/EducatioWeb/EducatioWeb_PriSec-main/artisan(16): Illuminate/Foundation/Application->handleCommand(Object(Symfony/Component/Console/Input/ArgvInput))
#26 {main}

[previous exception] [object] (PDOException(code: 2002): SQLSTATE[HY000] [2002] No se puede establecer una conexión ya que el equipo de destino denegó expresamente dicha conexión at D:/Eureka/EducatioWeb/EducatioWeb_PriSec-main/vendor/laravel/framework/src/Illuminate/Database/Connectors/Connector.php:66)
[stacktrace]
#0 D:/Eureka/EducatioWeb/EducatioWeb_PriSec-main/vendor/laravel/framework/src/Illuminate/Database/Connectors/Connector.php(66): PDO->__construct('mysql:host=127....', 'root', Object(SensitiveParameterValue), Array)
#1 D:/Eureka/EducatioWeb/EducatioWeb_PriSec-main/vendor/laravel/framework/src/Illuminate/Database/Connectors/Connector.php(44): Illuminate/Database/Connectors/Connector->createPdoConnection('mysql:host=127....', 'root', Object(SensitiveParameterValue), Array)
#2 D:/Eureka/EducatioWeb/EducatioWeb_PriSec-main/vendor/laravel/framework/src/Illuminate/Database/Connectors/MySqlConnector.php(24): Illuminate/Database/Connectors/Connector->createConnection('mysql:host=127....', Array, Array)
#3 D:/Eureka/EducatioWeb/EducatioWeb_PriSec-main/vendor/laravel/framework/src/Illuminate/Database/Connectors/ConnectionFactory.php(188): Illuminate/Database/Connectors/MySqlConnector->connect(Array)
#4 [internal function]: Illuminate/Database/Connectors/ConnectionFactory->Illuminate/Database/Connectors/{closure}()
#5 D:/Eureka/EducatioWeb/EducatioWeb_PriSec-main/vendor/laravel/framework/src/Illuminate/Database/Connection.php(1279): call_user_func(Object(Closure))
#6 D:/Eureka/EducatioWeb/EducatioWeb_PriSec-main/vendor/laravel/framework/src/Illuminate/Database/Connection.php(1317): Illuminate/Database/Connection->getPdo()
#7 D:/Eureka/EducatioWeb/EducatioWeb_PriSec-main/vendor/laravel/framework/src/Illuminate/Database/Connection.php(528): Illuminate/Database/Connection->getReadPdo()
#8 D:/Eureka/EducatioWeb/EducatioWeb_PriSec-main/vendor/laravel/framework/src/Illuminate/Database/Connection.php(421): Illuminate/Database/Connection->getPdoForSelect(true)
#9 D:/Eureka/EducatioWeb/EducatioWeb_PriSec-main/vendor/laravel/framework/src/Illuminate/Database/Connection.php(830): Illuminate/Database/Connection->Illuminate/Database/{closure}('select * from `...', Array)
#10 D:/Eureka/EducatioWeb/EducatioWeb_PriSec-main/vendor/laravel/framework/src/Illuminate/Database/Connection.php(797): Illuminate/Database/Connection->runQueryCallback('select * from `...', Array, Object(Closure))
#11 D:/Eureka/EducatioWeb/EducatioWeb_PriSec-main/vendor/laravel/framework/src/Illuminate/Database/Connection.php(412): Illuminate/Database/Connection->run('select * from `...', Array, Object(Closure))
#12 D:/Eureka/EducatioWeb/EducatioWeb_PriSec-main/vendor/laravel/framework/src/Illuminate/Database/Query/Builder.php(3567): Illuminate/Database/Connection->select('select * from `...', Array, true, Array)
#13 D:/Eureka/EducatioWeb/EducatioWeb_PriSec-main/vendor/laravel/framework/src/Illuminate/Database/Query/Builder.php(3551): Illuminate/Database/Query/Builder->runSelect()
#14 D:/Eureka/EducatioWeb/EducatioWeb_PriSec-main/vendor/laravel/framework/src/Illuminate/Cache/DatabaseStore.php(142): Illuminate/Database/Query/Builder->get()
#15 D:/Eureka/EducatioWeb/EducatioWeb_PriSec-main/vendor/laravel/framework/src/Illuminate/Cache/Repository.php(160): Illuminate/Cache/DatabaseStore->many(Array)
#16 D:/Eureka/EducatioWeb/EducatioWeb_PriSec-main/vendor/laravel/framework/src/Illuminate/Queue/QueueManager.php(298): Illuminate/Cache/Repository->many(Array)
#17 D:/Eureka/EducatioWeb/EducatioWeb_PriSec-main/vendor/laravel/framework/src/Illuminate/Queue/Worker.php(483): Illuminate/Queue/QueueManager->getPausedQueues('database', Array)
#18 D:/Eureka/EducatioWeb/EducatioWeb_PriSec-main/vendor/laravel/framework/src/Illuminate/Queue/Worker.php(444): Illuminate/Queue/Worker->getPausedQueues('database', Array)
#19 D:/Eureka/EducatioWeb/EducatioWeb_PriSec-main/vendor/laravel/framework/src/Illuminate/Queue/Worker.php(404): Illuminate/Queue/Worker->getNextJob(Object(Illuminate/Queue/DatabaseQueue), 'default')
#20 D:/Eureka/EducatioWeb/EducatioWeb_PriSec-main/vendor/laravel/framework/src/Illuminate/Queue/Console/WorkCommand.php(149): Illuminate/Queue/Worker->runNextJob('database', 'default', Object(Illuminate/Queue/WorkerOptions))
#21 D:/Eureka/EducatioWeb/EducatioWeb_PriSec-main/vendor/laravel/framework/src/Illuminate/Queue/Console/WorkCommand.php(132): Illuminate/Queue/Console/WorkCommand->runWorker('database', 'default')
#22 D:/Eureka/EducatioWeb/EducatioWeb_PriSec-main/vendor/laravel/framework/src/Illuminate/Container/BoundMethod.php(36): Illuminate/Queue/Console/WorkCommand->handle()
#23 D:/Eureka/EducatioWeb/EducatioWeb_PriSec-main/vendor/laravel/framework/src/Illuminate/Container/Util.php(43): Illuminate/Container/BoundMethod::Illuminate/Container/{closure}()
#24 D:/Eureka/EducatioWeb/EducatioWeb_PriSec-main/vendor/laravel/framework/src/Illuminate/Container/BoundMethod.php(96): Illuminate/Container/Util::unwrapIfClosure(Object(Closure))
#25 D:/Eureka/EducatioWeb/EducatioWeb_PriSec-main/vendor/laravel/framework/src/Illuminate/Container/BoundMethod.php(35): Illuminate/Container/BoundMethod::callBoundMethod(Object(Illuminate/Foundation/Application), Array, Object(Closure))
#26 D:/Eureka/EducatioWeb/EducatioWeb_PriSec-main/vendor/laravel/framework/src/Illuminate/Container/Container.php(799): Illuminate/Container/BoundMethod::call(Object(Illuminate/Foundation/Application), Array, Array, NULL)
#27 D:/Eureka/EducatioWeb/EducatioWeb_PriSec-main/vendor/laravel/framework/src/Illuminate/Console/Command.php(280): Illuminate/Container/Container->call(Array)
#28 D:/Eureka/EducatioWeb/EducatioWeb_PriSec-main/vendor/symfony/console/Command/Command.php(341): Illuminate/Console/Command->execute(Object(Symfony/Component/Console/Input/ArgvInput), Object(Illuminate/Console/OutputStyle))
#29 D:/Eureka/EducatioWeb/EducatioWeb_PriSec-main/vendor/laravel/framework/src/Illuminate/Console/Command.php(249): Symfony/Component/Console/Command/Command->run(Object(Symfony/Component/Console/Input/ArgvInput), Object(Illuminate/Console/OutputStyle))
#30 D:/Eureka/EducatioWeb/EducatioWeb_PriSec-main/vendor/symfony/console/Application.php(1117): Illuminate/Console/Command->run(Object(Symfony/Component/Console/Input/ArgvInput), Object(Symfony/Component/Console/Output/ConsoleOutput))
#31 D:/Eureka/EducatioWeb/EducatioWeb_PriSec-main/vendor/symfony/console/Application.php(356): Symfony/Component/Console/Application->doRunCommand(Object(Illuminate/Queue/Console/WorkCommand), Object(Symfony/Component/Console/Input/ArgvInput), Object(Symfony/Component/Console/Output/ConsoleOutput))
#32 D:/Eureka/EducatioWeb/EducatioWeb_PriSec-main/vendor/symfony/console/Application.php(195): Symfony/Component/Console/Application->doRun(Object(Symfony/Component/Console/Input/ArgvInput), Object(Symfony/Component/Console/Output/ConsoleOutput))
#33 D:/Eureka/EducatioWeb/EducatioWeb_PriSec-main/vendor/laravel/framework/src/Illuminate/Foundation/Console/Kernel.php(198): Symfony/Component/Console/Application->run(Object(Symfony/Component/Console/Input/ArgvInput), Object(Symfony/Component/Console/Output/ConsoleOutput))
#34 D:/Eureka/EducatioWeb/EducatioWeb_PriSec-main/vendor/laravel/framework/src/Illuminate/Foundation/Application.php(1235): Illuminate/Foundation/Console/Kernel->handle(Object(Symfony/Component/Console/Input/ArgvInput), Object(Symfony/Component/Console/Output/ConsoleOutput))
#35 D:/Eureka/EducatioWeb/EducatioWeb_PriSec-main/artisan(16): Illuminate/Foundation/Application->handleCommand(Object(Symfony/Component/Console/Input/ArgvInput))
#36 {main}
"} 
[2026-07-29 08:47:58] local.ERROR: SQLSTATE[HY000] [2002] No se puede establecer una conexión ya que el equipo de destino denegó expresamente dicha conexión (Connection: mariadb, Host: 127.0.0.1, Port: 3306, Database: educatioweb01db, SQL: select * from `cache` where `key` in (eureframework-cache-illuminate:queue:paused:database:default)) {"exception":"[object] (Illuminate\\Database\\QueryException(code: 2002): SQLSTATE[HY000] [2002] No se puede establecer una conexión ya que el equipo de destino denegó expresamente dicha conexión (Connection: mariadb, Host: 127.0.0.1, Port: 3306, Database: educatioweb01db, SQL: select * from `cache` where `key` in (eureframework-cache-illuminate:queue:paused:database:default)) at D:/Eureka/EducatioWeb/EducatioWeb_PriSec-main/vendor/laravel/framework/src/Illuminate/Database/Connection.php:841)
[stacktrace]
#0 D:/Eureka/EducatioWeb/EducatioWeb_PriSec-main/vendor/laravel/framework/src/Illuminate/Database/Connection.php(797): Illuminate/Database/Connection->runQueryCallback('select * from `...', Array, Object(Closure))
#1 D:/Eureka/EducatioWeb/EducatioWeb_PriSec-main/vendor/laravel/framework/src/Illuminate/Database/Connection.php(412): Illuminate/Database/Connection->run('select * from `...', Array, Object(Closure))
#2 D:/Eureka/EducatioWeb/EducatioWeb_PriSec-main/vendor/laravel/framework/src/Illuminate/Database/Query/Builder.php(3567): Illuminate/Database/Connection->select('select * from `...', Array, true, Array)
#3 D:/Eureka/EducatioWeb/EducatioWeb_PriSec-main/vendor/laravel/framework/src/Illuminate/Database/Query/Builder.php(3551): Illuminate/Database/Query/Builder->runSelect()
#4 D:/Eureka/EducatioWeb/EducatioWeb_PriSec-main/vendor/laravel/framework/src/Illuminate/Cache/DatabaseStore.php(142): Illuminate/Database/Query/Builder->get()
#5 D:/Eureka/EducatioWeb/EducatioWeb_PriSec-main/vendor/laravel/framework/src/Illuminate/Cache/Repository.php(160): Illuminate/Cache/DatabaseStore->many(Array)
#6 D:/Eureka/EducatioWeb/EducatioWeb_PriSec-main/vendor/laravel/framework/src/Illuminate/Queue/QueueManager.php(298): Illuminate/Cache/Repository->many(Array)
#7 D:/Eureka/EducatioWeb/EducatioWeb_PriSec-main/vendor/laravel/framework/src/Illuminate/Queue/Worker.php(483): Illuminate/Queue/QueueManager->getPausedQueues('database', Array)
#8 D:/Eureka/EducatioWeb/EducatioWeb_PriSec-main/vendor/laravel/framework/src/Illuminate/Queue/Worker.php(444): Illuminate/Queue/Worker->getPausedQueues('database', Array)
#9 D:/Eureka/EducatioWeb/EducatioWeb_PriSec-main/vendor/laravel/framework/src/Illuminate/Queue/Worker.php(404): Illuminate/Queue/Worker->getNextJob(Object(Illuminate/Queue/DatabaseQueue), 'default')
#10 D:/Eureka/EducatioWeb/EducatioWeb_PriSec-main/vendor/laravel/framework/src/Illuminate/Queue/Console/WorkCommand.php(149): Illuminate/Queue/Worker->runNextJob('database', 'default', Object(Illuminate/Queue/WorkerOptions))
#11 D:/Eureka/EducatioWeb/EducatioWeb_PriSec-main/vendor/laravel/framework/src/Illuminate/Queue/Console/WorkCommand.php(132): Illuminate/Queue/Console/WorkCommand->runWorker('database', 'default')
#12 D:/Eureka/EducatioWeb/EducatioWeb_PriSec-main/vendor/laravel/framework/src/Illuminate/Container/BoundMethod.php(36): Illuminate/Queue/Console/WorkCommand->handle()
#13 D:/Eureka/EducatioWeb/EducatioWeb_PriSec-main/vendor/laravel/framework/src/Illuminate/Container/Util.php(43): Illuminate/Container/BoundMethod::Illuminate/Container/{closure}()
#14 D:/Eureka/EducatioWeb/EducatioWeb_PriSec-main/vendor/laravel/framework/src/Illuminate/Container/BoundMethod.php(96): Illuminate/Container/Util::unwrapIfClosure(Object(Closure))
#15 D:/Eureka/EducatioWeb/EducatioWeb_PriSec-main/vendor/laravel/framework/src/Illuminate/Container/BoundMethod.php(35): Illuminate/Container/BoundMethod::callBoundMethod(Object(Illuminate/Foundation/Application), Array, Object(Closure))
#16 D:/Eureka/EducatioWeb/EducatioWeb_PriSec-main/vendor/laravel/framework/src/Illuminate/Container/Container.php(799): Illuminate/Container/BoundMethod::call(Object(Illuminate/Foundation/Application), Array, Array, NULL)
#17 D:/Eureka/EducatioWeb/EducatioWeb_PriSec-main/vendor/laravel/framework/src/Illuminate/Console/Command.php(280): Illuminate/Container/Container->call(Array)
#18 D:/Eureka/EducatioWeb/EducatioWeb_PriSec-main/vendor/symfony/console/Command/Command.php(341): Illuminate/Console/Command->execute(Object(Symfony/Component/Console/Input/ArgvInput), Object(Illuminate/Console/OutputStyle))
#19 D:/Eureka/EducatioWeb/EducatioWeb_PriSec-main/vendor/laravel/framework/src/Illuminate/Console/Command.php(249): Symfony/Component/Console/Command/Command->run(Object(Symfony/Component/Console/Input/ArgvInput), Object(Illuminate/Console/OutputStyle))
#20 D:/Eureka/EducatioWeb/EducatioWeb_PriSec-main/vendor/symfony/console/Application.php(1117): Illuminate/Console/Command->run(Object(Symfony/Component/Console/Input/ArgvInput), Object(Symfony/Component/Console/Output/ConsoleOutput))
#21 D:/Eureka/EducatioWeb/EducatioWeb_PriSec-main/vendor/symfony/console/Application.php(356): Symfony/Component/Console/Application->doRunCommand(Object(Illuminate/Queue/Console/WorkCommand), Object(Symfony/Component/Console/Input/ArgvInput), Object(Symfony/Component/Console/Output/ConsoleOutput))
#22 D:/Eureka/EducatioWeb/EducatioWeb_PriSec-main/vendor/symfony/console/Application.php(195): Symfony/Component/Console/Application->doRun(Object(Symfony/Component/Console/Input/ArgvInput), Object(Symfony/Component/Console/Output/ConsoleOutput))
#23 D:/Eureka/EducatioWeb/EducatioWeb_PriSec-main/vendor/laravel/framework/src/Illuminate/Foundation/Console/Kernel.php(198): Symfony/Component/Console/Application->run(Object(Symfony/Component/Console/Input/ArgvInput), Object(Symfony/Component/Console/Output/ConsoleOutput))
#24 D:/Eureka/EducatioWeb/EducatioWeb_PriSec-main/vendor/laravel/framework/src/Illuminate/Foundation/Application.php(1235): Illuminate/Foundation/Console/Kernel->handle(Object(Symfony/Component/Console/Input/ArgvInput), Object(Symfony/Component/Console/Output/ConsoleOutput))
#25 D:/Eureka/EducatioWeb/EducatioWeb_PriSec-main/artisan(16): Illuminate/Foundation/Application->handleCommand(Object(Symfony/Component/Console/Input/ArgvInput))
#26 {main}

[previous exception] [object] (PDOException(code: 2002): SQLSTATE[HY000] [2002] No se puede establecer una conexión ya que el equipo de destino denegó expresamente dicha conexión at D:/Eureka/EducatioWeb/EducatioWeb_PriSec-main/vendor/laravel/framework/src/Illuminate/Database/Connectors/Connector.php:66)
[stacktrace]
#0 D:/Eureka/EducatioWeb/EducatioWeb_PriSec-main/vendor/laravel/framework/src/Illuminate/Database/Connectors/Connector.php(66): PDO->__construct('mysql:host=127....', 'root', Object(SensitiveParameterValue), Array)
#1 D:/Eureka/EducatioWeb/EducatioWeb_PriSec-main/vendor/laravel/framework/src/Illuminate/Database/Connectors/Connector.php(44): Illuminate/Database/Connectors/Connector->createPdoConnection('mysql:host=127....', 'root', Object(SensitiveParameterValue), Array)
#2 D:/Eureka/EducatioWeb/EducatioWeb_PriSec-main/vendor/laravel/framework/src/Illuminate/Database/Connectors/MySqlConnector.php(24): Illuminate/Database/Connectors/Connector->createConnection('mysql:host=127....', Array, Array)
#3 D:/Eureka/EducatioWeb/EducatioWeb_PriSec-main/vendor/laravel/framework/src/Illuminate/Database/Connectors/ConnectionFactory.php(188): Illuminate/Database/Connectors/MySqlConnector->connect(Array)
#4 [internal function]: Illuminate/Database/Connectors/ConnectionFactory->Illuminate/Database/Connectors/{closure}()
#5 D:/Eureka/EducatioWeb/EducatioWeb_PriSec-main/vendor/laravel/framework/src/Illuminate/Database/Connection.php(1279): call_user_func(Object(Closure))
#6 D:/Eureka/EducatioWeb/EducatioWeb_PriSec-main/vendor/laravel/framework/src/Illuminate/Database/Connection.php(1317): Illuminate/Database/Connection->getPdo()
#7 D:/Eureka/EducatioWeb/EducatioWeb_PriSec-main/vendor/laravel/framework/src/Illuminate/Database/Connection.php(528): Illuminate/Database/Connection->getReadPdo()
#8 D:/Eureka/EducatioWeb/EducatioWeb_PriSec-main/vendor/laravel/framework/src/Illuminate/Database/Connection.php(421): Illuminate/Database/Connection->getPdoForSelect(true)
#9 D:/Eureka/EducatioWeb/EducatioWeb_PriSec-main/vendor/laravel/framework/src/Illuminate/Database/Connection.php(830): Illuminate/Database/Connection->Illuminate/Database/{closure}('select * from `...', Array)
#10 D:/Eureka/EducatioWeb/EducatioWeb_PriSec-main/vendor/laravel/framework/src/Illuminate/Database/Connection.php(797): Illuminate/Database/Connection->runQueryCallback('select * from `...', Array, Object(Closure))
#11 D:/Eureka/EducatioWeb/EducatioWeb_PriSec-main/vendor/laravel/framework/src/Illuminate/Database/Connection.php(412): Illuminate/Database/Connection->run('select * from `...', Array, Object(Closure))
#12 D:/Eureka/EducatioWeb/EducatioWeb_PriSec-main/vendor/laravel/framework/src/Illuminate/Database/Query/Builder.php(3567): Illuminate/Database/Connection->select('select * from `...', Array, true, Array)
#13 D:/Eureka/EducatioWeb/EducatioWeb_PriSec-main/vendor/laravel/framework/src/Illuminate/Database/Query/Builder.php(3551): Illuminate/Database/Query/Builder->runSelect()
#14 D:/Eureka/EducatioWeb/EducatioWeb_PriSec-main/vendor/laravel/framework/src/Illuminate/Cache/DatabaseStore.php(142): Illuminate/Database/Query/Builder->get()
#15 D:/Eureka/EducatioWeb/EducatioWeb_PriSec-main/vendor/laravel/framework/src/Illuminate/Cache/Repository.php(160): Illuminate/Cache/DatabaseStore->many(Array)
#16 D:/Eureka/EducatioWeb/EducatioWeb_PriSec-main/vendor/laravel/framework/src/Illuminate/Queue/QueueManager.php(298): Illuminate/Cache/Repository->many(Array)
#17 D:/Eureka/EducatioWeb/EducatioWeb_PriSec-main/vendor/laravel/framework/src/Illuminate/Queue/Worker.php(483): Illuminate/Queue/QueueManager->getPausedQueues('database', Array)
#18 D:/Eureka/EducatioWeb/EducatioWeb_PriSec-main/vendor/laravel/framework/src/Illuminate/Queue/Worker.php(444): Illuminate/Queue/Worker->getPausedQueues('database', Array)
#19 D:/Eureka/EducatioWeb/EducatioWeb_PriSec-main/vendor/laravel/framework/src/Illuminate/Queue/Worker.php(404): Illuminate/Queue/Worker->getNextJob(Object(Illuminate/Queue/DatabaseQueue), 'default')
#20 D:/Eureka/EducatioWeb/EducatioWeb_PriSec-main/vendor/laravel/framework/src/Illuminate/Queue/Console/WorkCommand.php(149): Illuminate/Queue/Worker->runNextJob('database', 'default', Object(Illuminate/Queue/WorkerOptions))
#21 D:/Eureka/EducatioWeb/EducatioWeb_PriSec-main/vendor/laravel/framework/src/Illuminate/Queue/Console/WorkCommand.php(132): Illuminate/Queue/Console/WorkCommand->runWorker('database', 'default')
#22 D:/Eureka/EducatioWeb/EducatioWeb_PriSec-main/vendor/laravel/framework/src/Illuminate/Container/BoundMethod.php(36): Illuminate/Queue/Console/WorkCommand->handle()
#23 D:/Eureka/EducatioWeb/EducatioWeb_PriSec-main/vendor/laravel/framework/src/Illuminate/Container/Util.php(43): Illuminate/Container/BoundMethod::Illuminate/Container/{closure}()
#24 D:/Eureka/EducatioWeb/EducatioWeb_PriSec-main/vendor/laravel/framework/src/Illuminate/Container/BoundMethod.php(96): Illuminate/Container/Util::unwrapIfClosure(Object(Closure))
#25 D:/Eureka/EducatioWeb/EducatioWeb_PriSec-main/vendor/laravel/framework/src/Illuminate/Container/BoundMethod.php(35): Illuminate/Container/BoundMethod::callBoundMethod(Object(Illuminate/Foundation/Application), Array, Object(Closure))
#26 D:/Eureka/EducatioWeb/EducatioWeb_PriSec-main/vendor/laravel/framework/src/Illuminate/Container/Container.php(799): Illuminate/Container/BoundMethod::call(Object(Illuminate/Foundation/Application), Array, Array, NULL)
#27 D:/Eureka/EducatioWeb/EducatioWeb_PriSec-main/vendor/laravel/framework/src/Illuminate/Console/Command.php(280): Illuminate/Container/Container->call(Array)
#28 D:/Eureka/EducatioWeb/EducatioWeb_PriSec-main/vendor/symfony/console/Command/Command.php(341): Illuminate/Console/Command->execute(Object(Symfony/Component/Console/Input/ArgvInput), Object(Illuminate/Console/OutputStyle))
#29 D:/Eureka/EducatioWeb/EducatioWeb_PriSec-main/vendor/laravel/framework/src/Illuminate/Console/Command.php(249): Symfony/Component/Console/Command/Command->run(Object(Symfony/Component/Console/Input/ArgvInput), Object(Illuminate/Console/OutputStyle))
#30 D:/Eureka/EducatioWeb/EducatioWeb_PriSec-main/vendor/symfony/console/Application.php(1117): Illuminate/Console/Command->run(Object(Symfony/Component/Console/Input/ArgvInput), Object(Symfony/Component/Console/Output/ConsoleOutput))
#31 D:/Eureka/EducatioWeb/EducatioWeb_PriSec-main/vendor/symfony/console/Application.php(356): Symfony/Component/Console/Application->doRunCommand(Object(Illuminate/Queue/Console/WorkCommand), Object(Symfony/Component/Console/Input/ArgvInput), Object(Symfony/Component/Console/Output/ConsoleOutput))
#32 D:/Eureka/EducatioWeb/EducatioWeb_PriSec-main/vendor/symfony/console/Application.php(195): Symfony/Component/Console/Application->doRun(Object(Symfony/Component/Console/Input/ArgvInput), Object(Symfony/Component/Console/Output/ConsoleOutput))
#33 D:/Eureka/EducatioWeb/EducatioWeb_PriSec-main/vendor/laravel/framework/src/Illuminate/Foundation/Console/Kernel.php(198): Symfony/Component/Console/Application->run(Object(Symfony/Component/Console/Input/ArgvInput), Object(Symfony/Component/Console/Output/ConsoleOutput))
#34 D:/Eureka/EducatioWeb/EducatioWeb_PriSec-main/vendor/laravel/framework/src/Illuminate/Foundation/Application.php(1235): Illuminate/Foundation/Console/Kernel->handle(Object(Symfony/Component/Console/Input/ArgvInput), Object(Symfony/Component/Console/Output/ConsoleOutput))
#35 D:/Eureka/EducatioWeb/EducatioWeb_PriSec-main/artisan(16): Illuminate/Foundation/Application->handleCommand(Object(Symfony/Component/Console/Input/ArgvInput))
#36 {main}
"} 
[2026-07-30 08:20:32] local.ERROR: There are no commands defined in the "laravel" namespace. {"exception":"[object] (Symfony\\Component\\Console\\Exception\\NamespaceNotFoundException(code: 0): There are no commands defined in the \"laravel\" namespace. at D:/Eureka/EducatioWeb/EducatioWeb_PriSec-main/vendor/symfony/console/Application.php:694)
[stacktrace]
#0 D:/Eureka/EducatioWeb/EducatioWeb_PriSec-main/vendor/symfony/console/Application.php(743): Symfony/Component/Console/Application->findNamespace('laravel')
#1 D:/Eureka/EducatioWeb/EducatioWeb_PriSec-main/vendor/symfony/console/Application.php(298): Symfony/Component/Console/Application->find('laravel:boost')
#2 D:/Eureka/EducatioWeb/EducatioWeb_PriSec-main/vendor/symfony/console/Application.php(195): Symfony/Component/Console/Application->doRun(Object(Symfony/Component/Console/Input/ArgvInput), Object(Symfony/Component/Console/Output/ConsoleOutput))
#3 D:/Eureka/EducatioWeb/EducatioWeb_PriSec-main/vendor/laravel/framework/src/Illuminate/Foundation/Console/Kernel.php(198): Symfony/Component/Console/Application->run(Object(Symfony/Component/Console/Input/ArgvInput), Object(Symfony/Component/Console/Output/ConsoleOutput))
#4 D:/Eureka/EducatioWeb/EducatioWeb_PriSec-main/vendor/laravel/framework/src/Illuminate/Foundation/Application.php(1235): Illuminate/Foundation/Console/Kernel->handle(Object(Symfony/Component/Console/Input/ArgvInput), Object(Symfony/Component/Console/Output/ConsoleOutput))
#5 D:/Eureka/EducatioWeb/EducatioWeb_PriSec-main/artisan(16): Illuminate/Foundation/Application->handleCommand(Object(Symfony/Component/Console/Input/ArgvInput))
#6 {main}
"} 
